/* Generated by tools/gen_battle_data.py. Do not edit. */

#include "battle.h"
#include "battle_anim.h"

const u8 Move_NONE[] = {
    
};

const u8 Move_MIRROR_MOVE[] = {
    
};

const u8 Move_POUND[] = {
    0x00, 0x97, 0x27, 0x0a, 0x01, 0x0c, 0x0c, 0x08, 0x19, 0x7f, 0x00, 0x3f, 0x02, 0x5d, 0x01, 0x00, 0x00, 0x82, 0x02, 0xff, 0x00, 0x00, 0x03, 0x5e, 0x01, 0x00, 0x00, 0x02, 0xff, 0x01, 0x00, 0x05, 0x0b, 0x01, 0x0d, 0x08
};

const u8 Move_DOUBLE_SLAP[] = {
    0x00, 0x97, 0x27, 0x0a, 0x01, 0x0c, 0x0c, 0x08, 0x11, 0x5f, 0x01, 0x00, 0x00, 0x60, 0x01, 0x00, 0x00
};

const u8 DoubleSlapContinue[] = {
    0x03, 0x5e, 0x01, 0x00, 0x00, 0x02, 0xff, 0x01, 0x00, 0x19, 0x7f, 0x00, 0x3f, 0x05, 0x0b, 0x01, 0x0d, 0x08
};

const u8 DoubleSlapLeft[] = {
    0x02, 0x5d, 0x01, 0x00, 0x00, 0x82, 0x02, 0xff, 0xf8, 0xff, 0x13, 0x61, 0x01, 0x00, 0x00
};

const u8 DoubleSlapRight[] = {
    0x02, 0x5d, 0x01, 0x00, 0x00, 0x82, 0x02, 0xff, 0x08, 0x00, 0x13, 0x61, 0x01, 0x00, 0x00
};

const u8 Move_POISON_POWDER[] = {
    0x00, 0x51, 0x27, 0x00, 0xa6, 0x27, 0x1c, 0xa2, 0x00, 0x3f, 0x0a, 0x06, 0x02, 0x62, 0x01, 0x00, 0x00, 0x82, 0x02, 0xff, 0xe2, 0xff, 0x02, 0x62, 0x01, 0x00, 0x00, 0x82, 0x02, 0xff, 0x0a, 0x00, 0x02, 0x62, 0x01, 0x00, 0x00, 0x82, 0x02, 0xff, 0xe7, 0xff, 0x04, 0x0f, 0x02, 0x62, 0x01, 0x00, 0x00, 0x82, 0x02, 0xff, 0xfb, 0xff, 0x02, 0x62, 0x01, 0x00, 0x00, 0x82, 0x02, 0xff, 0x05, 0x00, 0x02, 0x62, 0x01, 0x00, 0x00, 0x82, 0x02, 0xff, 0x00, 0x00, 0x02, 0x62, 0x01, 0x00, 0x00, 0x82, 0x02, 0xff, 0xf1, 0xff, 0x04, 0x1e, 0x02, 0x62, 0x01, 0x00, 0x00, 0x82, 0x02, 0xff, 0xf1, 0xff, 0x02, 0x62, 0x01, 0x00, 0x00, 0x82, 0x02, 0xff, 0x0f, 0x00, 0x02, 0x62, 0x01, 0x00, 0x00, 0x82, 0x02, 0xff, 0xf6, 0xff, 0x02, 0x62, 0x01, 0x00, 0x00, 0x82, 0x02, 0xff, 0xfb, 0xff, 0x04, 0x14, 0x02, 0x62, 0x01, 0x00, 0x00, 0x82, 0x02, 0xff, 0xf6, 0xff, 0x02, 0x62, 0x01, 0x00, 0x00, 0x82, 0x02, 0xff, 0x00, 0x00, 0x02, 0x62, 0x01, 0x00, 0x00, 0x82, 0x02, 0xff, 0x14, 0x00, 0x02, 0x62, 0x01, 0x00, 0x00, 0x82, 0x02, 0xff, 0x05, 0x00, 0x05, 0x08
};

const u8 Move_STUN_SPORE[] = {
    0x00, 0x54, 0x27, 0x1c, 0xa2, 0x00, 0x3f, 0x0a, 0x06, 0x02, 0x63, 0x01, 0x00, 0x00, 0x82, 0x02, 0xff, 0xe2, 0xff, 0x02, 0x63, 0x01, 0x00, 0x00, 0x82, 0x02, 0xff, 0x0a, 0x00, 0x02, 0x63, 0x01, 0x00, 0x00, 0x82, 0x02, 0xff, 0xe7, 0xff, 0x04, 0x0f, 0x02, 0x63, 0x01, 0x00, 0x00, 0x82, 0x02, 0xff, 0xfb, 0xff, 0x02, 0x63, 0x01, 0x00, 0x00, 0x82, 0x02, 0xff, 0x05, 0x00, 0x02, 0x63, 0x01, 0x00, 0x00, 0x82, 0x02, 0xff, 0x00, 0x00, 0x02, 0x63, 0x01, 0x00, 0x00, 0x82, 0x02, 0xff, 0xf1, 0xff, 0x04, 0x1e, 0x02, 0x63, 0x01, 0x00, 0x00, 0x82, 0x02, 0xff, 0xf1, 0xff, 0x02, 0x63, 0x01, 0x00, 0x00, 0x82, 0x02, 0xff, 0x0f, 0x00, 0x02, 0x63, 0x01, 0x00, 0x00, 0x82, 0x02, 0xff, 0xf6, 0xff, 0x02, 0x63, 0x01, 0x00, 0x00, 0x82, 0x02, 0xff, 0xfb, 0xff, 0x04, 0x14, 0x02, 0x63, 0x01, 0x00, 0x00, 0x82, 0x02, 0xff, 0xf6, 0xff, 0x02, 0x63, 0x01, 0x00, 0x00, 0x82, 0x02, 0xff, 0x00, 0x00, 0x02, 0x63, 0x01, 0x00, 0x00, 0x82, 0x02, 0xff, 0x14, 0x00, 0x02, 0x63, 0x01, 0x00, 0x00, 0x82, 0x02, 0xff, 0x05, 0x00, 0x05, 0x08
};

const u8 Move_SLEEP_POWDER[] = {
    0x00, 0x53, 0x27, 0x1c, 0xa2, 0x00, 0x3f, 0x0a, 0x06, 0x02, 0x64, 0x01, 0x00, 0x00, 0x82, 0x02, 0xff, 0xe2, 0xff, 0x02, 0x64, 0x01, 0x00, 0x00, 0x82, 0x02, 0xff, 0x0a, 0x00, 0x02, 0x64, 0x01, 0x00, 0x00, 0x82, 0x02, 0xff, 0xe7, 0xff, 0x04, 0x0f, 0x02, 0x64, 0x01, 0x00, 0x00, 0x82, 0x02, 0xff, 0xfb, 0xff, 0x02, 0x64, 0x01, 0x00, 0x00, 0x82, 0x02, 0xff, 0x05, 0x00, 0x02, 0x64, 0x01, 0x00, 0x00, 0x82, 0x02, 0xff, 0x00, 0x00, 0x02, 0x64, 0x01, 0x00, 0x00, 0x82, 0x02, 0xff, 0xf1, 0xff, 0x04, 0x1e, 0x02, 0x64, 0x01, 0x00, 0x00, 0x82, 0x02, 0xff, 0xf1, 0xff, 0x02, 0x64, 0x01, 0x00, 0x00, 0x82, 0x02, 0xff, 0x0f, 0x00, 0x02, 0x64, 0x01, 0x00, 0x00, 0x82, 0x02, 0xff, 0xf6, 0xff, 0x02, 0x64, 0x01, 0x00, 0x00, 0x82, 0x02, 0xff, 0xfb, 0xff, 0x04, 0x14, 0x02, 0x64, 0x01, 0x00, 0x00, 0x82, 0x02, 0xff, 0xf6, 0xff, 0x02, 0x64, 0x01, 0x00, 0x00, 0x82, 0x02, 0xff, 0x00, 0x00, 0x02, 0x64, 0x01, 0x00, 0x00, 0x82, 0x02, 0xff, 0x14, 0x00, 0x02, 0x64, 0x01, 0x00, 0x00, 0x82, 0x02, 0xff, 0x05, 0x00, 0x05, 0x08
};

const u8 Move_SWIFT[] = {
    0x00, 0xbe, 0x27, 0x00, 0x97, 0x27, 0x0a, 0x03, 0x0c, 0x0c, 0x08, 0x19, 0xc7, 0x00, 0xc0, 0x02, 0x65, 0x01, 0x00, 0x00, 0x83, 0x03, 0xff, 0x14, 0x00, 0x04, 0x05, 0x19, 0xc7, 0x00, 0xc0, 0x02, 0x65, 0x01, 0x00, 0x00, 0x83, 0x03, 0xff, 0x14, 0x00, 0x04, 0x05, 0x19, 0xc7, 0x00, 0xc0, 0x02, 0x65, 0x01, 0x00, 0x00, 0x83, 0x03, 0xff, 0x14, 0x00, 0x03, 0x66, 0x01, 0x00, 0x00, 0x02, 0xff, 0x01, 0x00, 0x03, 0x66, 0x01, 0x00, 0x00, 0x02, 0xff, 0x03, 0x00, 0x04, 0x05, 0x19, 0xc7, 0x00, 0xc0, 0x02, 0x65, 0x01, 0x00, 0x00, 0x83, 0x03, 0xff, 0x14, 0x00, 0x04, 0x05, 0x19, 0xc7, 0x00, 0xc0, 0x02, 0x65, 0x01, 0x00, 0x00, 0x83, 0x03, 0xff, 0x14, 0x00, 0x04, 0x05, 0x05, 0x0b, 0x03, 0x0d, 0x08
};

const u8 Move_STRENGTH[] = {
    0x00, 0x97, 0x27, 0x0a, 0x03, 0x0c, 0x0c, 0x08, 0x19, 0x91, 0x00, 0xc0, 0x03, 0x67, 0x01, 0x00, 0x00, 0x05, 0xff, 0x00, 0x00, 0x05, 0x04, 0x0a, 0x02, 0x68, 0x01, 0x00, 0x00, 0x82, 0x02, 0xff, 0x00, 0x00, 0x03, 0x69, 0x01, 0x00, 0x00, 0x02, 0xff, 0x01, 0x00, 0x04, 0x04, 0x19, 0x86, 0x00, 0x3f, 0x02, 0x5d, 0x01, 0x00, 0x00, 0x83, 0x03, 0xff, 0x10, 0x00, 0x04, 0x04, 0x19, 0x86, 0x00, 0x3f, 0x02, 0x5d, 0x01, 0x00, 0x00, 0x83, 0x03, 0xff, 0xf0, 0xff, 0x04, 0x04, 0x19, 0x86, 0x00, 0x3f, 0x02, 0x5d, 0x01, 0x00, 0x00, 0x83, 0x03, 0xff, 0x03, 0x00, 0x05, 0x03, 0x66, 0x01, 0x00, 0x00, 0x02, 0xff, 0x01, 0x00, 0x05, 0x0b, 0x03, 0x0d, 0x08
};

const u8 Move_TACKLE[] = {
    0x00, 0x97, 0x27, 0x0a, 0x01, 0x0c, 0x0c, 0x08, 0x02, 0x6a, 0x01, 0x00, 0x00, 0x82, 0x02, 0xff, 0x04, 0x00, 0x04, 0x06, 0x02, 0x5d, 0x01, 0x00, 0x00, 0x82, 0x02, 0xff, 0x00, 0x00, 0x03, 0x5e, 0x01, 0x00, 0x00, 0x02, 0xff, 0x01, 0x00, 0x19, 0x84, 0x00, 0x3f, 0x05, 0x0b, 0x01, 0x0d, 0x08
};

const u8 Move_BODY_SLAM[] = {
    0x00, 0x97, 0x27, 0x0a, 0x03, 0x0c, 0x0c, 0x08, 0x19, 0x91, 0x00, 0xc0, 0x02, 0x6b, 0x01, 0x00, 0x00, 0x82, 0x02, 0xff, 0x06, 0x00, 0x05, 0x04, 0x0b, 0x02, 0x6c, 0x01, 0x00, 0x00, 0x82, 0x02, 0xff, 0x00, 0x00, 0x04, 0x06, 0x02, 0x5d, 0x01, 0x00, 0x00, 0x84, 0x04, 0xff, 0xf6, 0xff, 0x1c, 0x86, 0x00, 0x3f, 0x0a, 0x02, 0x04, 0x01, 0x02, 0x6c, 0x01, 0x00, 0x00, 0x82, 0x02, 0xff, 0x01, 0x00, 0x05, 0x03, 0x6d, 0x01, 0x00, 0x00, 0x02, 0xff, 0x01, 0x00, 0x05, 0x04, 0x0a, 0x02, 0x68, 0x01, 0x00, 0x00, 0x82, 0x02, 0xff, 0x00, 0x00, 0x04, 0x05, 0x02, 0x68, 0x01, 0x00, 0x00, 0x82, 0x02, 0xff, 0x01, 0x00, 0x05, 0x0b, 0x03, 0x0d, 0x08
};

const u8 Move_SUPERSONIC[] = {
    0x00, 0xb3, 0x27, 0x0a, 0x02, 0x2a, 0x00, 0x0c, 0x0c, 0x08, 0x03, 0x66, 0x01, 0x00, 0x00, 0x02, 0xff, 0x00, 0x00, 0x0e, 0x6e, 0x01, 0x00, 0x00, 0x0e, 0x6e, 0x01, 0x00, 0x00, 0x0e, 0x6e, 0x01, 0x00, 0x00, 0x0e, 0x6e, 0x01, 0x00, 0x00, 0x0e, 0x6e, 0x01, 0x00, 0x00, 0x0e, 0x6e, 0x01, 0x00, 0x00, 0x05, 0x0b, 0x02, 0x0d, 0x08
};

const u8 SupersonicRing[] = {
    0x19, 0xb1, 0x00, 0xc0, 0x02, 0x6f, 0x01, 0x00, 0x00, 0x82, 0x02, 0xff, 0x10, 0x00, 0x04, 0x02, 0x0f
};

const u8 Move_SCREECH[] = {
    0x00, 0xb4, 0x27, 0x03, 0x66, 0x01, 0x00, 0x00, 0x02, 0xff, 0x00, 0x00, 0x0e, 0x70, 0x01, 0x00, 0x00, 0x0e, 0x70, 0x01, 0x00, 0x00, 0x04, 0x10, 0x03, 0x71, 0x01, 0x00, 0x00, 0x05, 0xff, 0x00, 0x00, 0x05, 0x08
};

const u8 ScreechRing[] = {
    0x19, 0xae, 0x00, 0xc0, 0x02, 0x72, 0x01, 0x00, 0x00, 0x82, 0x02, 0xff, 0x10, 0x00, 0x04, 0x02, 0x0f
};

const u8 Move_FLAME_WHEEL[] = {
    0x00, 0x2d, 0x27, 0x0a, 0x03, 0x2a, 0x01, 0x02, 0x73, 0x01, 0x00, 0x00, 0x83, 0x03, 0xff, 0x00, 0x00, 0x19, 0x89, 0x00, 0xc0, 0x04, 0x02, 0x02, 0x73, 0x01, 0x00, 0x00, 0x83, 0x03, 0xff, 0x00, 0x00, 0x19, 0x89, 0x00, 0xc0, 0x04, 0x02, 0x02, 0x73, 0x01, 0x00, 0x00, 0x83, 0x03, 0xff, 0x00, 0x00, 0x19, 0x89, 0x00, 0xc0, 0x04, 0x02, 0x02, 0x73, 0x01, 0x00, 0x00, 0x83, 0x03, 0xff, 0x00, 0x00, 0x19, 0x89, 0x00, 0xc0, 0x04, 0x02, 0x02, 0x73, 0x01, 0x00, 0x00, 0x83, 0x03, 0xff, 0x00, 0x00, 0x19, 0x89, 0x00, 0xc0, 0x04, 0x02, 0x02, 0x73, 0x01, 0x00, 0x00, 0x83, 0x03, 0xff, 0x00, 0x00, 0x19, 0x89, 0x00, 0xc0, 0x04, 0x02, 0x02, 0x73, 0x01, 0x00, 0x00, 0x83, 0x03, 0xff, 0x00, 0x00, 0x19, 0x89, 0x00, 0xc0, 0x05, 0x02, 0x6c, 0x01, 0x00, 0x00, 0x82, 0x02, 0xff, 0x00, 0x00, 0x04, 0x04, 0x03, 0x5e, 0x01, 0x00, 0x00, 0x02, 0xff, 0x01, 0x00, 0x03, 0x74, 0x01, 0x00, 0x00, 0x03, 0xff, 0x01, 0x00, 0x19, 0x8a, 0x00, 0x3f, 0x0e, 0x75, 0x01, 0x00, 0x00, 0x04, 0x07, 0x02, 0x68, 0x01, 0x00, 0x00, 0x82, 0x02, 0xff, 0x00, 0x00, 0x05, 0x0b, 0x03, 0x08
};

const u8 FlameWheel1[] = {
    0x02, 0x73, 0x01, 0x00, 0x00, 0x83, 0x03, 0xff, 0x00, 0x00, 0x04, 0x04, 0x0f
};

const u8 Move_PIN_MISSILE[] = {
    0x00, 0xb1, 0x27, 0x00, 0x97, 0x27, 0x0a, 0x01, 0x28, 0x01, 0x0c, 0x0c, 0x08, 0x19, 0x88, 0x00, 0xc0, 0x02, 0x76, 0x01, 0x00, 0x00, 0x82, 0x02, 0xff, 0x14, 0x00, 0x04, 0x0f, 0x02, 0x76, 0x01, 0x00, 0x00, 0x82, 0x02, 0xff, 0x14, 0x00, 0x04, 0x04, 0x19, 0x9f, 0x00, 0x3f, 0x02, 0x5d, 0x01, 0x00, 0x00, 0x83, 0x03, 0xff, 0xf8, 0xff, 0x03, 0x66, 0x01, 0x00, 0x00, 0x02, 0xff, 0x01, 0x00, 0x04, 0x09, 0x02, 0x76, 0x01, 0x00, 0x00, 0x82, 0x02, 0xff, 0x14, 0x00, 0x04, 0x04, 0x19, 0x9f, 0x00, 0x3f, 0x02, 0x5d, 0x01, 0x00, 0x00, 0x83, 0x03, 0xff, 0x08, 0x00, 0x03, 0x66, 0x01, 0x00, 0x00, 0x02, 0xff, 0x01, 0x00, 0x04, 0x0e, 0x19, 0x9f, 0x00, 0x3f, 0x02, 0x5d, 0x01, 0x00, 0x00, 0x83, 0x03, 0xff, 0x00, 0x00, 0x03, 0x66, 0x01, 0x00, 0x00, 0x02, 0xff, 0x01, 0x00, 0x05, 0x0b, 0x01, 0x0d, 0x08
};

const u8 Move_ICICLE_SPEAR[] = {
    0x00, 0x16, 0x28, 0x00, 0x97, 0x27, 0x0a, 0x01, 0x28, 0x01, 0x0c, 0x0c, 0x08, 0x19, 0x82, 0x00, 0xc0, 0x02, 0x77, 0x01, 0x00, 0x00, 0x82, 0x02, 0xff, 0x14, 0x00, 0x04, 0x0f, 0x02, 0x77, 0x01, 0x00, 0x00, 0x82, 0x02, 0xff, 0x14, 0x00, 0x04, 0x04, 0x19, 0x9f, 0x00, 0x3f, 0x02, 0x5d, 0x01, 0x00, 0x00, 0x83, 0x03, 0xff, 0xf8, 0xff, 0x03, 0x66, 0x01, 0x00, 0x00, 0x02, 0xff, 0x01, 0x00, 0x04, 0x09, 0x02, 0x77, 0x01, 0x00, 0x00, 0x82, 0x02, 0xff, 0x14, 0x00, 0x04, 0x04, 0x19, 0x9f, 0x00, 0x3f, 0x02, 0x5d, 0x01, 0x00, 0x00, 0x83, 0x03, 0xff, 0x08, 0x00, 0x03, 0x66, 0x01, 0x00, 0x00, 0x02, 0xff, 0x01, 0x00, 0x04, 0x0e, 0x19, 0x9f, 0x00, 0x3f, 0x02, 0x5d, 0x01, 0x00, 0x00, 0x83, 0x03, 0xff, 0x00, 0x00, 0x03, 0x66, 0x01, 0x00, 0x00, 0x02, 0xff, 0x01, 0x00, 0x05, 0x0b, 0x01, 0x0d, 0x08
};

const u8 Move_TAKE_DOWN[] = {
    0x00, 0x97, 0x27, 0x0a, 0x03, 0x0c, 0x0c, 0x08, 0x19, 0x91, 0x00, 0xc0, 0x03, 0x78, 0x01, 0x00, 0x00, 0x05, 0xff, 0x00, 0x00, 0x04, 0x23, 0x02, 0x79, 0x01, 0x00, 0x00, 0x82, 0x02, 0xff, 0x1f, 0x00, 0x02, 0x5d, 0x01, 0x00, 0x00, 0x84, 0x04, 0xff, 0xf6, 0xff, 0x19, 0x86, 0x00, 0x3f, 0x04, 0x01, 0x02, 0x6c, 0x01, 0x00, 0x00, 0x82, 0x02, 0xff, 0x01, 0x00, 0x05, 0x03, 0x6d, 0x01, 0x00, 0x00, 0x02, 0xff, 0x01, 0x00, 0x05, 0x04, 0x02, 0x02, 0x68, 0x01, 0x00, 0x00, 0x82, 0x02, 0xff, 0x00, 0x00, 0x04, 0x03, 0x02, 0x68, 0x01, 0x00, 0x00, 0x82, 0x02, 0xff, 0x01, 0x00, 0x05, 0x0b, 0x03, 0x0d, 0x08
};

const u8 Move_DOUBLE_EDGE[] = {
    0x00, 0x97, 0x27, 0x19, 0xc7, 0x00, 0xc0, 0x02, 0x79, 0x01, 0x00, 0x00, 0x82, 0x02, 0xff, 0x02, 0x00, 0x05, 0x04, 0x0a, 0x19, 0xba, 0x00, 0xc0, 0x1d, 0xba, 0x00, 0xc0, 0x08, 0x03, 0x69, 0x01, 0x00, 0x00, 0x02, 0xff, 0x00, 0x00, 0x05, 0x02, 0x7a, 0x01, 0x00, 0x00, 0x82, 0x02, 0xff, 0x01, 0x00, 0x02, 0x6c, 0x01, 0x00, 0x00, 0x82, 0x02, 0xff, 0x00, 0x00, 0x04, 0x03, 0x05, 0x19, 0x86, 0x00, 0x3f, 0x02, 0x5d, 0x01, 0x00, 0x00, 0x84, 0x04, 0xff, 0xf6, 0xff, 0x02, 0x6c, 0x01, 0x00, 0x00, 0x82, 0x02, 0xff, 0x01, 0x00, 0x05, 0x03, 0x7b, 0x01, 0x00, 0x00, 0x02, 0xff, 0x08, 0x00, 0x03, 0x7b, 0x01, 0x00, 0x00, 0x02, 0xff, 0x08, 0x00, 0x03, 0x6d, 0x01, 0x00, 0x00, 0x02, 0xff, 0x00, 0x00, 0x03, 0x6d, 0x01, 0x00, 0x00, 0x02, 0xff, 0x01, 0x00, 0x02, 0x7a, 0x01, 0x00, 0x00, 0x82, 0x02, 0xff, 0x01, 0x00, 0x05, 0x03, 0x7b, 0x01, 0x00, 0x00, 0x02, 0xff, 0x08, 0x00, 0x03, 0x7b, 0x01, 0x00, 0x00, 0x02, 0xff, 0x08, 0x00, 0x05, 0x02, 0x68, 0x01, 0x00, 0x00, 0x82, 0x02, 0xff, 0x00, 0x00, 0x04, 0x03, 0x02, 0x68, 0x01, 0x00, 0x00, 0x82, 0x02, 0xff, 0x01, 0x00, 0x05, 0x08
};

const u8 Move_POISON_STING[] = {
    0x00, 0xb1, 0x27, 0x00, 0x97, 0x27, 0x00, 0xa6, 0x27, 0x0a, 0x01, 0x28, 0x01, 0x0c, 0x0c, 0x08, 0x19, 0x99, 0x00, 0xc0, 0x02, 0x7c, 0x01, 0x00, 0x00, 0x82, 0x02, 0xff, 0x14, 0x00, 0x05, 0x02, 0x5d, 0x01, 0x00, 0x00, 0x83, 0x03, 0xff, 0x00, 0x00, 0x03, 0x66, 0x01, 0x00, 0x00, 0x02, 0xff, 0x01, 0x00, 0x19, 0x9f, 0x00, 0x3f, 0x05, 0x0e, 0x7d, 0x01, 0x00, 0x00, 0x05, 0x0b, 0x01, 0x0d, 0x08
};

const u8 Move_TWINEEDLE[] = {
    0x00, 0xb1, 0x27, 0x00, 0x97, 0x27, 0x0a, 0x01, 0x28, 0x01, 0x0c, 0x0c, 0x08, 0x1c, 0x99, 0x00, 0xc0, 0x06, 0x02, 0x02, 0x7c, 0x01, 0x00, 0x00, 0x82, 0x02, 0xff, 0x0a, 0x00, 0x02, 0x7c, 0x01, 0x00, 0x00, 0x82, 0x02, 0xff, 0x14, 0x00, 0x04, 0x14, 0x03, 0x66, 0x01, 0x00, 0x00, 0x02, 0xff, 0x01, 0x00, 0x02, 0x7e, 0x01, 0x00, 0x00, 0x83, 0x03, 0xff, 0x00, 0x00, 0x1c, 0x9f, 0x00, 0x3f, 0x05, 0x02, 0x04, 0x01, 0x02, 0x7e, 0x01, 0x00, 0x00, 0x83, 0x03, 0xff, 0x0a, 0x00, 0x05, 0x0b, 0x01, 0x0d, 0x08
};

const u8 Move_FIRE_BLAST[] = {
    0x00, 0x2d, 0x27, 0x1f, 0x7f, 0x01, 0x00, 0x00, 0xff, 0x89, 0x00, 0x0e, 0x80, 0x01, 0x00, 0x00, 0x0e, 0x80, 0x01, 0x00, 0x00, 0x0e, 0x80, 0x01, 0x00, 0x00, 0x04, 0x18, 0x03, 0x81, 0x01, 0x00, 0x00, 0x0a, 0xff, 0x01, 0x00, 0x05, 0x04, 0x13, 0x03, 0x5e, 0x01, 0x00, 0x00, 0x02, 0xff, 0x01, 0x00, 0x0e, 0x82, 0x01, 0x00, 0x00, 0x04, 0x03, 0x0e, 0x82, 0x01, 0x00, 0x00, 0x04, 0x03, 0x0e, 0x82, 0x01, 0x00, 0x00, 0x04, 0x03, 0x0e, 0x82, 0x01, 0x00, 0x00, 0x04, 0x03, 0x0e, 0x82, 0x01, 0x00, 0x00, 0x04, 0x03, 0x0e, 0x82, 0x01, 0x00, 0x00, 0x04, 0x03, 0x0e, 0x82, 0x01, 0x00, 0x00, 0x04, 0x03, 0x0e, 0x82, 0x01, 0x00, 0x00, 0x04, 0x03, 0x0e, 0x82, 0x01, 0x00, 0x00, 0x05, 0x03, 0x81, 0x01, 0x00, 0x00, 0x0a, 0xff, 0x01, 0x00, 0x05, 0x08
};

const u8 FireBlastRing[] = {
    0x02, 0x83, 0x01, 0x00, 0x00, 0x82, 0x02, 0xff, 0x00, 0x00, 0x02, 0x83, 0x01, 0x00, 0x00, 0x82, 0x02, 0xff, 0x00, 0x00, 0x02, 0x83, 0x01, 0x00, 0x00, 0x82, 0x02, 0xff, 0x00, 0x00, 0x02, 0x83, 0x01, 0x00, 0x00, 0x82, 0x02, 0xff, 0x00, 0x00, 0x02, 0x83, 0x01, 0x00, 0x00, 0x82, 0x02, 0xff, 0x00, 0x00, 0x04, 0x05, 0x0f
};

const u8 FireBlastCross[] = {
    0x02, 0x84, 0x01, 0x00, 0x00, 0x82, 0x02, 0xff, 0x00, 0x00, 0x02, 0x84, 0x01, 0x00, 0x00, 0x82, 0x02, 0xff, 0x00, 0x00, 0x02, 0x84, 0x01, 0x00, 0x00, 0x82, 0x02, 0xff, 0x00, 0x00, 0x02, 0x84, 0x01, 0x00, 0x00, 0x82, 0x02, 0xff, 0x00, 0x00, 0x02, 0x84, 0x01, 0x00, 0x00, 0x82, 0x02, 0xff, 0x00, 0x00, 0x0f
};

const u8 Move_LEECH_SEED[] = {
    0x00, 0x16, 0x27, 0x19, 0xa2, 0x00, 0xc0, 0x02, 0x85, 0x01, 0x00, 0x00, 0x82, 0x02, 0xff, 0x0f, 0x00, 0x04, 0x08, 0x19, 0xa2, 0x00, 0xc0, 0x02, 0x85, 0x01, 0x00, 0x00, 0x82, 0x02, 0xff, 0x0f, 0x00, 0x04, 0x08, 0x19, 0xa2, 0x00, 0xc0, 0x02, 0x85, 0x01, 0x00, 0x00, 0x82, 0x02, 0xff, 0x0f, 0x00, 0x04, 0x0c, 0x1c, 0xa0, 0x00, 0x3f, 0x0a, 0x08, 0x05, 0x08
};

const u8 Move_EMBER[] = {
    0x00, 0x2d, 0x27, 0x1c, 0x90, 0x00, 0xc0, 0x05, 0x02, 0x02, 0x86, 0x01, 0x00, 0x00, 0x82, 0x02, 0xff, 0x14, 0x00, 0x04, 0x04, 0x02, 0x86, 0x01, 0x00, 0x00, 0x82, 0x02, 0xff, 0x14, 0x00, 0x04, 0x04, 0x02, 0x86, 0x01, 0x00, 0x00, 0x82, 0x02, 0xff, 0x14, 0x00, 0x04, 0x10, 0x19, 0x89, 0x00, 0x3f, 0x0e, 0x87, 0x01, 0x00, 0x00, 0x0e, 0x87, 0x01, 0x00, 0x00, 0x0e, 0x87, 0x01, 0x00, 0x00, 0x08
};

const u8 EmberFireHit[] = {
    0x02, 0x88, 0x01, 0x00, 0x00, 0x82, 0x02, 0xff, 0xe8, 0xff, 0x04, 0x04, 0x0f
};

const u8 Move_MEGA_PUNCH[] = {
    0x00, 0x97, 0x27, 0x00, 0x9f, 0x27, 0x0a, 0x01, 0x04, 0x02, 0x02, 0x7a, 0x01, 0x00, 0x00, 0x82, 0x02, 0xff, 0x01, 0x00, 0x0c, 0x0c, 0x08, 0x19, 0x85, 0x00, 0x3f, 0x02, 0x89, 0x01, 0x00, 0x00, 0x83, 0x03, 0xff, 0x00, 0x00, 0x03, 0x81, 0x01, 0x00, 0x00, 0x0a, 0xff, 0x04, 0x00, 0x04, 0x32, 0x0e, 0x8a, 0x01, 0x00, 0x00, 0x02, 0x5d, 0x01, 0x00, 0x00, 0x82, 0x02, 0xff, 0x00, 0x00, 0x03, 0x66, 0x01, 0x00, 0x00, 0x02, 0xff, 0x01, 0x00, 0x03, 0x81, 0x01, 0x00, 0x00, 0x0a, 0xff, 0x04, 0x00, 0x02, 0x79, 0x01, 0x00, 0x00, 0x82, 0x02, 0xff, 0x1f, 0x00, 0x19, 0x74, 0x00, 0x3f, 0x05, 0x0b, 0x01, 0x0d, 0x04, 0x02, 0x15, 0x17, 0x08
};

const u8 SetImpactBackground[] = {
    0x04, 0x02, 0x03, 0x8b, 0x01, 0x00, 0x00, 0x02, 0x00, 0x21, 0x07, 0x01, 0x00, 0x8c, 0x01, 0x00, 0x00, 0x03, 0x8d, 0x01, 0x00, 0x00, 0x02, 0x00, 0x21, 0x07, 0x00, 0x00, 0x8e, 0x01, 0x00, 0x00, 0x21, 0x07, 0x01, 0x00, 0x8f, 0x01, 0x00, 0x00
};

const u8 SetImpactBackgroundRet[] = {
    0x0f
};

const u8 SetImpactOpponentBG[] = {
    0x18, 0x04, 0x13, 0x90, 0x01, 0x00, 0x00
};

const u8 SetImpactPlayerBG[] = {
    0x18, 0x05, 0x13, 0x90, 0x01, 0x00, 0x00
};

const u8 SetImpactContestsBG[] = {
    0x18, 0x06, 0x13, 0x90, 0x01, 0x00, 0x00
};

const u8 Move_MEGA_KICK[] = {
    0x00, 0x97, 0x27, 0x00, 0x9f, 0x27, 0x0a, 0x01, 0x04, 0x02, 0x02, 0x7a, 0x01, 0x00, 0x00, 0x82, 0x02, 0xff, 0x01, 0x00, 0x0c, 0x0c, 0x08, 0x19, 0x85, 0x00, 0x3f, 0x02, 0x89, 0x01, 0x00, 0x00, 0x83, 0x03, 0xff, 0x00, 0x00, 0x03, 0x81, 0x01, 0x00, 0x00, 0x0a, 0xff, 0x04, 0x00, 0x04, 0x32, 0x19, 0x86, 0x00, 0x3f, 0x0e, 0x8a, 0x01, 0x00, 0x00, 0x02, 0x5d, 0x01, 0x00, 0x00, 0x82, 0x02, 0xff, 0x00, 0x00, 0x03, 0x66, 0x01, 0x00, 0x00, 0x02, 0xff, 0x01, 0x00, 0x03, 0x81, 0x01, 0x00, 0x00, 0x0a, 0xff, 0x04, 0x00, 0x02, 0x79, 0x01, 0x00, 0x00, 0x82, 0x02, 0xff, 0x1f, 0x00, 0x05, 0x0b, 0x01, 0x0d, 0x04, 0x02, 0x15, 0x17, 0x08
};

const u8 Move_COMET_PUNCH[] = {
    0x00, 0x97, 0x27, 0x00, 0x9f, 0x27, 0x0a, 0x01, 0x0c, 0x0c, 0x08, 0x11, 0x91, 0x01, 0x00, 0x00, 0x92, 0x01, 0x00, 0x00
};

const u8 CometPunchContinue[] = {
    0x03, 0x5e, 0x01, 0x00, 0x00, 0x02, 0xff, 0x01, 0x00, 0x19, 0x84, 0x00, 0x3f, 0x05, 0x0b, 0x01, 0x0d, 0x08
};

const u8 CometPunchLeft[] = {
    0x02, 0x5d, 0x01, 0x00, 0x00, 0x82, 0x02, 0xff, 0xf8, 0xff, 0x02, 0x93, 0x01, 0x00, 0x00, 0x83, 0x03, 0xff, 0xf8, 0xff, 0x13, 0x94, 0x01, 0x00, 0x00
};

const u8 CometPunchRight[] = {
    0x02, 0x5d, 0x01, 0x00, 0x00, 0x82, 0x02, 0xff, 0x08, 0x00, 0x02, 0x93, 0x01, 0x00, 0x00, 0x83, 0x03, 0xff, 0x08, 0x00, 0x13, 0x94, 0x01, 0x00, 0x00
};

const u8 Move_SONIC_BOOM[] = {
    0x00, 0x13, 0x27, 0x00, 0x97, 0x27, 0x0a, 0x03, 0x28, 0x01, 0x0c, 0x0c, 0x08, 0x0e, 0x95, 0x01, 0x00, 0x00, 0x0e, 0x95, 0x01, 0x00, 0x00, 0x0e, 0x95, 0x01, 0x00, 0x00, 0x03, 0x5e, 0x01, 0x00, 0x00, 0x02, 0xff, 0x01, 0x00, 0x0e, 0x96, 0x01, 0x00, 0x00, 0x05, 0x0b, 0x03, 0x0d, 0x08
};

const u8 SonicBoomProjectile[] = {
    0x19, 0x99, 0x00, 0xc0, 0x02, 0x97, 0x01, 0x00, 0x00, 0x82, 0x02, 0xff, 0x10, 0x00, 0x04, 0x04, 0x0f
};

const u8 SonicBoomHit[] = {
    0x02, 0x5d, 0x01, 0x00, 0x00, 0x83, 0x03, 0xff, 0x00, 0x00, 0x04, 0x04, 0x0f
};

const u8 Move_THUNDER_SHOCK[] = {
    0x00, 0x11, 0x27, 0x00, 0x1b, 0x27, 0x03, 0x81, 0x01, 0x00, 0x00, 0x0a, 0xff, 0x01, 0x00, 0x05, 0x04, 0x0a, 0x03, 0x98, 0x01, 0x00, 0x00, 0x05, 0xff, 0x00, 0x00, 0x19, 0x6f, 0x00, 0x3f, 0x04, 0x09, 0x03, 0x81, 0x01, 0x00, 0x00, 0x0a, 0xff, 0x04, 0x00, 0x05, 0x03, 0x81, 0x01, 0x00, 0x00, 0x0a, 0xff, 0x04, 0x00, 0x05, 0x04, 0x14, 0x0e, 0x99, 0x01, 0x00, 0x00, 0x05, 0x04, 0x14, 0x03, 0x81, 0x01, 0x00, 0x00, 0x0a, 0xff, 0x01, 0x00, 0x05, 0x08
};

const u8 Move_THUNDERBOLT[] = {
    0x00, 0x11, 0x27, 0x00, 0x2a, 0x28, 0x00, 0x1b, 0x27, 0x03, 0x81, 0x01, 0x00, 0x00, 0x0a, 0xff, 0x01, 0x00, 0x05, 0x04, 0x0a, 0x03, 0x98, 0x01, 0x00, 0x00, 0x05, 0xff, 0x18, 0x00, 0x19, 0x6f, 0x00, 0x3f, 0x04, 0x07, 0x03, 0x98, 0x01, 0x00, 0x00, 0x05, 0xff, 0xe8, 0xff, 0x19, 0x6f, 0x00, 0x3f, 0x04, 0x07, 0x03, 0x98, 0x01, 0x00, 0x00, 0x05, 0xff, 0x00, 0x00, 0x19, 0x6f, 0x00, 0x3f, 0x04, 0x09, 0x03, 0x81, 0x01, 0x00, 0x00, 0x0a, 0xff, 0x04, 0x00, 0x05, 0x03, 0x81, 0x01, 0x00, 0x00, 0x0a, 0xff, 0x04, 0x00, 0x05, 0x04, 0x14, 0x02, 0x9a, 0x01, 0x00, 0x00, 0x83, 0x03, 0xff, 0x2c, 0x00, 0x02, 0x9b, 0x01, 0x00, 0x00, 0x84, 0x04, 0xff, 0x00, 0x00, 0x02, 0x9b, 0x01, 0x00, 0x00, 0x84, 0x04, 0xff, 0x00, 0x00, 0x02, 0x9b, 0x01, 0x00, 0x00, 0x84, 0x04, 0xff, 0x00, 0x00, 0x02, 0x9b, 0x01, 0x00, 0x00, 0x84, 0x04, 0xff, 0x00, 0x00, 0x02, 0x9b, 0x01, 0x00, 0x00, 0x84, 0x04, 0xff, 0x00, 0x00, 0x02, 0x9b, 0x01, 0x00, 0x00, 0x84, 0x04, 0xff, 0x00, 0x00, 0x02, 0x9b, 0x01, 0x00, 0x00, 0x84, 0x04, 0xff, 0x00, 0x00, 0x02, 0x9b, 0x01, 0x00, 0x00, 0x84, 0x04, 0xff, 0x00, 0x00, 0x19, 0xd0, 0x00, 0x3f, 0x04, 0x00, 0x03, 0x81, 0x01, 0x00, 0x00, 0x0a, 0xff, 0x01, 0x00, 0x04, 0x06, 0x03, 0x81, 0x01, 0x00, 0x00, 0x0a, 0xff, 0x01, 0x00, 0x04, 0x06, 0x03, 0x81, 0x01, 0x00, 0x00, 0x0a, 0xff, 0x01, 0x00, 0x04, 0x06, 0x03, 0x81, 0x01, 0x00, 0x00, 0x0a, 0xff, 0x01, 0x00, 0x05, 0x04, 0x14, 0x1d, 0x70, 0x00, 0x3f, 0x13, 0x0e, 0x99, 0x01, 0x00, 0x00, 0x05, 0x04, 0x14, 0x03, 0x81, 0x01, 0x00, 0x00, 0x0a, 0xff, 0x01, 0x00, 0x05, 0x08
};

const u8 Move_THUNDER_WAVE[] = {
    0x00, 0x11, 0x27, 0x00, 0x1b, 0x27, 0x00, 0xbd, 0x27, 0x03, 0x81, 0x01, 0x00, 0x00, 0x0a, 0xff, 0x01, 0x00, 0x05, 0x04, 0x0a, 0x03, 0x98, 0x01, 0x00, 0x00, 0x05, 0xff, 0x00, 0x00, 0x19, 0x83, 0x00, 0x3f, 0x04, 0x14, 0x1c, 0x70, 0x00, 0x3f, 0x0a, 0x04, 0x02, 0x9c, 0x01, 0x00, 0x00, 0x82, 0x02, 0xff, 0xf0, 0xff, 0x04, 0x04, 0x02, 0x9c, 0x01, 0x00, 0x00, 0x82, 0x02, 0xff, 0xf0, 0xff, 0x04, 0x04, 0x02, 0x9c, 0x01, 0x00, 0x00, 0x82, 0x02, 0xff, 0xf0, 0xff, 0x05, 0x03, 0x81, 0x01, 0x00, 0x00, 0x0a, 0xff, 0x01, 0x00, 0x05, 0x08
};

const u8 Move_BEAT_UP[] = {
    0x00, 0x97, 0x27, 0x00, 0x9f, 0x27, 0x0a, 0x01, 0x0c, 0x0c, 0x08, 0x11, 0x9d, 0x01, 0x00, 0x00, 0x9e, 0x01, 0x00, 0x00
};

const u8 BeatUpContinue[] = {
    0x05, 0x0b, 0x01, 0x0d, 0x08
};

const u8 BeatUpLeft[] = {
    0x02, 0x5d, 0x01, 0x00, 0x00, 0x82, 0x02, 0xff, 0xec, 0xff, 0x02, 0x93, 0x01, 0x00, 0x00, 0x83, 0x03, 0xff, 0xec, 0xff, 0x03, 0x5e, 0x01, 0x00, 0x00, 0x02, 0xff, 0x01, 0x00, 0x19, 0x74, 0x00, 0x3f, 0x04, 0x08, 0x02, 0x5d, 0x01, 0x00, 0x00, 0x82, 0x02, 0xff, 0x08, 0x00, 0x02, 0x93, 0x01, 0x00, 0x00, 0x83, 0x03, 0xff, 0x08, 0x00, 0x03, 0x5e, 0x01, 0x00, 0x00, 0x02, 0xff, 0x01, 0x00, 0x19, 0x74, 0x00, 0x3f, 0x13, 0x9f, 0x01, 0x00, 0x00
};

const u8 BeatUpRight[] = {
    0x02, 0x5d, 0x01, 0x00, 0x00, 0x82, 0x02, 0xff, 0x0c, 0x00, 0x02, 0x93, 0x01, 0x00, 0x00, 0x83, 0x03, 0xff, 0x0c, 0x00, 0x03, 0x5e, 0x01, 0x00, 0x00, 0x02, 0xff, 0x01, 0x00, 0x19, 0x74, 0x00, 0x3f, 0x04, 0x08, 0x02, 0x5d, 0x01, 0x00, 0x00, 0x82, 0x02, 0xff, 0xf4, 0xff, 0x02, 0x93, 0x01, 0x00, 0x00, 0x83, 0x03, 0xff, 0xf4, 0xff, 0x03, 0x5e, 0x01, 0x00, 0x00, 0x02, 0xff, 0x01, 0x00, 0x19, 0x74, 0x00, 0x3f, 0x13, 0x9f, 0x01, 0x00, 0x00
};

const u8 Move_STOMP[] = {
    0x00, 0x9f, 0x27, 0x00, 0x97, 0x27, 0x0a, 0x01, 0x0c, 0x0c, 0x08, 0x19, 0x80, 0x00, 0x3f, 0x02, 0xa0, 0x01, 0x00, 0x00, 0x83, 0x03, 0xff, 0x00, 0x00, 0x04, 0x13, 0x02, 0x5d, 0x01, 0x00, 0x00, 0x82, 0x02, 0xff, 0x00, 0x00, 0x03, 0x5e, 0x01, 0x00, 0x00, 0x02, 0xff, 0x01, 0x00, 0x19, 0x86, 0x00, 0x3f, 0x05, 0x0b, 0x01, 0x0d, 0x08
};

const u8 Move_TAIL_WHIP[] = {
    0x1c, 0xa0, 0x00, 0xc0, 0x18, 0x03, 0x03, 0x69, 0x01, 0x00, 0x00, 0x02, 0xff, 0x00, 0x00, 0x05, 0x08
};

const u8 Move_CUT[] = {
    0x00, 0x9a, 0x27, 0x0a, 0x01, 0x0c, 0x0c, 0x08, 0x19, 0x79, 0x00, 0x3f, 0x02, 0xa1, 0x01, 0x00, 0x00, 0x82, 0x02, 0xff, 0x28, 0x00, 0x04, 0x05, 0x03, 0x5e, 0x01, 0x00, 0x00, 0x02, 0xff, 0x01, 0x00, 0x05, 0x0b, 0x01, 0x0d, 0x05, 0x08
};

const u8 Move_HIDDEN_POWER[] = {
    0x00, 0xe9, 0x27, 0x19, 0x91, 0x00, 0xc0, 0x03, 0xa2, 0x01, 0x00, 0x00, 0x05, 0xff, 0xf9, 0xff, 0x05, 0x04, 0x1e, 0x03, 0x74, 0x01, 0x00, 0x00, 0x05, 0xff, 0x00, 0x00, 0x04, 0x04, 0x03, 0xa2, 0x01, 0x00, 0x00, 0x05, 0xff, 0xf9, 0xff, 0x19, 0xd2, 0x00, 0xc0, 0x02, 0xa3, 0x01, 0x00, 0x00, 0x82, 0x02, 0xff, 0x1a, 0x00, 0x02, 0xa3, 0x01, 0x00, 0x00, 0x82, 0x02, 0xff, 0x1a, 0x00, 0x02, 0xa3, 0x01, 0x00, 0x00, 0x82, 0x02, 0xff, 0x1a, 0x00, 0x02, 0xa3, 0x01, 0x00, 0x00, 0x82, 0x02, 0xff, 0x1a, 0x00, 0x02, 0xa3, 0x01, 0x00, 0x00, 0x82, 0x02, 0xff, 0x1a, 0x00, 0x02, 0xa3, 0x01, 0x00, 0x00, 0x82, 0x02, 0xff, 0x1a, 0x00, 0x04, 0x34, 0x10, 0x07, 0xff, 0xff, 0x19, 0xc8, 0x00, 0xc0, 0x03, 0xa2, 0x01, 0x00, 0x00, 0x05, 0xff, 0xf9, 0xff, 0x02, 0xa4, 0x01, 0x00, 0x00, 0x82, 0x02, 0xff, 0x00, 0x00, 0x02, 0xa4, 0x01, 0x00, 0x00, 0x82, 0x02, 0xff, 0x20, 0x00, 0x02, 0xa4, 0x01, 0x00, 0x00, 0x82, 0x02, 0xff, 0x40, 0x00, 0x02, 0xa4, 0x01, 0x00, 0x00, 0x82, 0x02, 0xff, 0x60, 0x00, 0x02, 0xa4, 0x01, 0x00, 0x00, 0x82, 0x02, 0xff, 0x80, 0x00, 0x02, 0xa4, 0x01, 0x00, 0x00, 0x82, 0x02, 0xff, 0xa0, 0x00, 0x02, 0xa4, 0x01, 0x00, 0x00, 0x82, 0x02, 0xff, 0xc0, 0x00, 0x02, 0xa4, 0x01, 0x00, 0x00, 0x82, 0x02, 0xff, 0xe0, 0x00, 0x08
};

const u8 Move_REVERSAL[] = {
    0x00, 0xfc, 0x27, 0x00, 0x9f, 0x27, 0x00, 0x97, 0x27, 0x19, 0xca, 0x00, 0xc0, 0x02, 0x79, 0x01, 0x00, 0x00, 0x82, 0x02, 0xff, 0x1f, 0x00, 0x05, 0x04, 0x1e, 0x03, 0xa5, 0x01, 0x00, 0x00, 0x02, 0xff, 0x1f, 0x00, 0x04, 0x0a, 0x19, 0xd2, 0x00, 0xc0, 0x02, 0xa6, 0x01, 0x00, 0x00, 0x82, 0x02, 0xff, 0x1a, 0x00, 0x02, 0xa6, 0x01, 0x00, 0x00, 0x82, 0x02, 0xff, 0x1a, 0x00, 0x02, 0xa6, 0x01, 0x00, 0x00, 0x82, 0x02, 0xff, 0x1a, 0x00, 0x02, 0xa6, 0x01, 0x00, 0x00, 0x82, 0x02, 0xff, 0x1a, 0x00, 0x02, 0xa6, 0x01, 0x00, 0x00, 0x82, 0x02, 0xff, 0x1a, 0x00, 0x02, 0xa6, 0x01, 0x00, 0x00, 0x82, 0x02, 0xff, 0x1a, 0x00, 0x05, 0x04, 0x14, 0x02, 0x6a, 0x01, 0x00, 0x00, 0x82, 0x02, 0xff, 0x06, 0x00, 0x04, 0x08, 0x19, 0x74, 0x00, 0x3f, 0x02, 0x79, 0x01, 0x00, 0x00, 0x82, 0x02, 0xff, 0x1f, 0x00, 0x02, 0x93, 0x01, 0x00, 0x00, 0x84, 0x04, 0xff, 0x00, 0x00, 0x02, 0x5d, 0x01, 0x00, 0x00, 0x83, 0x03, 0xff, 0x00, 0x00, 0x03, 0xa7, 0x01, 0x00, 0x00, 0x05, 0xff, 0x00, 0x00, 0x08
};

const u8 Move_PURSUIT[] = {
    0x00, 0x97, 0x27, 0x0a, 0x01, 0x14, 0x01, 0x17, 0x04, 0x00, 0x0c, 0x0c, 0x08, 0x11, 0xa8, 0x01, 0x00, 0x00, 0xa9, 0x01, 0x00, 0x00
};

const u8 PursuitContinue[] = {
    0x05, 0x0b, 0x01, 0x0d, 0x04, 0x00, 0x15, 0x17, 0x08
};

const u8 PursuitNormal[] = {
    0x19, 0x84, 0x00, 0x3f, 0x02, 0x5d, 0x01, 0x00, 0x00, 0x83, 0x03, 0xff, 0x00, 0x00, 0x03, 0xa7, 0x01, 0x00, 0x00, 0x05, 0xff, 0x00, 0x00, 0x13, 0xaa, 0x01, 0x00, 0x00
};

const u8 PursuitOnSwitchout[] = {
    0x19, 0x84, 0x00, 0x3f, 0x02, 0x5d, 0x01, 0x00, 0x00, 0x83, 0x03, 0xff, 0x00, 0x00, 0x03, 0xa7, 0x01, 0x00, 0x00, 0x05, 0xff, 0x00, 0x00, 0x13, 0xaa, 0x01, 0x00, 0x00
};

const u8 Move_SPIKE_CANNON[] = {
    0x00, 0xb1, 0x27, 0x00, 0x97, 0x27, 0x0a, 0x01, 0x28, 0x01, 0x0c, 0x0c, 0x08, 0x03, 0x78, 0x01, 0x00, 0x00, 0x05, 0xff, 0x00, 0x00, 0x05, 0x1c, 0x99, 0x00, 0xc0, 0x05, 0x03, 0x02, 0x68, 0x01, 0x00, 0x00, 0x82, 0x02, 0xff, 0x00, 0x00, 0x02, 0x7c, 0x01, 0x00, 0x00, 0x82, 0x02, 0xff, 0x0a, 0x00, 0x02, 0x7c, 0x01, 0x00, 0x00, 0x82, 0x02, 0xff, 0x12, 0x00, 0x02, 0x7c, 0x01, 0x00, 0x00, 0x82, 0x02, 0xff, 0x1a, 0x00, 0x05, 0x02, 0x7e, 0x01, 0x00, 0x00, 0x83, 0x03, 0xff, 0xf8, 0xff, 0x02, 0x7e, 0x01, 0x00, 0x00, 0x83, 0x03, 0xff, 0x00, 0x00, 0x02, 0x7e, 0x01, 0x00, 0x00, 0x83, 0x03, 0xff, 0x08, 0x00, 0x03, 0x66, 0x01, 0x00, 0x00, 0x02, 0xff, 0x01, 0x00, 0x1c, 0x9f, 0x00, 0x3f, 0x05, 0x03, 0x05, 0x0b, 0x01, 0x0d, 0x08
};

const u8 Move_SWORDS_DANCE[] = {
    0x00, 0x15, 0x27, 0x0a, 0x00, 0x0c, 0x0c, 0x08, 0x19, 0xb8, 0x00, 0xc0, 0x03, 0x69, 0x01, 0x00, 0x00, 0x02, 0xff, 0x00, 0x00, 0x02, 0xab, 0x01, 0x00, 0x00, 0x82, 0x02, 0xff, 0x00, 0x00, 0x04, 0x16, 0x03, 0xac, 0x01, 0x00, 0x00, 0x02, 0xff, 0x15, 0x27, 0x05, 0x0b, 0x00, 0x0d, 0x04, 0x01, 0x08
};

const u8 Move_PSYCH_UP[] = {
    0x00, 0xd4, 0x27, 0x0a, 0x02, 0x03, 0xad, 0x01, 0x00, 0x00, 0x02, 0xff, 0x01, 0x00, 0x0c, 0x0c, 0x08, 0x1c, 0xc1, 0x00, 0xc0, 0x05, 0x0a, 0x02, 0xae, 0x01, 0x00, 0x00, 0x82, 0x02, 0xff, 0x00, 0x00, 0x03, 0x71, 0x01, 0x00, 0x00, 0x05, 0xff, 0x00, 0x00, 0x04, 0x7f, 0x04, 0x04, 0x19, 0xb6, 0x00, 0xc0, 0x03, 0xa2, 0x01, 0x00, 0x00, 0x05, 0xff, 0xfb, 0xff, 0x03, 0x81, 0x01, 0x00, 0x00, 0x09, 0xff, 0x02, 0x00, 0x04, 0x1e, 0x0b, 0x02, 0x0d, 0x05, 0x08
};

const u8 Move_DIZZY_PUNCH[] = {
    0x00, 0x59, 0x27, 0x00, 0x9f, 0x27, 0x00, 0x97, 0x27, 0x0a, 0x01, 0x0c, 0x0c, 0x08, 0x0e, 0xaf, 0x01, 0x00, 0x00, 0x02, 0x93, 0x01, 0x00, 0x00, 0x85, 0x05, 0xff, 0x10, 0x00, 0x02, 0x5d, 0x01, 0x00, 0x00, 0x84, 0x04, 0xff, 0x10, 0x00, 0x19, 0x84, 0x00, 0x3f, 0x02, 0xb0, 0x01, 0x00, 0x00, 0x83, 0x03, 0xff, 0x10, 0x00, 0x02, 0xb0, 0x01, 0x00, 0x00, 0x83, 0x03, 0xff, 0x10, 0x00, 0x02, 0xb0, 0x01, 0x00, 0x00, 0x83, 0x03, 0xff, 0x10, 0x00, 0x02, 0xb0, 0x01, 0x00, 0x00, 0x83, 0x03, 0xff, 0x10, 0x00, 0x02, 0xb0, 0x01, 0x00, 0x00, 0x83, 0x03, 0xff, 0x10, 0x00, 0x02, 0xb0, 0x01, 0x00, 0x00, 0x83, 0x03, 0xff, 0x10, 0x00, 0x04, 0x0a, 0x0e, 0xaf, 0x01, 0x00, 0x00, 0x02, 0x93, 0x01, 0x00, 0x00, 0x85, 0x05, 0xff, 0xf0, 0xff, 0x02, 0x5d, 0x01, 0x00, 0x00, 0x84, 0x04, 0xff, 0xf0, 0xff, 0x19, 0x74, 0x00, 0x3f, 0x02, 0xb0, 0x01, 0x00, 0x00, 0x83, 0x03, 0xff, 0xf0, 0xff, 0x02, 0xb0, 0x01, 0x00, 0x00, 0x83, 0x03, 0xff, 0xf0, 0xff, 0x02, 0xb0, 0x01, 0x00, 0x00, 0x83, 0x03, 0xff, 0xf0, 0xff, 0x02, 0xb0, 0x01, 0x00, 0x00, 0x83, 0x03, 0xff, 0xf0, 0xff, 0x02, 0xb0, 0x01, 0x00, 0x00, 0x83, 0x03, 0xff, 0xf0, 0xff, 0x02, 0xb0, 0x01, 0x00, 0x00, 0x83, 0x03, 0xff, 0xf0, 0xff, 0x05, 0x0b, 0x01, 0x0d, 0x08
};

const u8 DizzyPunchLunge[] = {
    0x02, 0x6a, 0x01, 0x00, 0x00, 0x82, 0x02, 0xff, 0x06, 0x00, 0x04, 0x06, 0x03, 0x66, 0x01, 0x00, 0x00, 0x02, 0xff, 0x01, 0x00, 0x0f
};

const u8 Move_FIRE_SPIN[] = {
    0x00, 0x2d, 0x27, 0x19, 0x8f, 0x00, 0x3f, 0x03, 0x5e, 0x01, 0x00, 0x00, 0x05, 0xff, 0x01, 0x00, 0x0e, 0xb1, 0x01, 0x00, 0x00, 0x0e, 0xb1, 0x01, 0x00, 0x00, 0x0e, 0xb1, 0x01, 0x00, 0x00, 0x05, 0x08
};

const u8 FireSpinEffect[] = {
    0x02, 0xb2, 0x01, 0x00, 0x00, 0x82, 0x02, 0xff, 0x00, 0x00, 0x04, 0x02, 0x02, 0xb2, 0x01, 0x00, 0x00, 0x82, 0x02, 0xff, 0x00, 0x00, 0x04, 0x02, 0x02, 0xb2, 0x01, 0x00, 0x00, 0x82, 0x02, 0xff, 0x00, 0x00, 0x04, 0x02, 0x02, 0xb2, 0x01, 0x00, 0x00, 0x82, 0x02, 0xff, 0x00, 0x00, 0x04, 0x02, 0x02, 0xb2, 0x01, 0x00, 0x00, 0x82, 0x02, 0xff, 0x00, 0x00, 0x04, 0x02, 0x02, 0xb2, 0x01, 0x00, 0x00, 0x82, 0x02, 0xff, 0x00, 0x00, 0x04, 0x02, 0x0f
};

const u8 Move_FURY_CUTTER[] = {
    0x00, 0x9a, 0x27, 0x0a, 0x01, 0x0c, 0x0c, 0x08, 0x19, 0x81, 0x00, 0x3f, 0x03, 0xb3, 0x01, 0x00, 0x00, 0x02, 0x00, 0x21, 0x07, 0x00, 0x00, 0xb4, 0x01, 0x00, 0x00, 0x13, 0xb5, 0x01, 0x00, 0x00
};

const u8 FuryCutterContinue[] = {
    0x03, 0xb6, 0x01, 0x00, 0x00, 0x02, 0x00, 0x21, 0x07, 0x01, 0x00, 0xb7, 0x01, 0x00, 0x00, 0x21, 0x07, 0x02, 0x00, 0xb8, 0x01, 0x00, 0x00, 0x21, 0x07, 0x03, 0x00, 0xb9, 0x01, 0x00, 0x00, 0x13, 0xba, 0x01, 0x00, 0x00
};

const u8 FuryCutterContinue2[] = {
    0x04, 0x05, 0x03, 0x5e, 0x01, 0x00, 0x00, 0x02, 0xff, 0x01, 0x00, 0x05, 0x0b, 0x01, 0x0d, 0x05, 0x08
};

const u8 FuryCutterLeft[] = {
    0x02, 0xa1, 0x01, 0x00, 0x00, 0x82, 0x02, 0xff, 0x28, 0x00, 0x13, 0xbb, 0x01, 0x00, 0x00
};

const u8 FuryCutterRight[] = {
    0x02, 0xa1, 0x01, 0x00, 0x00, 0x82, 0x02, 0xff, 0x28, 0x00, 0x13, 0xbb, 0x01, 0x00, 0x00
};

const u8 FuryCutterMedium[] = {
    0x02, 0x79, 0x01, 0x00, 0x00, 0x82, 0x02, 0xff, 0x1f, 0x00, 0x13, 0xb7, 0x01, 0x00, 0x00
};

const u8 FuryCutterStrong[] = {
    0x02, 0x79, 0x01, 0x00, 0x00, 0x82, 0x02, 0xff, 0x1f, 0x00, 0x13, 0xb7, 0x01, 0x00, 0x00
};

const u8 FuryCutterStrongest[] = {
    0x02, 0x79, 0x01, 0x00, 0x00, 0x82, 0x02, 0xff, 0x1f, 0x00, 0x13, 0xb7, 0x01, 0x00, 0x00
};

const u8 Move_SELF_DESTRUCT[] = {
    0x00, 0xd6, 0x27, 0x03, 0x81, 0x01, 0x00, 0x00, 0x0a, 0xff, 0x02, 0x00, 0x03, 0x66, 0x01, 0x00, 0x00, 0x05, 0xff, 0x04, 0x00, 0x03, 0x66, 0x01, 0x00, 0x00, 0x05, 0xff, 0x05, 0x00, 0x03, 0x66, 0x01, 0x00, 0x00, 0x05, 0xff, 0x06, 0x00, 0x03, 0x66, 0x01, 0x00, 0x00, 0x05, 0xff, 0x07, 0x00, 0x03, 0x66, 0x01, 0x00, 0x00, 0x05, 0xff, 0x08, 0x00, 0x0e, 0xbc, 0x01, 0x00, 0x00, 0x0e, 0xbc, 0x01, 0x00, 0x00, 0x05, 0x03, 0x81, 0x01, 0x00, 0x00, 0x0a, 0xff, 0x02, 0x00, 0x08
};

const u8 SelfDestructExplode[] = {
    0x19, 0xaa, 0x00, 0xc0, 0x02, 0xbd, 0x01, 0x00, 0x00, 0x83, 0x03, 0xff, 0x00, 0x00, 0x04, 0x06, 0x19, 0xaa, 0x00, 0xc0, 0x02, 0xbd, 0x01, 0x00, 0x00, 0x83, 0x03, 0xff, 0x18, 0x00, 0x04, 0x06, 0x19, 0xaa, 0x00, 0xc0, 0x02, 0xbd, 0x01, 0x00, 0x00, 0x83, 0x03, 0xff, 0xf0, 0xff, 0x04, 0x06, 0x19, 0xaa, 0x00, 0xc0, 0x02, 0xbd, 0x01, 0x00, 0x00, 0x83, 0x03, 0xff, 0xe8, 0xff, 0x04, 0x06, 0x19, 0xaa, 0x00, 0xc0, 0x02, 0xbd, 0x01, 0x00, 0x00, 0x83, 0x03, 0xff, 0x10, 0x00, 0x04, 0x06, 0x0f
};

const u8 Move_SLAM[] = {
    0x00, 0x48, 0x27, 0x00, 0x97, 0x27, 0x0a, 0x01, 0x0c, 0x0c, 0x08, 0x19, 0x84, 0x00, 0xc0, 0x02, 0x6c, 0x01, 0x00, 0x00, 0x82, 0x02, 0xff, 0x00, 0x00, 0x04, 0x01, 0x02, 0xbe, 0x01, 0x00, 0x00, 0x82, 0x02, 0xff, 0x00, 0x00, 0x04, 0x03, 0x19, 0x86, 0x00, 0x3f, 0x02, 0x5d, 0x01, 0x00, 0x00, 0x83, 0x03, 0xff, 0x00, 0x00, 0x02, 0x6c, 0x01, 0x00, 0x00, 0x82, 0x02, 0xff, 0x01, 0x00, 0x02, 0x68, 0x01, 0x00, 0x00, 0x82, 0x02, 0xff, 0x00, 0x00, 0x04, 0x03, 0x03, 0x6d, 0x01, 0x00, 0x00, 0x02, 0xff, 0x01, 0x00, 0x05, 0x04, 0x05, 0x02, 0x68, 0x01, 0x00, 0x00, 0x82, 0x02, 0xff, 0x01, 0x00, 0x05, 0x0b, 0x01, 0x0d, 0x08
};

const u8 Move_VINE_WHIP[] = {
    0x00, 0x2f, 0x28, 0x19, 0x88, 0x00, 0xc0, 0x02, 0x6a, 0x01, 0x00, 0x00, 0x82, 0x02, 0xff, 0x04, 0x00, 0x04, 0x06, 0x19, 0x94, 0x00, 0x3f, 0x02, 0xbf, 0x01, 0x00, 0x00, 0x82, 0x02, 0xff, 0x00, 0x00, 0x04, 0x06, 0x03, 0x66, 0x01, 0x00, 0x00, 0x02, 0xff, 0x01, 0x00, 0x08
};

const u8 Move_DRILL_PECK[] = {
    0x00, 0x97, 0x27, 0x00, 0xb2, 0x27, 0x02, 0xc0, 0x01, 0x00, 0x00, 0x82, 0x02, 0xff, 0x00, 0x00, 0x19, 0x9b, 0x00, 0xc0, 0x05, 0x04, 0x02, 0x02, 0xc0, 0x01, 0x00, 0x00, 0x82, 0x02, 0xff, 0x01, 0x00, 0x04, 0x02, 0x1c, 0x9f, 0x00, 0x3f, 0x04, 0x08, 0x03, 0xc1, 0x01, 0x00, 0x00, 0x05, 0x00, 0x03, 0x66, 0x01, 0x00, 0x00, 0x02, 0xff, 0x01, 0x00, 0x05, 0x02, 0xc0, 0x01, 0x00, 0x00, 0x82, 0x02, 0xff, 0x02, 0x00, 0x05, 0x02, 0x68, 0x01, 0x00, 0x00, 0x82, 0x02, 0xff, 0x00, 0x00, 0x05, 0x08
};

const u8 Move_WATERFALL[] = {
    0x00, 0xa4, 0x27, 0x00, 0xab, 0x27, 0x00, 0x9d, 0x27, 0x0a, 0x03, 0x0c, 0x0c, 0x08, 0x03, 0x5e, 0x01, 0x00, 0x00, 0x05, 0xff, 0x00, 0x00, 0x04, 0x05, 0x19, 0x87, 0x00, 0xc0, 0x02, 0xc2, 0x01, 0x00, 0x00, 0x82, 0x02, 0xff, 0x0a, 0x00, 0x04, 0x04, 0x19, 0x87, 0x00, 0xc0, 0x02, 0xc2, 0x01, 0x00, 0x00, 0x82, 0x02, 0xff, 0xf1, 0xff, 0x04, 0x04, 0x19, 0x87, 0x00, 0xc0, 0x02, 0xc2, 0x01, 0x00, 0x00, 0x82, 0x02, 0xff, 0x14, 0x00, 0x04, 0x04, 0x19, 0x87, 0x00, 0xc0, 0x02, 0xc2, 0x01, 0x00, 0x00, 0x82, 0x02, 0xff, 0x00, 0x00, 0x04, 0x04, 0x19, 0x87, 0x00, 0xc0, 0x02, 0xc2, 0x01, 0x00, 0x00, 0x82, 0x02, 0xff, 0xf6, 0xff, 0x04, 0x04, 0x19, 0x87, 0x00, 0xc0, 0x02, 0xc2, 0x01, 0x00, 0x00, 0x82, 0x02, 0xff, 0x19, 0x00, 0x04, 0x04, 0x19, 0x87, 0x00, 0xc0, 0x02, 0xc2, 0x01, 0x00, 0x00, 0x82, 0x02, 0xff, 0xec, 0xff, 0x04, 0x04, 0x19, 0x87, 0x00, 0xc0, 0x02, 0xc2, 0x01, 0x00, 0x00, 0x82, 0x02, 0xff, 0x0c, 0x00, 0x05, 0x04, 0x0a, 0x02, 0x6a, 0x01, 0x00, 0x00, 0x82, 0x02, 0xff, 0x06, 0x00, 0x04, 0x06, 0x0e, 0xc3, 0x01, 0x00, 0x00, 0x05, 0x0b, 0x03, 0x0d, 0x08
};

const u8 RisingWaterHitEffect[] = {
    0x19, 0xd1, 0x00, 0x3f, 0x03, 0x66, 0x01, 0x00, 0x00, 0x05, 0xff, 0x01, 0x00, 0x02, 0xc4, 0x01, 0x00, 0x00, 0x83, 0x03, 0xff, 0x00, 0x00, 0x02, 0xc5, 0x01, 0x00, 0x00, 0x84, 0x04, 0xff, 0x00, 0x00, 0x02, 0xc5, 0x01, 0x00, 0x00, 0x84, 0x04, 0xff, 0x00, 0x00, 0x04, 0x02, 0x02, 0xc4, 0x01, 0x00, 0x00, 0x83, 0x03, 0xff, 0x00, 0x00, 0x02, 0xc5, 0x01, 0x00, 0x00, 0x84, 0x04, 0xff, 0x00, 0x00, 0x02, 0xc5, 0x01, 0x00, 0x00, 0x84, 0x04, 0xff, 0x00, 0x00, 0x04, 0x02, 0x02, 0xc4, 0x01, 0x00, 0x00, 0x83, 0x03, 0xff, 0x00, 0x00, 0x02, 0xc5, 0x01, 0x00, 0x00, 0x84, 0x04, 0xff, 0x00, 0x00, 0x02, 0xc5, 0x01, 0x00, 0x00, 0x84, 0x04, 0xff, 0x00, 0x00, 0x04, 0x02, 0x02, 0xc4, 0x01, 0x00, 0x00, 0x83, 0x03, 0xff, 0x00, 0x00, 0x02, 0xc5, 0x01, 0x00, 0x00, 0x84, 0x04, 0xff, 0x00, 0x00, 0x02, 0xc5, 0x01, 0x00, 0x00, 0x84, 0x04, 0xff, 0x00, 0x00, 0x04, 0x02, 0x02, 0xc4, 0x01, 0x00, 0x00, 0x83, 0x03, 0xff, 0x00, 0x00, 0x02, 0xc5, 0x01, 0x00, 0x00, 0x84, 0x04, 0xff, 0x00, 0x00, 0x02, 0xc5, 0x01, 0x00, 0x00, 0x84, 0x04, 0xff, 0x00, 0x00, 0x04, 0x02, 0x02, 0xc4, 0x01, 0x00, 0x00, 0x83, 0x03, 0xff, 0x00, 0x00, 0x02, 0xc5, 0x01, 0x00, 0x00, 0x84, 0x04, 0xff, 0x00, 0x00, 0x02, 0xc5, 0x01, 0x00, 0x00, 0x84, 0x04, 0xff, 0x00, 0x00, 0x04, 0x02, 0x02, 0xc4, 0x01, 0x00, 0x00, 0x83, 0x03, 0xff, 0x00, 0x00, 0x02, 0xc5, 0x01, 0x00, 0x00, 0x84, 0x04, 0xff, 0x00, 0x00, 0x02, 0xc5, 0x01, 0x00, 0x00, 0x84, 0x04, 0xff, 0x00, 0x00, 0x04, 0x02, 0x02, 0xc4, 0x01, 0x00, 0x00, 0x83, 0x03, 0xff, 0x00, 0x00, 0x02, 0xc5, 0x01, 0x00, 0x00, 0x84, 0x04, 0xff, 0x00, 0x00, 0x02, 0xc5, 0x01, 0x00, 0x00, 0x84, 0x04, 0xff, 0x00, 0x00, 0x04, 0x02, 0x02, 0xc4, 0x01, 0x00, 0x00, 0x83, 0x03, 0xff, 0x00, 0x00, 0x02, 0xc5, 0x01, 0x00, 0x00, 0x84, 0x04, 0xff, 0x00, 0x00, 0x02, 0xc5, 0x01, 0x00, 0x00, 0x84, 0x04, 0xff, 0x00, 0x00, 0x0f
};

const u8 Move_EXPLOSION[] = {
    0x00, 0xd6, 0x27, 0x03, 0x66, 0x01, 0x00, 0x00, 0x05, 0xff, 0x04, 0x00, 0x03, 0x66, 0x01, 0x00, 0x00, 0x05, 0xff, 0x05, 0x00, 0x03, 0x66, 0x01, 0x00, 0x00, 0x05, 0xff, 0x06, 0x00, 0x03, 0x66, 0x01, 0x00, 0x00, 0x05, 0xff, 0x07, 0x00, 0x03, 0x66, 0x01, 0x00, 0x00, 0x05, 0xff, 0x08, 0x00, 0x0e, 0xc6, 0x01, 0x00, 0x00, 0x0e, 0xc6, 0x01, 0x00, 0x00, 0x05, 0x03, 0x81, 0x01, 0x00, 0x00, 0x0a, 0xff, 0x01, 0x00, 0x04, 0x32, 0x03, 0x81, 0x01, 0x00, 0x00, 0x0a, 0xff, 0x01, 0x00, 0x08
};

const u8 Explosion1[] = {
    0x19, 0xab, 0x00, 0xc0, 0x02, 0xbd, 0x01, 0x00, 0x00, 0x83, 0x03, 0xff, 0x00, 0x00, 0x04, 0x06, 0x19, 0xab, 0x00, 0xc0, 0x02, 0xbd, 0x01, 0x00, 0x00, 0x83, 0x03, 0xff, 0x18, 0x00, 0x04, 0x06, 0x19, 0xab, 0x00, 0xc0, 0x02, 0xbd, 0x01, 0x00, 0x00, 0x83, 0x03, 0xff, 0xf0, 0xff, 0x04, 0x06, 0x19, 0xab, 0x00, 0xc0, 0x02, 0xbd, 0x01, 0x00, 0x00, 0x83, 0x03, 0xff, 0xe8, 0xff, 0x04, 0x06, 0x19, 0xab, 0x00, 0xc0, 0x02, 0xbd, 0x01, 0x00, 0x00, 0x83, 0x03, 0xff, 0x10, 0x00, 0x04, 0x06, 0x0f
};

const u8 Move_DEFENSE_CURL[] = {
    0x00, 0xfa, 0x27, 0x1c, 0xd5, 0x00, 0xc0, 0x12, 0x03, 0x03, 0xc7, 0x01, 0x00, 0x00, 0x05, 0xff, 0x00, 0x00, 0x03, 0xc8, 0x01, 0x00, 0x00, 0x05, 0x00, 0x05, 0x02, 0xc9, 0x01, 0x00, 0x00, 0x82, 0x02, 0xff, 0x00, 0x00, 0x05, 0x03, 0xc7, 0x01, 0x00, 0x00, 0x05, 0xff, 0x00, 0x00, 0x05, 0x08
};

const u8 Move_PROTECT[] = {
    0x00, 0x28, 0x28, 0x0a, 0x02, 0x28, 0x00, 0x1d, 0xc8, 0x00, 0xc0, 0x10, 0x02, 0xca, 0x01, 0x00, 0x00, 0x82, 0x02, 0xff, 0x18, 0x00, 0x05, 0x0b, 0x02, 0x08
};

const u8 Move_DETECT[] = {
    0x00, 0x57, 0x27, 0x02, 0x7a, 0x01, 0x00, 0x00, 0x82, 0x02, 0xff, 0x01, 0x00, 0x05, 0x03, 0x81, 0x01, 0x00, 0x00, 0x0a, 0xff, 0x02, 0x00, 0x04, 0x12, 0x19, 0xca, 0x00, 0xc0, 0x02, 0xcb, 0x01, 0x00, 0x00, 0x8d, 0x0d, 0xff, 0x14, 0x00, 0x05, 0x04, 0x0a, 0x02, 0x7a, 0x01, 0x00, 0x00, 0x82, 0x02, 0xff, 0x01, 0x00, 0x03, 0x81, 0x01, 0x00, 0x00, 0x0a, 0xff, 0x02, 0x00, 0x05, 0x08
};

const u8 Move_FRUSTRATION[] = {
    0x00, 0x97, 0x27, 0x00, 0x67, 0x27, 0x0a, 0x03, 0x0c, 0x0c, 0x08, 0x03, 0xcc, 0x01, 0x00, 0x00, 0x01, 0x00, 0x21, 0x07, 0x00, 0x00, 0xcd, 0x01, 0x00, 0x00, 0x21, 0x07, 0x01, 0x00, 0xce, 0x01, 0x00, 0x00, 0x21, 0x07, 0x02, 0x00, 0xcf, 0x01, 0x00, 0x00, 0x13, 0xd0, 0x01, 0x00, 0x00
};

const u8 Frustration_Continue[] = {
    0x05, 0x0b, 0x03, 0x0d, 0x08
};

const u8 Frustration_Strongest[] = {
    0x19, 0xa4, 0x00, 0xc0, 0x03, 0x66, 0x01, 0x00, 0x00, 0x05, 0xff, 0x00, 0x00, 0x03, 0x81, 0x01, 0x00, 0x00, 0x0a, 0xff, 0x02, 0x00, 0x05, 0x04, 0x14, 0x19, 0xbb, 0x00, 0xc0, 0x02, 0xd1, 0x01, 0x00, 0x00, 0x82, 0x02, 0xff, 0x00, 0x00, 0x05, 0x19, 0xbb, 0x00, 0xc0, 0x02, 0xd1, 0x01, 0x00, 0x00, 0x82, 0x02, 0xff, 0x00, 0x00, 0x05, 0x04, 0x0a, 0x03, 0x71, 0x01, 0x00, 0x00, 0x05, 0xff, 0x00, 0x00, 0x04, 0x05, 0x03, 0x66, 0x01, 0x00, 0x00, 0x05, 0xff, 0x01, 0x00, 0x02, 0x5d, 0x01, 0x00, 0x00, 0x83, 0x03, 0xff, 0x00, 0x00, 0x19, 0x84, 0x00, 0x3f, 0x04, 0x05, 0x02, 0x5d, 0x01, 0x00, 0x00, 0x83, 0x03, 0xff, 0x18, 0x00, 0x19, 0x84, 0x00, 0x3f, 0x04, 0x05, 0x02, 0x5d, 0x01, 0x00, 0x00, 0x83, 0x03, 0xff, 0xe8, 0xff, 0x19, 0x84, 0x00, 0x3f, 0x04, 0x05, 0x02, 0x5d, 0x01, 0x00, 0x00, 0x83, 0x03, 0xff, 0x08, 0x00, 0x19, 0x84, 0x00, 0x3f, 0x04, 0x05, 0x02, 0x5d, 0x01, 0x00, 0x00, 0x83, 0x03, 0xff, 0xf0, 0xff, 0x19, 0x84, 0x00, 0x3f, 0x04, 0x05, 0x02, 0x5d, 0x01, 0x00, 0x00, 0x83, 0x03, 0xff, 0x12, 0x00, 0x19, 0x84, 0x00, 0x3f, 0x05, 0x03, 0x81, 0x01, 0x00, 0x00, 0x0a, 0xff, 0x02, 0x00, 0x13, 0xd2, 0x01, 0x00, 0x00
};

const u8 Frustration_Strong[] = {
    0x19, 0xa4, 0x00, 0xc0, 0x03, 0x66, 0x01, 0x00, 0x00, 0x05, 0xff, 0x00, 0x00, 0x03, 0x81, 0x01, 0x00, 0x00, 0x0a, 0xff, 0x02, 0x00, 0x05, 0x04, 0x14, 0x19, 0xbb, 0x00, 0xc0, 0x02, 0xd1, 0x01, 0x00, 0x00, 0x82, 0x02, 0xff, 0x00, 0x00, 0x05, 0x04, 0x05, 0x03, 0xd3, 0x01, 0x00, 0x00, 0x05, 0x00, 0x04, 0x07, 0x19, 0x84, 0x00, 0x3f, 0x02, 0x5d, 0x01, 0x00, 0x00, 0x83, 0x03, 0xff, 0x00, 0x00, 0x03, 0x66, 0x01, 0x00, 0x00, 0x05, 0xff, 0x01, 0x00, 0x04, 0x0e, 0x19, 0x84, 0x00, 0x3f, 0x02, 0x5d, 0x01, 0x00, 0x00, 0x83, 0x03, 0xff, 0x0c, 0x00, 0x03, 0x66, 0x01, 0x00, 0x00, 0x05, 0xff, 0x01, 0x00, 0x04, 0x0e, 0x19, 0x84, 0x00, 0x3f, 0x02, 0x5d, 0x01, 0x00, 0x00, 0x83, 0x03, 0xff, 0xf4, 0xff, 0x03, 0x66, 0x01, 0x00, 0x00, 0x05, 0xff, 0x01, 0x00, 0x05, 0x03, 0x81, 0x01, 0x00, 0x00, 0x0a, 0xff, 0x02, 0x00, 0x13, 0xd2, 0x01, 0x00, 0x00
};

const u8 Frustration_Medium[] = {
    0x19, 0xbb, 0x00, 0xc0, 0x02, 0xd1, 0x01, 0x00, 0x00, 0x82, 0x02, 0xff, 0x00, 0x00, 0x05, 0x04, 0x05, 0x02, 0x6a, 0x01, 0x00, 0x00, 0x82, 0x02, 0xff, 0x04, 0x00, 0x04, 0x06, 0x19, 0x84, 0x00, 0x3f, 0x02, 0x5d, 0x01, 0x00, 0x00, 0x82, 0x02, 0xff, 0x0a, 0x00, 0x03, 0x66, 0x01, 0x00, 0x00, 0x02, 0xff, 0x01, 0x00, 0x05, 0x02, 0x6a, 0x01, 0x00, 0x00, 0x82, 0x02, 0xff, 0x04, 0x00, 0x04, 0x06, 0x19, 0x84, 0x00, 0x3f, 0x02, 0x5d, 0x01, 0x00, 0x00, 0x82, 0x02, 0xff, 0xf6, 0xff, 0x03, 0x66, 0x01, 0x00, 0x00, 0x02, 0xff, 0x01, 0x00, 0x13, 0xd2, 0x01, 0x00, 0x00
};

const u8 Frustration_Weak[] = {
    0x02, 0xd4, 0x01, 0x00, 0x00, 0x82, 0x02, 0xff, 0x14, 0x00, 0x05, 0x04, 0x0a, 0x02, 0x6a, 0x01, 0x00, 0x00, 0x82, 0x02, 0xff, 0x0a, 0x00, 0x04, 0x0c, 0x19, 0x84, 0x00, 0x3f, 0x02, 0x5d, 0x01, 0x00, 0x00, 0x82, 0x02, 0xff, 0x00, 0x00, 0x03, 0x66, 0x01, 0x00, 0x00, 0x02, 0xff, 0x01, 0x00, 0x13, 0xd2, 0x01, 0x00, 0x00
};

const u8 Move_SAFEGUARD[] = {
    0x00, 0x04, 0x28, 0x0a, 0x02, 0x0c, 0x08, 0x08, 0x19, 0xda, 0x00, 0xc0, 0x02, 0xd5, 0x01, 0x00, 0x00, 0x82, 0x02, 0x00, 0x04, 0x04, 0x02, 0xd5, 0x01, 0x00, 0x00, 0x82, 0x02, 0x00, 0x04, 0x04, 0x02, 0xd5, 0x01, 0x00, 0x00, 0x82, 0x02, 0x00, 0x05, 0x19, 0x5f, 0x00, 0xc0, 0x03, 0xa5, 0x01, 0x00, 0x00, 0x02, 0xff, 0x0a, 0x00, 0x05, 0x0b, 0x02, 0x0d, 0x08
};

const u8 Move_PAIN_SPLIT[] = {
    0x00, 0xff, 0x27, 0x02, 0xd6, 0x01, 0x00, 0x00, 0x82, 0x02, 0xff, 0xf8, 0xff, 0x02, 0xd6, 0x01, 0x00, 0x00, 0x82, 0x02, 0xff, 0xf8, 0xff, 0x04, 0x0a, 0x19, 0xbb, 0x00, 0x00, 0x03, 0xd7, 0x01, 0x00, 0x00, 0x02, 0xff, 0x00, 0x00, 0x03, 0xd7, 0x01, 0x00, 0x00, 0x02, 0xff, 0x01, 0x00, 0x05, 0x02, 0xd6, 0x01, 0x00, 0x00, 0x82, 0x02, 0xff, 0xe8, 0xff, 0x02, 0xd6, 0x01, 0x00, 0x00, 0x82, 0x02, 0xff, 0xe8, 0xff, 0x04, 0x0a, 0x19, 0xbb, 0x00, 0x00, 0x03, 0xd7, 0x01, 0x00, 0x00, 0x02, 0xff, 0x00, 0x00, 0x03, 0xd7, 0x01, 0x00, 0x00, 0x02, 0xff, 0x01, 0x00, 0x05, 0x02, 0xd6, 0x01, 0x00, 0x00, 0x82, 0x02, 0xff, 0x08, 0x00, 0x02, 0xd6, 0x01, 0x00, 0x00, 0x82, 0x02, 0xff, 0x08, 0x00, 0x04, 0x0a, 0x19, 0xbb, 0x00, 0x00, 0x03, 0xd7, 0x01, 0x00, 0x00, 0x02, 0xff, 0x00, 0x00, 0x03, 0xd7, 0x01, 0x00, 0x00, 0x02, 0xff, 0x01, 0x00, 0x08
};

const u8 Move_VICE_GRIP[] = {
    0x00, 0x9a, 0x27, 0x00, 0x97, 0x27, 0x0a, 0x03, 0x0c, 0x0c, 0x08, 0x19, 0x95, 0x00, 0x3f, 0x02, 0xd8, 0x01, 0x00, 0x00, 0x82, 0x02, 0xff, 0x00, 0x00, 0x02, 0xd8, 0x01, 0x00, 0x00, 0x82, 0x02, 0xff, 0x01, 0x00, 0x04, 0x09, 0x02, 0x5d, 0x01, 0x00, 0x00, 0x81, 0x01, 0xff, 0x00, 0x00, 0x03, 0x66, 0x01, 0x00, 0x00, 0x05, 0xff, 0x01, 0x00, 0x05, 0x0b, 0x03, 0x0d, 0x08
};

const u8 Move_GUILLOTINE[] = {
    0x00, 0x9a, 0x27, 0x00, 0x97, 0x27, 0x0a, 0x03, 0x0c, 0x0c, 0x08, 0x25, 0x0c, 0x0d, 0x0e, 0x17, 0x19, 0x95, 0x00, 0x3f, 0x02, 0xd9, 0x01, 0x00, 0x00, 0x82, 0x02, 0xff, 0x00, 0x00, 0x02, 0xd9, 0x01, 0x00, 0x00, 0x82, 0x02, 0xff, 0x01, 0x00, 0x03, 0x81, 0x01, 0x00, 0x00, 0x0a, 0xff, 0x04, 0x00, 0x04, 0x09, 0x03, 0x66, 0x01, 0x00, 0x00, 0x05, 0xff, 0x01, 0x00, 0x04, 0x2e, 0x03, 0x66, 0x01, 0x00, 0x00, 0x05, 0xff, 0x01, 0x00, 0x02, 0x5d, 0x01, 0x00, 0x00, 0x83, 0x03, 0xff, 0x00, 0x00, 0x02, 0x79, 0x01, 0x00, 0x00, 0x82, 0x02, 0xff, 0x1f, 0x00, 0x19, 0x81, 0x00, 0x3f, 0x05, 0x0b, 0x03, 0x0d, 0x15, 0x17, 0x08
};

const u8 Move_PAY_DAY[] = {
    0x00, 0x74, 0x27, 0x00, 0x97, 0x27, 0x0a, 0x01, 0x28, 0x01, 0x0c, 0x0c, 0x08, 0x19, 0x99, 0x00, 0xc0, 0x02, 0xda, 0x01, 0x00, 0x00, 0x82, 0x02, 0xff, 0x14, 0x00, 0x05, 0x19, 0xa7, 0x00, 0x3f, 0x02, 0x5d, 0x01, 0x00, 0x00, 0x81, 0x01, 0xff, 0x00, 0x00, 0x02, 0xdb, 0x01, 0x00, 0x00, 0x82, 0x02, 0x00, 0x03, 0x66, 0x01, 0x00, 0x00, 0x02, 0xff, 0x01, 0x00, 0x05, 0x0b, 0x01, 0x0d, 0x08
};

const u8 Move_OUTRAGE[] = {
    0x00, 0x2d, 0x27, 0x1c, 0xa4, 0x00, 0xc0, 0x08, 0x03, 0x03, 0xa5, 0x01, 0x00, 0x00, 0x02, 0xff, 0x07, 0x00, 0x03, 0x69, 0x01, 0x00, 0x00, 0x02, 0xff, 0x00, 0x00, 0x04, 0x00, 0x02, 0xdc, 0x01, 0x00, 0x00, 0x82, 0x02, 0xff, 0x00, 0x00, 0x04, 0x00, 0x02, 0xdc, 0x01, 0x00, 0x00, 0x82, 0x02, 0xff, 0x00, 0x00, 0x04, 0x00, 0x02, 0xdc, 0x01, 0x00, 0x00, 0x82, 0x02, 0xff, 0x00, 0x00, 0x04, 0x00, 0x02, 0xdc, 0x01, 0x00, 0x00, 0x82, 0x02, 0xff, 0x00, 0x00, 0x04, 0x00, 0x03, 0x66, 0x01, 0x00, 0x00, 0x02, 0xff, 0x01, 0x00, 0x02, 0xdc, 0x01, 0x00, 0x00, 0x82, 0x02, 0xff, 0x00, 0x00, 0x04, 0x00, 0x02, 0xdc, 0x01, 0x00, 0x00, 0x82, 0x02, 0xff, 0x00, 0x00, 0x04, 0x00, 0x02, 0xdc, 0x01, 0x00, 0x00, 0x82, 0x02, 0xff, 0x00, 0x00, 0x04, 0x00, 0x02, 0xdc, 0x01, 0x00, 0x00, 0x82, 0x02, 0xff, 0x00, 0x00, 0x04, 0x00, 0x02, 0xdc, 0x01, 0x00, 0x00, 0x82, 0x02, 0xff, 0x00, 0x00, 0x0e, 0xdd, 0x01, 0x00, 0x00, 0x0e, 0xdd, 0x01, 0x00, 0x00, 0x05, 0x08
};

const u8 OutrageFlames[] = {
    0x04, 0x03, 0x02, 0xdc, 0x01, 0x00, 0x00, 0x82, 0x02, 0xff, 0x00, 0x00, 0x04, 0x00, 0x02, 0xdc, 0x01, 0x00, 0x00, 0x82, 0x02, 0xff, 0x00, 0x00, 0x04, 0x00, 0x02, 0xdc, 0x01, 0x00, 0x00, 0x82, 0x02, 0xff, 0x00, 0x00, 0x04, 0x00, 0x02, 0xdc, 0x01, 0x00, 0x00, 0x82, 0x02, 0xff, 0x00, 0x00, 0x04, 0x00, 0x02, 0xdc, 0x01, 0x00, 0x00, 0x82, 0x02, 0xff, 0x00, 0x00, 0x04, 0x00, 0x02, 0xdc, 0x01, 0x00, 0x00, 0x82, 0x02, 0xff, 0x00, 0x00, 0x04, 0x00, 0x02, 0xdc, 0x01, 0x00, 0x00, 0x82, 0x02, 0xff, 0x00, 0x00, 0x0f
};

const u8 Move_SPARK[] = {
    0x00, 0x97, 0x27, 0x00, 0x1b, 0x27, 0x04, 0x00, 0x03, 0xa5, 0x01, 0x00, 0x00, 0x02, 0xff, 0x03, 0x00, 0x19, 0x70, 0x00, 0xc0, 0x02, 0xde, 0x01, 0x00, 0x00, 0x80, 0x00, 0xff, 0x20, 0x00, 0x04, 0x00, 0x02, 0xde, 0x01, 0x00, 0x00, 0x80, 0x00, 0xff, 0x50, 0x00, 0x02, 0xde, 0x01, 0x00, 0x00, 0x80, 0x00, 0xff, 0x9c, 0x00, 0x04, 0x00, 0x03, 0xa5, 0x01, 0x00, 0x00, 0x02, 0xff, 0x03, 0x00, 0x04, 0x0a, 0x03, 0xa5, 0x01, 0x00, 0x00, 0x02, 0xff, 0x03, 0x00, 0x19, 0x70, 0x00, 0xc0, 0x02, 0xde, 0x01, 0x00, 0x00, 0x80, 0x00, 0xff, 0x64, 0x00, 0x02, 0xde, 0x01, 0x00, 0x00, 0x80, 0x00, 0xff, 0xaa, 0x00, 0x04, 0x00, 0x02, 0xde, 0x01, 0x00, 0x00, 0x80, 0x00, 0xff, 0xee, 0x00, 0x04, 0x00, 0x03, 0xa5, 0x01, 0x00, 0x00, 0x02, 0xff, 0x03, 0x00, 0x04, 0x14, 0x03, 0xa5, 0x01, 0x00, 0x00, 0x02, 0xff, 0x03, 0x00, 0x19, 0x70, 0x00, 0xc0, 0x02, 0x9b, 0x01, 0x00, 0x00, 0x84, 0x04, 0xff, 0x00, 0x00, 0x02, 0x9b, 0x01, 0x00, 0x00, 0x84, 0x04, 0xff, 0x00, 0x00, 0x02, 0x9b, 0x01, 0x00, 0x00, 0x84, 0x04, 0xff, 0x00, 0x00, 0x02, 0x9b, 0x01, 0x00, 0x00, 0x84, 0x04, 0xff, 0x00, 0x00, 0x02, 0x9b, 0x01, 0x00, 0x00, 0x84, 0x04, 0xff, 0x00, 0x00, 0x02, 0x9b, 0x01, 0x00, 0x00, 0x84, 0x04, 0xff, 0x00, 0x00, 0x02, 0x9b, 0x01, 0x00, 0x00, 0x84, 0x04, 0xff, 0x00, 0x00, 0x02, 0x9b, 0x01, 0x00, 0x00, 0x84, 0x04, 0xff, 0x00, 0x00, 0x04, 0x04, 0x05, 0x03, 0xa5, 0x01, 0x00, 0x00, 0x02, 0xff, 0x03, 0x00, 0x02, 0x6a, 0x01, 0x00, 0x00, 0x82, 0x02, 0xff, 0x04, 0x00, 0x04, 0x04, 0x19, 0xd0, 0x00, 0x3f, 0x02, 0x5d, 0x01, 0x00, 0x00, 0x82, 0x02, 0xff, 0x00, 0x00, 0x03, 0x5e, 0x01, 0x00, 0x00, 0x02, 0xff, 0x01, 0x00, 0x05, 0x03, 0xa5, 0x01, 0x00, 0x00, 0x02, 0xff, 0x04, 0x00, 0x0e, 0x99, 0x01, 0x00, 0x00, 0x05, 0x08
};

const u8 Move_ATTRACT[] = {
    0x00, 0xe8, 0x27, 0x1c, 0xcd, 0x00, 0xc0, 0x0c, 0x03, 0x03, 0x71, 0x01, 0x00, 0x00, 0x05, 0xff, 0x00, 0x00, 0x04, 0x0f, 0x02, 0xdf, 0x01, 0x00, 0x00, 0x83, 0x03, 0xff, 0x14, 0x00, 0x05, 0x19, 0xdb, 0x00, 0x3f, 0x02, 0xe0, 0x01, 0x00, 0x00, 0x83, 0x03, 0xff, 0xa0, 0x00, 0x02, 0xe0, 0x01, 0x00, 0x00, 0x83, 0x03, 0xff, 0x00, 0xff, 0x02, 0xe0, 0x01, 0x00, 0x00, 0x83, 0x03, 0xff, 0x80, 0x00, 0x02, 0xe0, 0x01, 0x00, 0x00, 0x83, 0x03, 0xff, 0xa0, 0x01, 0x02, 0xe0, 0x01, 0x00, 0x00, 0x83, 0x03, 0xff, 0x80, 0xff, 0x02, 0xe0, 0x01, 0x00, 0x00, 0x83, 0x03, 0xff, 0x80, 0xfe, 0x05, 0x1d, 0xdc, 0x00, 0x00, 0x0f, 0x03, 0xe1, 0x01, 0x00, 0x00, 0x05, 0x00, 0x02, 0xe2, 0x01, 0x00, 0x00, 0xa8, 0x28, 0xff, 0x10, 0x00, 0x02, 0xe2, 0x01, 0x00, 0x00, 0xa8, 0x28, 0xff, 0xe0, 0x00, 0x02, 0xe2, 0x01, 0x00, 0x00, 0xa8, 0x28, 0xff, 0x7e, 0x00, 0x02, 0xe2, 0x01, 0x00, 0x00, 0xa8, 0x28, 0xff, 0x50, 0x00, 0x02, 0xe2, 0x01, 0x00, 0x00, 0xa8, 0x28, 0xff, 0xaa, 0x00, 0x02, 0xe2, 0x01, 0x00, 0x00, 0xa8, 0x28, 0xff, 0x28, 0x00, 0x02, 0xe2, 0x01, 0x00, 0x00, 0xa8, 0x28, 0xff, 0x70, 0x00, 0x02, 0xe2, 0x01, 0x00, 0x00, 0xa8, 0x28, 0xff, 0xc8, 0x00, 0x04, 0x4b, 0x03, 0xa5, 0x01, 0x00, 0x00, 0x02, 0xff, 0x04, 0x00, 0x08
};

const u8 Move_GROWTH[] = {
    0x0e, 0xe3, 0x01, 0x00, 0x00, 0x05, 0x0e, 0xe3, 0x01, 0x00, 0x00, 0x05, 0x08
};

const u8 GrowthEffect[] = {
    0x03, 0xa5, 0x01, 0x00, 0x00, 0x02, 0xff, 0x02, 0x00, 0x19, 0x91, 0x00, 0xc0, 0x03, 0xa2, 0x01, 0x00, 0x00, 0x05, 0xff, 0xfd, 0xff, 0x0f
};

const u8 Move_WHIRLWIND[] = {
    0x00, 0xb2, 0x27, 0x02, 0xe4, 0x01, 0x00, 0x00, 0x82, 0x02, 0xff, 0x00, 0x00, 0x02, 0xe4, 0x01, 0x00, 0x00, 0x82, 0x02, 0xff, 0x00, 0x00, 0x02, 0xe4, 0x01, 0x00, 0x00, 0x82, 0x02, 0xff, 0x00, 0x00, 0x02, 0xe4, 0x01, 0x00, 0x00, 0x82, 0x02, 0xff, 0x00, 0x00, 0x02, 0xe4, 0x01, 0x00, 0x00, 0x82, 0x02, 0xff, 0x00, 0x00, 0x02, 0xe4, 0x01, 0x00, 0x00, 0x82, 0x02, 0xff, 0x00, 0x00, 0x04, 0x05, 0x1c, 0x80, 0x00, 0x3f, 0x0a, 0x04, 0x03, 0x66, 0x01, 0x00, 0x00, 0x02, 0xff, 0x01, 0x00, 0x04, 0x1d, 0x03, 0x69, 0x01, 0x00, 0x00, 0x02, 0xff, 0x01, 0x00, 0x04, 0x07, 0x19, 0x7a, 0x00, 0x3f, 0x03, 0xe5, 0x01, 0x00, 0x00, 0x05, 0xff, 0x01, 0x00, 0x05, 0x08
};

const u8 Move_CONFUSE_RAY[] = {
    0x00, 0x1d, 0x27, 0x0a, 0x03, 0x14, 0x02, 0x17, 0x03, 0xe6, 0x01, 0x00, 0x00, 0x02, 0xff, 0xc0, 0xff, 0x03, 0xe7, 0x01, 0x00, 0x00, 0x02, 0xff, 0x1d, 0x27, 0x02, 0xe8, 0x01, 0x00, 0x00, 0x82, 0x02, 0xff, 0x1c, 0x00, 0x05, 0x0c, 0x08, 0x08, 0x19, 0x7b, 0x00, 0x3f, 0x02, 0xe9, 0x01, 0x00, 0x00, 0x82, 0x02, 0xff, 0x00, 0x00, 0x05, 0x04, 0x00, 0x0d, 0x0b, 0x03, 0x15, 0x17, 0x08
};

const u8 Move_LOCK_ON[] = {
    0x00, 0x1e, 0x27, 0x02, 0xea, 0x01, 0x00, 0x00, 0xa8, 0x28, 0x00, 0x02, 0xeb, 0x01, 0x00, 0x00, 0xa8, 0x28, 0xff, 0x01, 0x00, 0x02, 0xeb, 0x01, 0x00, 0x00, 0xa8, 0x28, 0xff, 0x02, 0x00, 0x02, 0xeb, 0x01, 0x00, 0x00, 0xa8, 0x28, 0xff, 0x03, 0x00, 0x02, 0xeb, 0x01, 0x00, 0x00, 0xa8, 0x28, 0xff, 0x04, 0x00, 0x04, 0x78, 0x10, 0x07, 0xff, 0xff, 0x05, 0x08
};

const u8 Move_MEAN_LOOK[] = {
    0x00, 0xcb, 0x27, 0x0a, 0x03, 0x19, 0xb6, 0x00, 0xc0, 0x02, 0x7a, 0x01, 0x00, 0x00, 0x82, 0x02, 0xff, 0x01, 0x00, 0x1c, 0xbd, 0x00, 0x3f, 0x0f, 0x04, 0x1d, 0xb9, 0x00, 0x3f, 0x55, 0x02, 0xec, 0x01, 0x00, 0x00, 0x82, 0x02, 0x00, 0x04, 0x78, 0x02, 0x7a, 0x01, 0x00, 0x00, 0x82, 0x02, 0xff, 0x01, 0x00, 0x04, 0x1e, 0x0b, 0x03, 0x05, 0x08
};

const u8 Move_ROCK_THROW[] = {
    0x00, 0x4a, 0x27, 0x02, 0xed, 0x01, 0x00, 0x00, 0x82, 0x02, 0xff, 0x06, 0x00, 0x02, 0xee, 0x01, 0x00, 0x00, 0x82, 0x02, 0xff, 0x00, 0x00, 0x19, 0x7c, 0x00, 0x3f, 0x04, 0x06, 0x02, 0xee, 0x01, 0x00, 0x00, 0x82, 0x02, 0xff, 0x13, 0x00, 0x19, 0x7c, 0x00, 0x3f, 0x04, 0x06, 0x02, 0xee, 0x01, 0x00, 0x00, 0x82, 0x02, 0xff, 0xe9, 0xff, 0x19, 0x7c, 0x00, 0x3f, 0x03, 0x5e, 0x01, 0x00, 0x00, 0x02, 0xff, 0x01, 0x00, 0x04, 0x06, 0x02, 0xee, 0x01, 0x00, 0x00, 0x82, 0x02, 0xff, 0xf1, 0xff, 0x19, 0x7c, 0x00, 0x3f, 0x04, 0x06, 0x02, 0xee, 0x01, 0x00, 0x00, 0x82, 0x02, 0xff, 0x17, 0x00, 0x19, 0x7c, 0x00, 0x3f, 0x05, 0x08
};

const u8 Move_ROCK_SLIDE[] = {
    0x00, 0x4a, 0x27, 0x0a, 0x03, 0x02, 0xed, 0x01, 0x00, 0x00, 0x82, 0x02, 0xff, 0x07, 0x00, 0x02, 0xee, 0x01, 0x00, 0x00, 0x82, 0x02, 0xff, 0xfb, 0xff, 0x19, 0x7c, 0x00, 0x3f, 0x04, 0x02, 0x02, 0xee, 0x01, 0x00, 0x00, 0x82, 0x02, 0xff, 0x05, 0x00, 0x19, 0x7c, 0x00, 0x3f, 0x04, 0x02, 0x02, 0xee, 0x01, 0x00, 0x00, 0x82, 0x02, 0xff, 0x13, 0x00, 0x19, 0x7c, 0x00, 0x3f, 0x04, 0x02, 0x02, 0xee, 0x01, 0x00, 0x00, 0x82, 0x02, 0xff, 0xe9, 0xff, 0x19, 0x7c, 0x00, 0x3f, 0x03, 0x5e, 0x01, 0x00, 0x00, 0x02, 0xff, 0x01, 0x00, 0x03, 0x5e, 0x01, 0x00, 0x00, 0x02, 0xff, 0x03, 0x00, 0x04, 0x02, 0x0e, 0xef, 0x01, 0x00, 0x00, 0x0e, 0xef, 0x01, 0x00, 0x00, 0x05, 0x0b, 0x03, 0x08
};

const u8 RockSlideRocks[] = {
    0x02, 0xee, 0x01, 0x00, 0x00, 0x82, 0x02, 0xff, 0xec, 0xff, 0x19, 0x7c, 0x00, 0x3f, 0x04, 0x02, 0x02, 0xee, 0x01, 0x00, 0x00, 0x82, 0x02, 0xff, 0x1c, 0x00, 0x19, 0x7c, 0x00, 0x3f, 0x04, 0x02, 0x02, 0xee, 0x01, 0x00, 0x00, 0x82, 0x02, 0xff, 0xf6, 0xff, 0x19, 0x7c, 0x00, 0x3f, 0x04, 0x02, 0x02, 0xee, 0x01, 0x00, 0x00, 0x82, 0x02, 0xff, 0x0a, 0x00, 0x19, 0x7c, 0x00, 0x3f, 0x04, 0x02, 0x02, 0xee, 0x01, 0x00, 0x00, 0x82, 0x02, 0xff, 0x18, 0x00, 0x19, 0x7c, 0x00, 0x3f, 0x04, 0x02, 0x02, 0xee, 0x01, 0x00, 0x00, 0x82, 0x02, 0xff, 0xe0, 0xff, 0x19, 0x7c, 0x00, 0x3f, 0x04, 0x02, 0x02, 0xee, 0x01, 0x00, 0x00, 0x82, 0x02, 0xff, 0xec, 0xff, 0x19, 0x7c, 0x00, 0x3f, 0x04, 0x02, 0x02, 0xee, 0x01, 0x00, 0x00, 0x82, 0x02, 0xff, 0x1e, 0x00, 0x19, 0x7c, 0x00, 0x3f, 0x04, 0x02, 0x0f
};

const u8 Move_THIEF[] = {
    0x00, 0x97, 0x27, 0x0a, 0x01, 0x04, 0x01, 0x14, 0x01, 0x17, 0x0c, 0x0c, 0x08, 0x02, 0x6a, 0x01, 0x00, 0x00, 0x82, 0x02, 0xff, 0x06, 0x00, 0x04, 0x06, 0x19, 0x73, 0x00, 0x3f, 0x02, 0x5d, 0x01, 0x00, 0x00, 0x82, 0x02, 0xff, 0x00, 0x00, 0x03, 0x66, 0x01, 0x00, 0x00, 0x02, 0xff, 0x01, 0x00, 0x05, 0x04, 0x14, 0x0b, 0x01, 0x0d, 0x15, 0x17, 0x08
};

const u8 Move_BUBBLE_BEAM[] = {
    0x00, 0xa2, 0x27, 0x00, 0xab, 0x27, 0x0a, 0x01, 0x28, 0x01, 0x0c, 0x0c, 0x08, 0x04, 0x01, 0x0e, 0xf0, 0x01, 0x00, 0x00, 0x03, 0x71, 0x01, 0x00, 0x00, 0x05, 0xff, 0x00, 0x00, 0x0e, 0xf0, 0x01, 0x00, 0x00, 0x0e, 0xf0, 0x01, 0x00, 0x00, 0x05, 0x0e, 0xf1, 0x01, 0x00, 0x00, 0x05, 0x0b, 0x01, 0x0d, 0x08
};

const u8 BulbblebeamCreateBubbles[] = {
    0x02, 0xf2, 0x01, 0x00, 0x00, 0x82, 0x02, 0xff, 0x12, 0x00, 0x19, 0x75, 0x00, 0xc0, 0x04, 0x03, 0x02, 0xf2, 0x01, 0x00, 0x00, 0x82, 0x02, 0xff, 0x12, 0x00, 0x19, 0x75, 0x00, 0xc0, 0x04, 0x03, 0x02, 0xf2, 0x01, 0x00, 0x00, 0x82, 0x02, 0xff, 0x12, 0x00, 0x19, 0x75, 0x00, 0xc0, 0x04, 0x03, 0x02, 0xf2, 0x01, 0x00, 0x00, 0x82, 0x02, 0xff, 0x12, 0x00, 0x19, 0x75, 0x00, 0xc0, 0x04, 0x03, 0x02, 0xf2, 0x01, 0x00, 0x00, 0x82, 0x02, 0xff, 0x12, 0x00, 0x19, 0x75, 0x00, 0xc0, 0x04, 0x03, 0x02, 0xf2, 0x01, 0x00, 0x00, 0x82, 0x02, 0xff, 0x12, 0x00, 0x19, 0x75, 0x00, 0xc0, 0x04, 0x03, 0x0f
};

const u8 Move_ICY_WIND[] = {
    0x00, 0x9d, 0x27, 0x00, 0x9e, 0x27, 0x0a, 0x03, 0x03, 0x81, 0x01, 0x00, 0x00, 0x0a, 0xff, 0x0b, 0x00, 0x14, 0x0f, 0x16, 0x19, 0x82, 0x00, 0x00, 0x17, 0x05, 0x1b, 0x7d, 0x00, 0xc0, 0x3f, 0x02, 0x00, 0x0e, 0xf3, 0x01, 0x00, 0x00, 0x04, 0x05, 0x0e, 0xf3, 0x01, 0x00, 0x00, 0x19, 0x7e, 0x00, 0x3f, 0x04, 0x37, 0x0e, 0xf4, 0x01, 0x00, 0x00, 0x05, 0x0b, 0x03, 0x15, 0x16, 0x03, 0x81, 0x01, 0x00, 0x00, 0x0a, 0xff, 0x0b, 0x00, 0x17, 0x08
};

const u8 IcyWindSwirlingSnowballs[] = {
    0x02, 0xf5, 0x01, 0x00, 0x00, 0xa8, 0x28, 0xff, 0x00, 0x00, 0x04, 0x05, 0x02, 0xf5, 0x01, 0x00, 0x00, 0xa8, 0x28, 0xff, 0x00, 0x00, 0x04, 0x05, 0x02, 0xf5, 0x01, 0x00, 0x00, 0xa8, 0x28, 0xff, 0x00, 0x00, 0x04, 0x05, 0x02, 0xf5, 0x01, 0x00, 0x00, 0xa8, 0x28, 0xff, 0x00, 0x00, 0x04, 0x05, 0x02, 0xf5, 0x01, 0x00, 0x00, 0xa8, 0x28, 0xff, 0x00, 0x00, 0x0f
};

const u8 Move_SMOKESCREEN[] = {
    0x00, 0x20, 0x27, 0x00, 0x21, 0x27, 0x19, 0x80, 0x00, 0xc0, 0x02, 0xf6, 0x01, 0x00, 0x00, 0x82, 0x02, 0xff, 0x14, 0x00, 0x05, 0x03, 0xf7, 0x01, 0x00, 0x00, 0x02, 0x00, 0x04, 0x02, 0x19, 0x98, 0x00, 0x3f, 0x02, 0xf8, 0x01, 0x00, 0x00, 0x84, 0x04, 0xff, 0x00, 0x00, 0x02, 0xf8, 0x01, 0x00, 0x00, 0x84, 0x04, 0xff, 0x00, 0x00, 0x02, 0xf8, 0x01, 0x00, 0x00, 0x84, 0x04, 0xff, 0x00, 0x00, 0x02, 0xf8, 0x01, 0x00, 0x00, 0x84, 0x04, 0xff, 0x00, 0x00, 0x02, 0xf8, 0x01, 0x00, 0x00, 0x84, 0x04, 0xff, 0x00, 0x00, 0x02, 0xf8, 0x01, 0x00, 0x00, 0x84, 0x04, 0xff, 0x00, 0x00, 0x02, 0xf8, 0x01, 0x00, 0x00, 0x84, 0x04, 0xff, 0x00, 0x00, 0x02, 0xf8, 0x01, 0x00, 0x00, 0x84, 0x04, 0xff, 0x00, 0x00, 0x02, 0xf8, 0x01, 0x00, 0x00, 0x84, 0x04, 0xff, 0x00, 0x00, 0x02, 0xf8, 0x01, 0x00, 0x00, 0x84, 0x04, 0xff, 0x00, 0x00, 0x02, 0xf8, 0x01, 0x00, 0x00, 0x84, 0x04, 0xff, 0x00, 0x00, 0x02, 0xf8, 0x01, 0x00, 0x00, 0x84, 0x04, 0xff, 0x00, 0x00, 0x05, 0x08
};

const u8 Move_CONVERSION[] = {
    0x00, 0x22, 0x27, 0x0a, 0x02, 0x28, 0x00, 0x0c, 0x10, 0x00, 0x04, 0x00, 0x19, 0xc7, 0x00, 0xc0, 0x02, 0xf9, 0x01, 0x00, 0x00, 0x82, 0x02, 0xff, 0xe8, 0xff, 0x04, 0x03, 0x02, 0xf9, 0x01, 0x00, 0x00, 0x82, 0x02, 0xff, 0xf8, 0xff, 0x04, 0x03, 0x02, 0xf9, 0x01, 0x00, 0x00, 0x82, 0x02, 0xff, 0x08, 0x00, 0x04, 0x03, 0x02, 0xf9, 0x01, 0x00, 0x00, 0x82, 0x02, 0xff, 0x18, 0x00, 0x04, 0x03, 0x19, 0xc7, 0x00, 0xc0, 0x02, 0xf9, 0x01, 0x00, 0x00, 0x82, 0x02, 0xff, 0xe8, 0xff, 0x04, 0x03, 0x02, 0xf9, 0x01, 0x00, 0x00, 0x82, 0x02, 0xff, 0xf8, 0xff, 0x04, 0x03, 0x02, 0xf9, 0x01, 0x00, 0x00, 0x82, 0x02, 0xff, 0x08, 0x00, 0x04, 0x03, 0x02, 0xf9, 0x01, 0x00, 0x00, 0x82, 0x02, 0xff, 0x18, 0x00, 0x04, 0x03, 0x19, 0xc7, 0x00, 0xc0, 0x02, 0xf9, 0x01, 0x00, 0x00, 0x82, 0x02, 0xff, 0xe8, 0xff, 0x04, 0x03, 0x02, 0xf9, 0x01, 0x00, 0x00, 0x82, 0x02, 0xff, 0xf8, 0xff, 0x04, 0x03, 0x02, 0xf9, 0x01, 0x00, 0x00, 0x82, 0x02, 0xff, 0x08, 0x00, 0x04, 0x03, 0x02, 0xf9, 0x01, 0x00, 0x00, 0x82, 0x02, 0xff, 0x18, 0x00, 0x04, 0x03, 0x19, 0xc7, 0x00, 0xc0, 0x02, 0xf9, 0x01, 0x00, 0x00, 0x82, 0x02, 0xff, 0xe8, 0xff, 0x04, 0x03, 0x02, 0xf9, 0x01, 0x00, 0x00, 0x82, 0x02, 0xff, 0xf8, 0xff, 0x04, 0x03, 0x02, 0xf9, 0x01, 0x00, 0x00, 0x82, 0x02, 0xff, 0x08, 0x00, 0x04, 0x03, 0x02, 0xf9, 0x01, 0x00, 0x00, 0x82, 0x02, 0xff, 0x18, 0x00, 0x04, 0x14, 0x19, 0xc9, 0x00, 0xc0, 0x03, 0xac, 0x01, 0x00, 0x00, 0x02, 0xff, 0x22, 0x27, 0x04, 0x06, 0x03, 0xfa, 0x01, 0x00, 0x00, 0x05, 0x00, 0x05, 0x04, 0x01, 0x0b, 0x02, 0x0d, 0x08
};

const u8 Move_CONVERSION_2[] = {
    0x00, 0x22, 0x27, 0x0a, 0x03, 0x2a, 0x01, 0x0c, 0x00, 0x10, 0x04, 0x00, 0x19, 0xc9, 0x00, 0x3f, 0x02, 0xfb, 0x01, 0x00, 0x00, 0x82, 0x02, 0xff, 0xe8, 0xff, 0x02, 0xfb, 0x01, 0x00, 0x00, 0x82, 0x02, 0xff, 0xf8, 0xff, 0x02, 0xfb, 0x01, 0x00, 0x00, 0x82, 0x02, 0xff, 0x08, 0x00, 0x02, 0xfb, 0x01, 0x00, 0x00, 0x82, 0x02, 0xff, 0x18, 0x00, 0x02, 0xfb, 0x01, 0x00, 0x00, 0x82, 0x02, 0xff, 0xe8, 0xff, 0x02, 0xfb, 0x01, 0x00, 0x00, 0x82, 0x02, 0xff, 0xf8, 0xff, 0x02, 0xfb, 0x01, 0x00, 0x00, 0x82, 0x02, 0xff, 0x08, 0x00, 0x02, 0xfb, 0x01, 0x00, 0x00, 0x82, 0x02, 0xff, 0x18, 0x00, 0x02, 0xfb, 0x01, 0x00, 0x00, 0x82, 0x02, 0xff, 0xe8, 0xff, 0x02, 0xfb, 0x01, 0x00, 0x00, 0x82, 0x02, 0xff, 0xf8, 0xff, 0x02, 0xfb, 0x01, 0x00, 0x00, 0x82, 0x02, 0xff, 0x08, 0x00, 0x02, 0xfb, 0x01, 0x00, 0x00, 0x82, 0x02, 0xff, 0x18, 0x00, 0x02, 0xfb, 0x01, 0x00, 0x00, 0x82, 0x02, 0xff, 0xe8, 0xff, 0x02, 0xfb, 0x01, 0x00, 0x00, 0x82, 0x02, 0xff, 0xf8, 0xff, 0x02, 0xfb, 0x01, 0x00, 0x00, 0x82, 0x02, 0xff, 0x08, 0x00, 0x02, 0xfb, 0x01, 0x00, 0x00, 0x82, 0x02, 0xff, 0x18, 0x00, 0x03, 0xfc, 0x01, 0x00, 0x00, 0x05, 0x00, 0x04, 0x3c, 0x19, 0xc7, 0x00, 0x3f, 0x04, 0x0a, 0x19, 0xc7, 0x00, 0x3f, 0x04, 0x0a, 0x19, 0xc7, 0x00, 0x3f, 0x04, 0x0a, 0x19, 0xc7, 0x00, 0x3f, 0x04, 0x0a, 0x19, 0xc7, 0x00, 0x3f, 0x04, 0x0a, 0x19, 0xc7, 0x00, 0x3f, 0x04, 0x0a, 0x19, 0xc7, 0x00, 0x3f, 0x04, 0x0a, 0x19, 0xc7, 0x00, 0x3f, 0x05, 0x0b, 0x03, 0x0d, 0x08
};

const u8 Move_ROLLING_KICK[] = {
    0x00, 0x9f, 0x27, 0x00, 0x97, 0x27, 0x0a, 0x01, 0x0c, 0x0c, 0x08, 0x03, 0x69, 0x01, 0x00, 0x00, 0x02, 0xff, 0x00, 0x00, 0x19, 0x80, 0x00, 0xc0, 0x04, 0x06, 0x19, 0x80, 0x00, 0xc0, 0x05, 0x02, 0x6c, 0x01, 0x00, 0x00, 0x82, 0x02, 0xff, 0x00, 0x00, 0x02, 0xfd, 0x01, 0x00, 0x00, 0x82, 0x02, 0xff, 0xe8, 0xff, 0x04, 0x05, 0x19, 0x74, 0x00, 0x3f, 0x02, 0x5d, 0x01, 0x00, 0x00, 0x82, 0x02, 0xff, 0xf8, 0xff, 0x03, 0x5e, 0x01, 0x00, 0x00, 0x02, 0xff, 0x01, 0x00, 0x05, 0x02, 0x68, 0x01, 0x00, 0x00, 0x82, 0x02, 0xff, 0x00, 0x00, 0x0b, 0x01, 0x0d, 0x08
};

const u8 Move_HEADBUTT[] = {
    0x00, 0x97, 0x27, 0x02, 0xc0, 0x01, 0x00, 0x00, 0x82, 0x02, 0xff, 0x00, 0x00, 0x19, 0x9b, 0x00, 0xc0, 0x05, 0x04, 0x02, 0x02, 0xc0, 0x01, 0x00, 0x00, 0x82, 0x02, 0xff, 0x01, 0x00, 0x05, 0x03, 0x6d, 0x01, 0x00, 0x00, 0x02, 0xff, 0x00, 0x00, 0x03, 0x5e, 0x01, 0x00, 0x00, 0x02, 0xff, 0x01, 0x00, 0x02, 0xc0, 0x01, 0x00, 0x00, 0x82, 0x02, 0xff, 0x02, 0x00, 0x02, 0xfe, 0x01, 0x00, 0x00, 0x83, 0x03, 0xff, 0x00, 0x00, 0x19, 0x74, 0x00, 0x3f, 0x05, 0x08
};

const u8 Move_HORN_ATTACK[] = {
    0x00, 0x97, 0x27, 0x00, 0x24, 0x27, 0x02, 0xc0, 0x01, 0x00, 0x00, 0x82, 0x02, 0xff, 0x00, 0x00, 0x19, 0x9b, 0x00, 0xc0, 0x05, 0x04, 0x02, 0x02, 0xc0, 0x01, 0x00, 0x00, 0x82, 0x02, 0xff, 0x01, 0x00, 0x02, 0xff, 0x01, 0x00, 0x00, 0x84, 0x04, 0xff, 0x00, 0x00, 0x05, 0x03, 0x6d, 0x01, 0x00, 0x00, 0x02, 0xff, 0x00, 0x00, 0x03, 0x5e, 0x01, 0x00, 0x00, 0x02, 0xff, 0x01, 0x00, 0x02, 0xc0, 0x01, 0x00, 0x00, 0x82, 0x02, 0xff, 0x02, 0x00, 0x02, 0xfe, 0x01, 0x00, 0x00, 0x83, 0x03, 0xff, 0x00, 0x00, 0x19, 0x9f, 0x00, 0x3f, 0x05, 0x08
};

const u8 Move_FURY_ATTACK[] = {
    0x00, 0x97, 0x27, 0x00, 0x24, 0x27, 0x03, 0x7b, 0x01, 0x00, 0x00, 0x02, 0xff, 0x04, 0x00, 0x11, 0x00, 0x02, 0x00, 0x00, 0x01, 0x02, 0x00, 0x00
};

const u8 FuryAttackContinue[] = {
    0x03, 0x5e, 0x01, 0x00, 0x00, 0x02, 0xff, 0x01, 0x00, 0x05, 0x08
};

const u8 FuryAttackRight[] = {
    0x02, 0xff, 0x01, 0x00, 0x00, 0x84, 0x04, 0xff, 0x08, 0x00, 0x05, 0x02, 0xfe, 0x01, 0x00, 0x00, 0x83, 0x03, 0xff, 0x00, 0x00, 0x19, 0x9f, 0x00, 0x3f, 0x13, 0x02, 0x02, 0x00, 0x00
};

const u8 FuryAttackLeft[] = {
    0x02, 0xff, 0x01, 0x00, 0x00, 0x84, 0x04, 0xff, 0xf8, 0xff, 0x05, 0x02, 0xfe, 0x01, 0x00, 0x00, 0x83, 0x03, 0xff, 0x00, 0x00, 0x19, 0x9f, 0x00, 0x3f, 0x13, 0x02, 0x02, 0x00, 0x00
};

const u8 Move_HORN_DRILL[] = {
    0x00, 0x97, 0x27, 0x00, 0x24, 0x27, 0x24, 0x03, 0x02, 0x00, 0x00, 0x14, 0x07, 0x16, 0x03, 0x04, 0x02, 0x00, 0x00, 0x05, 0xff, 0x00, 0xf7
};

const u8 HornDrillContinue[] = {
    0x17, 0x0c, 0x0c, 0x08, 0x02, 0xc0, 0x01, 0x00, 0x00, 0x82, 0x02, 0xff, 0x00, 0x00, 0x19, 0x9b, 0x00, 0xc0, 0x05, 0x04, 0x02, 0x02, 0xc0, 0x01, 0x00, 0x00, 0x82, 0x02, 0xff, 0x01, 0x00, 0x02, 0xff, 0x01, 0x00, 0x00, 0x84, 0x04, 0xff, 0x00, 0x00, 0x05, 0x09, 0x14, 0x00, 0x03, 0x6d, 0x01, 0x00, 0x00, 0x02, 0xff, 0x00, 0x00, 0x03, 0x6d, 0x01, 0x00, 0x00, 0x02, 0xff, 0x01, 0x00, 0x02, 0xfe, 0x01, 0x00, 0x00, 0x83, 0x03, 0xff, 0x00, 0x00, 0x19, 0x9f, 0x00, 0x3f, 0x04, 0x04, 0x02, 0xfe, 0x01, 0x00, 0x00, 0x83, 0x03, 0xff, 0x00, 0x00, 0x19, 0x9f, 0x00, 0x3f, 0x04, 0x04, 0x02, 0xfe, 0x01, 0x00, 0x00, 0x83, 0x03, 0xff, 0xfc, 0xff, 0x19, 0x9f, 0x00, 0x3f, 0x04, 0x04, 0x02, 0xfe, 0x01, 0x00, 0x00, 0x83, 0x03, 0xff, 0xf8, 0xff, 0x19, 0x9f, 0x00, 0x3f, 0x04, 0x04, 0x02, 0xfe, 0x01, 0x00, 0x00, 0x83, 0x03, 0xff, 0x04, 0x00, 0x19, 0x9f, 0x00, 0x3f, 0x04, 0x04, 0x02, 0xfe, 0x01, 0x00, 0x00, 0x83, 0x03, 0xff, 0x10, 0x00, 0x19, 0x9f, 0x00, 0x3f, 0x04, 0x04, 0x02, 0xfe, 0x01, 0x00, 0x00, 0x83, 0x03, 0xff, 0x05, 0x00, 0x19, 0x9f, 0x00, 0x3f, 0x04, 0x04, 0x02, 0xfe, 0x01, 0x00, 0x00, 0x83, 0x03, 0xff, 0xef, 0xff, 0x19, 0x9f, 0x00, 0x3f, 0x04, 0x04, 0x02, 0xfe, 0x01, 0x00, 0x00, 0x83, 0x03, 0xff, 0xeb, 0xff, 0x19, 0x9f, 0x00, 0x3f, 0x04, 0x04, 0x02, 0xfe, 0x01, 0x00, 0x00, 0x83, 0x03, 0xff, 0x08, 0x00, 0x19, 0x9f, 0x00, 0x3f, 0x04, 0x04, 0x02, 0xfe, 0x01, 0x00, 0x00, 0x83, 0x03, 0xff, 0x20, 0x00, 0x19, 0x9f, 0x00, 0x3f, 0x04, 0x04, 0x02, 0xc0, 0x01, 0x00, 0x00, 0x82, 0x02, 0xff, 0x02, 0x00, 0x05, 0x15, 0x16, 0x10, 0x07, 0xff, 0xff, 0x17, 0x08
};

const u8 HornDrillInContest[] = {
    0x14, 0x08, 0x16, 0x03, 0x04, 0x02, 0x00, 0x00, 0x05, 0xff, 0x00, 0x09, 0x13, 0x05, 0x02, 0x00, 0x00
};

const u8 Move_THRASH[] = {
    0x00, 0x97, 0x27, 0x00, 0x9f, 0x27, 0x03, 0x06, 0x02, 0x00, 0x00, 0x02, 0x00, 0x03, 0x07, 0x02, 0x00, 0x00, 0x02, 0x00, 0x02, 0x08, 0x02, 0x00, 0x00, 0x83, 0x03, 0xff, 0x01, 0x00, 0x03, 0x6d, 0x01, 0x00, 0x00, 0x02, 0xff, 0x01, 0x00, 0x19, 0x84, 0x00, 0x3f, 0x04, 0x1c, 0x02, 0x08, 0x02, 0x00, 0x00, 0x83, 0x03, 0xff, 0x01, 0x00, 0x03, 0x6d, 0x01, 0x00, 0x00, 0x02, 0xff, 0x01, 0x00, 0x19, 0x74, 0x00, 0x3f, 0x04, 0x1c, 0x02, 0x08, 0x02, 0x00, 0x00, 0x83, 0x03, 0xff, 0x01, 0x00, 0x03, 0x6d, 0x01, 0x00, 0x00, 0x02, 0xff, 0x01, 0x00, 0x19, 0x86, 0x00, 0x3f, 0x08
};

const u8 Move_SING[] = {
    0x00, 0x58, 0x27, 0x0a, 0x03, 0x03, 0x09, 0x02, 0x00, 0x00, 0x02, 0x00, 0x05, 0x1b, 0xa5, 0x00, 0xc0, 0x3f, 0x02, 0x00, 0x02, 0x0a, 0x02, 0x00, 0x00, 0x82, 0x02, 0xff, 0x07, 0x00, 0x04, 0x05, 0x02, 0x0a, 0x02, 0x00, 0x00, 0x82, 0x02, 0xff, 0x06, 0x00, 0x04, 0x05, 0x02, 0x0a, 0x02, 0x00, 0x00, 0x82, 0x02, 0xff, 0x01, 0x00, 0x04, 0x05, 0x02, 0x0a, 0x02, 0x00, 0x00, 0x82, 0x02, 0xff, 0x02, 0x00, 0x04, 0x05, 0x02, 0x0a, 0x02, 0x00, 0x00, 0x82, 0x02, 0xff, 0x03, 0x00, 0x04, 0x04, 0x02, 0x0a, 0x02, 0x00, 0x00, 0x82, 0x02, 0xff, 0x02, 0x00, 0x04, 0x04, 0x02, 0x0a, 0x02, 0x00, 0x00, 0x82, 0x02, 0xff, 0x05, 0x00, 0x04, 0x04, 0x02, 0x0a, 0x02, 0x00, 0x00, 0x82, 0x02, 0xff, 0x06, 0x00, 0x04, 0x04, 0x02, 0x0a, 0x02, 0x00, 0x00, 0x82, 0x02, 0xff, 0x02, 0x00, 0x04, 0x04, 0x02, 0x0a, 0x02, 0x00, 0x00, 0x82, 0x02, 0xff, 0x02, 0x00, 0x04, 0x04, 0x02, 0x0a, 0x02, 0x00, 0x00, 0x82, 0x02, 0xff, 0x01, 0x00, 0x04, 0x04, 0x02, 0x0a, 0x02, 0x00, 0x00, 0x82, 0x02, 0xff, 0x05, 0x00, 0x04, 0x04, 0x05, 0x0b, 0x03, 0x03, 0x0b, 0x02, 0x00, 0x00, 0x02, 0x00, 0x05, 0x08
};

const u8 Move_LOW_KICK[] = {
    0x00, 0x9f, 0x27, 0x00, 0x97, 0x27, 0x02, 0x6c, 0x01, 0x00, 0x00, 0x82, 0x02, 0xff, 0x00, 0x00, 0x02, 0xfd, 0x01, 0x00, 0x00, 0x82, 0x02, 0xff, 0xe8, 0xff, 0x04, 0x04, 0x02, 0x5d, 0x01, 0x00, 0x00, 0x82, 0x02, 0xff, 0xf8, 0xff, 0x03, 0x7b, 0x01, 0x00, 0x00, 0x02, 0xff, 0x06, 0x00, 0x19, 0x74, 0x00, 0x3f, 0x05, 0x02, 0x68, 0x01, 0x00, 0x00, 0x82, 0x02, 0xff, 0x00, 0x00, 0x08
};

const u8 Move_EARTHQUAKE[] = {
    0x03, 0x0c, 0x02, 0x00, 0x00, 0x05, 0xff, 0x05, 0x00, 0x03, 0x0c, 0x02, 0x00, 0x00, 0x05, 0xff, 0x04, 0x00, 0x19, 0xe3, 0x00, 0x00, 0x04, 0x0a, 0x02, 0x79, 0x01, 0x00, 0x00, 0x82, 0x02, 0xff, 0x01, 0x00, 0x04, 0x10, 0x02, 0x79, 0x01, 0x00, 0x00, 0x82, 0x02, 0xff, 0x01, 0x00, 0x08
};

const u8 Move_FISSURE[] = {
    0x00, 0x5a, 0x27, 0x03, 0x0c, 0x02, 0x00, 0x00, 0x03, 0xff, 0x05, 0x00, 0x03, 0x0c, 0x02, 0x00, 0x00, 0x03, 0xff, 0x01, 0x00, 0x19, 0xe3, 0x00, 0x3f, 0x04, 0x08, 0x0e, 0x0d, 0x02, 0x00, 0x00, 0x04, 0x0f, 0x02, 0x79, 0x01, 0x00, 0x00, 0x82, 0x02, 0xff, 0x01, 0x00, 0x04, 0x0f, 0x0e, 0x0e, 0x02, 0x00, 0x00, 0x04, 0x0f, 0x02, 0x79, 0x01, 0x00, 0x00, 0x82, 0x02, 0xff, 0x01, 0x00, 0x04, 0x0f, 0x0e, 0x0d, 0x02, 0x00, 0x00, 0x04, 0x32, 0x14, 0x15, 0x16, 0x03, 0x0f, 0x02, 0x00, 0x00, 0x05, 0xff, 0x01, 0x00, 0x17, 0x04, 0x28, 0x15, 0x16, 0x10, 0x07, 0xff, 0xff, 0x17, 0x08
};

const u8 FissureDirtPlumeFar[] = {
    0x02, 0x10, 0x02, 0x00, 0x00, 0x82, 0x02, 0xff, 0x01, 0x00, 0x02, 0x10, 0x02, 0x00, 0x00, 0x82, 0x02, 0xff, 0x01, 0x00, 0x02, 0x10, 0x02, 0x00, 0x00, 0x82, 0x02, 0xff, 0x01, 0x00, 0x02, 0x10, 0x02, 0x00, 0x00, 0x82, 0x02, 0xff, 0x01, 0x00, 0x19, 0xa8, 0x00, 0x3f, 0x0f
};

const u8 FissureDirtPlumeClose[] = {
    0x02, 0x10, 0x02, 0x00, 0x00, 0x82, 0x02, 0xff, 0x01, 0x00, 0x02, 0x10, 0x02, 0x00, 0x00, 0x82, 0x02, 0xff, 0x01, 0x00, 0x02, 0x10, 0x02, 0x00, 0x00, 0x82, 0x02, 0xff, 0x01, 0x00, 0x02, 0x10, 0x02, 0x00, 0x00, 0x82, 0x02, 0xff, 0x01, 0x00, 0x19, 0xa8, 0x00, 0x3f, 0x0f
};

const u8 Move_DIG[] = {
    0x11, 0x11, 0x02, 0x00, 0x00, 0x12, 0x02, 0x00, 0x00
};

const u8 DigEnd[] = {
    0x08
};

const u8 DigSetUp[] = {
    0x00, 0x5a, 0x27, 0x00, 0x29, 0x28, 0x02, 0x13, 0x02, 0x00, 0x00, 0x81, 0x01, 0xff, 0x00, 0x00, 0x02, 0x13, 0x02, 0x00, 0x00, 0x81, 0x01, 0xff, 0x00, 0x00, 0x22, 0x00, 0x04, 0x01, 0x03, 0x14, 0x02, 0x00, 0x00, 0x02, 0xff, 0x00, 0x00, 0x04, 0x06, 0x0e, 0x15, 0x02, 0x00, 0x00, 0x0e, 0x15, 0x02, 0x00, 0x00, 0x0e, 0x15, 0x02, 0x00, 0x00, 0x0e, 0x15, 0x02, 0x00, 0x00, 0x0e, 0x15, 0x02, 0x00, 0x00, 0x05, 0x23, 0x00, 0x04, 0x01, 0x03, 0x14, 0x02, 0x00, 0x00, 0x02, 0xff, 0x01, 0x00, 0x13, 0x16, 0x02, 0x00, 0x00
};

const u8 DigUnleash[] = {
    0x00, 0x97, 0x27, 0x00, 0x29, 0x28, 0x03, 0x17, 0x02, 0x00, 0x00, 0x02, 0xff, 0x00, 0x00, 0x05, 0x0a, 0x00, 0x02, 0x13, 0x02, 0x00, 0x00, 0x81, 0x01, 0xff, 0x00, 0x00, 0x02, 0x13, 0x02, 0x00, 0x00, 0x81, 0x01, 0xff, 0x00, 0x00, 0x04, 0x01, 0x03, 0x17, 0x02, 0x00, 0x00, 0x02, 0xff, 0x01, 0x00, 0x04, 0x10, 0x02, 0x5d, 0x01, 0x00, 0x00, 0x82, 0x02, 0xff, 0xf8, 0xff, 0x03, 0x5e, 0x01, 0x00, 0x00, 0x02, 0xff, 0x01, 0x00, 0x19, 0x86, 0x00, 0xc0, 0x0b, 0x00, 0x13, 0x16, 0x02, 0x00, 0x00
};

const u8 DigThrowDirt[] = {
    0x02, 0x10, 0x02, 0x00, 0x00, 0x82, 0x02, 0xff, 0x00, 0x00, 0x02, 0x10, 0x02, 0x00, 0x00, 0x82, 0x02, 0xff, 0x00, 0x00, 0x02, 0x10, 0x02, 0x00, 0x00, 0x82, 0x02, 0xff, 0x00, 0x00, 0x02, 0x10, 0x02, 0x00, 0x00, 0x82, 0x02, 0xff, 0x00, 0x00, 0x19, 0xa8, 0x00, 0xc0, 0x04, 0x20, 0x0f
};

const u8 Move_MEDITATE[] = {
    0x0e, 0x18, 0x02, 0x00, 0x00, 0x03, 0x19, 0x02, 0x00, 0x00, 0x02, 0x00, 0x19, 0x9b, 0x00, 0xc0, 0x04, 0x10, 0x19, 0x91, 0x00, 0xc0, 0x05, 0x0e, 0x1a, 0x02, 0x00, 0x00, 0x08
};

const u8 Move_AGILITY[] = {
    0x0a, 0x02, 0x0c, 0x0c, 0x08, 0x03, 0x69, 0x01, 0x00, 0x00, 0x02, 0xff, 0x00, 0x00, 0x03, 0x1b, 0x02, 0x00, 0x00, 0x02, 0xff, 0x00, 0x00, 0x19, 0x80, 0x00, 0xc0, 0x04, 0x0c, 0x19, 0x80, 0x00, 0xc0, 0x04, 0x0c, 0x19, 0x80, 0x00, 0xc0, 0x04, 0x0c, 0x19, 0x80, 0x00, 0xc0, 0x04, 0x0c, 0x19, 0x80, 0x00, 0xc0, 0x04, 0x0c, 0x05, 0x0b, 0x02, 0x0d, 0x04, 0x01, 0x08
};

const u8 Move_QUICK_ATTACK[] = {
    0x00, 0x97, 0x27, 0x0a, 0x02, 0x0c, 0x0c, 0x08, 0x03, 0x69, 0x01, 0x00, 0x00, 0x02, 0xff, 0x00, 0x00, 0x03, 0x1b, 0x02, 0x00, 0x00, 0x02, 0xff, 0x00, 0x00, 0x19, 0x88, 0x00, 0xc0, 0x04, 0x04, 0x03, 0x5e, 0x01, 0x00, 0x00, 0x02, 0xff, 0x01, 0x00, 0x02, 0x5d, 0x01, 0x00, 0x00, 0x84, 0x04, 0xff, 0x00, 0x00, 0x19, 0x74, 0x00, 0x3f, 0x05, 0x0b, 0x02, 0x0d, 0x05, 0x08
};

const u8 Move_RAGE[] = {
    0x00, 0x97, 0x27, 0x00, 0x67, 0x27, 0x0a, 0x01, 0x0c, 0x0c, 0x08, 0x03, 0x74, 0x01, 0x00, 0x00, 0x03, 0xff, 0x00, 0x00, 0x02, 0xd1, 0x01, 0x00, 0x00, 0x82, 0x02, 0xff, 0x00, 0x00, 0x19, 0xbb, 0x00, 0xc0, 0x04, 0x14, 0x02, 0xd1, 0x01, 0x00, 0x00, 0x82, 0x02, 0xff, 0x00, 0x00, 0x19, 0xbb, 0x00, 0xc0, 0x05, 0x02, 0x6a, 0x01, 0x00, 0x00, 0x82, 0x02, 0xff, 0x04, 0x00, 0x04, 0x04, 0x02, 0x5d, 0x01, 0x00, 0x00, 0x82, 0x02, 0xff, 0x00, 0x00, 0x03, 0xa7, 0x01, 0x00, 0x00, 0x02, 0xff, 0x01, 0x00, 0x19, 0x74, 0x00, 0x3f, 0x05, 0x0b, 0x01, 0x08
};

const u8 Move_TELEPORT[] = {
    0x0e, 0x18, 0x02, 0x00, 0x00, 0x03, 0x1c, 0x02, 0x00, 0x00, 0x02, 0x00, 0x19, 0xc4, 0x00, 0xc0, 0x04, 0x0f, 0x0e, 0x1a, 0x02, 0x00, 0x00, 0x05, 0x08
};

const u8 Move_DOUBLE_TEAM[] = {
    0x0a, 0x02, 0x0c, 0x0c, 0x08, 0x03, 0x1d, 0x02, 0x00, 0x00, 0x02, 0x00, 0x19, 0x80, 0x00, 0xc0, 0x04, 0x20, 0x19, 0x80, 0x00, 0xc0, 0x04, 0x18, 0x19, 0x80, 0x00, 0xc0, 0x04, 0x10, 0x19, 0x80, 0x00, 0xc0, 0x04, 0x08, 0x19, 0x80, 0x00, 0xc0, 0x04, 0x08, 0x19, 0x80, 0x00, 0xc0, 0x04, 0x08, 0x19, 0x80, 0x00, 0xc0, 0x04, 0x08, 0x19, 0x80, 0x00, 0xc0, 0x04, 0x08, 0x19, 0x80, 0x00, 0xc0, 0x05, 0x0b, 0x02, 0x0d, 0x04, 0x01, 0x08
};

const u8 Move_MINIMIZE[] = {
    0x0c, 0x0a, 0x08, 0x03, 0x1e, 0x02, 0x00, 0x00, 0x02, 0x00, 0x1c, 0xc5, 0x00, 0xc0, 0x22, 0x03, 0x05, 0x0d, 0x08
};

const u8 Move_METRONOME[] = {
    0x00, 0x50, 0x27, 0x00, 0xe1, 0x27, 0x02, 0x1f, 0x02, 0x00, 0x00, 0x8b, 0x0b, 0xff, 0x00, 0x00, 0x19, 0xb3, 0x00, 0xc0, 0x04, 0x06, 0x02, 0x20, 0x02, 0x00, 0x00, 0x8c, 0x0c, 0xff, 0x00, 0x00, 0x04, 0x18, 0x1c, 0xa0, 0x00, 0xc0, 0x16, 0x03, 0x05, 0x08
};

const u8 Move_SKULL_BASH[] = {
    0x11, 0x21, 0x02, 0x00, 0x00, 0x22, 0x02, 0x00, 0x00
};

const u8 SkullBashEnd[] = {
    0x08
};

const u8 SkullBashSetUp[] = {
    0x0e, 0x23, 0x02, 0x00, 0x00, 0x0e, 0x23, 0x02, 0x00, 0x00, 0x05, 0x13, 0x24, 0x02, 0x00, 0x00
};

const u8 SkullBashSetUpHeadDown[] = {
    0x02, 0x25, 0x02, 0x00, 0x00, 0x82, 0x02, 0xff, 0x00, 0x00, 0x19, 0x91, 0x00, 0xc0, 0x05, 0x03, 0x7b, 0x01, 0x00, 0x00, 0x02, 0xff, 0x10, 0x00, 0x05, 0x02, 0x25, 0x02, 0x00, 0x00, 0x82, 0x02, 0xff, 0x00, 0x00, 0x05, 0x0f
};

const u8 SkullBashAttack[] = {
    0x00, 0x97, 0x27, 0x03, 0x26, 0x02, 0x00, 0x00, 0x02, 0xff, 0x00, 0x00, 0x19, 0x91, 0x00, 0xc0, 0x05, 0x09, 0x14, 0x00, 0x02, 0x79, 0x01, 0x00, 0x00, 0x82, 0x02, 0xff, 0x01, 0x00, 0x03, 0x6d, 0x01, 0x00, 0x00, 0x02, 0xff, 0x00, 0x00, 0x03, 0x6d, 0x01, 0x00, 0x00, 0x02, 0xff, 0x01, 0x00, 0x02, 0xfe, 0x01, 0x00, 0x00, 0x84, 0x04, 0xff, 0x00, 0x00, 0x1c, 0x86, 0x00, 0x3f, 0x08, 0x03, 0x05, 0x03, 0x26, 0x02, 0x00, 0x00, 0x02, 0xff, 0x01, 0x00, 0x13, 0x24, 0x02, 0x00, 0x00
};

const u8 Move_AMNESIA[] = {
    0x00, 0x6d, 0x27, 0x0e, 0x18, 0x02, 0x00, 0x00, 0x04, 0x08, 0x02, 0x27, 0x02, 0x00, 0x00, 0x94, 0x14, 0x00, 0x19, 0xb3, 0x00, 0xc0, 0x04, 0x36, 0x1c, 0xb3, 0x00, 0xc0, 0x10, 0x03, 0x05, 0x0e, 0x1a, 0x02, 0x00, 0x00, 0x08
};

const u8 Move_KINESIS[] = {
    0x00, 0x5b, 0x27, 0x00, 0x71, 0x27, 0x19, 0xb6, 0x00, 0xc0, 0x0e, 0x18, 0x02, 0x00, 0x00, 0x02, 0x28, 0x02, 0x00, 0x00, 0x94, 0x14, 0x00, 0x02, 0x29, 0x02, 0x00, 0x00, 0x93, 0x13, 0xff, 0x20, 0x00, 0x02, 0x29, 0x02, 0x00, 0x00, 0x93, 0x13, 0xff, 0x20, 0x00, 0x1c, 0xbd, 0x00, 0xc0, 0x15, 0x02, 0x04, 0x3c, 0x19, 0xa9, 0x00, 0xc0, 0x04, 0x1e, 0x1c, 0xa9, 0x00, 0xc0, 0x14, 0x02, 0x04, 0x46, 0x19, 0xbb, 0x00, 0xc0, 0x05, 0x0e, 0x1a, 0x02, 0x00, 0x00, 0x08
};

const u8 Move_GLARE[] = {
    0x00, 0x08, 0x28, 0x00, 0xea, 0x27, 0x03, 0x2a, 0x02, 0x00, 0x00, 0x05, 0xff, 0x00, 0x00, 0x19, 0xc1, 0x00, 0xc0, 0x05, 0x03, 0x81, 0x01, 0x00, 0x00, 0x05, 0xff, 0x01, 0x00, 0x05, 0x02, 0x2b, 0x02, 0x00, 0x00, 0x80, 0x00, 0xff, 0xf0, 0xff, 0x02, 0x2b, 0x02, 0x00, 0x00, 0x80, 0x00, 0xff, 0x10, 0x00, 0x03, 0x2c, 0x02, 0x00, 0x00, 0x05, 0x00, 0x19, 0xb9, 0x00, 0xc0, 0x04, 0x02, 0x03, 0x2d, 0x02, 0x00, 0x00, 0x03, 0xff, 0x14, 0x00, 0x05, 0x03, 0x81, 0x01, 0x00, 0x00, 0x05, 0xff, 0x01, 0x00, 0x08
};

const u8 Move_BARRAGE[] = {
    0x00, 0x0e, 0x28, 0x03, 0x2e, 0x02, 0x00, 0x00, 0x03, 0x00, 0x19, 0xba, 0x00, 0xc0, 0x04, 0x18, 0x02, 0xed, 0x01, 0x00, 0x00, 0x82, 0x02, 0xff, 0x08, 0x00, 0x03, 0x5e, 0x01, 0x00, 0x00, 0x03, 0xff, 0x01, 0x00, 0x03, 0x5e, 0x01, 0x00, 0x00, 0x03, 0xff, 0x03, 0x00, 0x1c, 0xcf, 0x00, 0x3f, 0x08, 0x02, 0x08
};

const u8 Move_SKY_ATTACK[] = {
    0x11, 0x2f, 0x02, 0x00, 0x00, 0x30, 0x02, 0x00, 0x00
};

const u8 SkyAttackEnd[] = {
    0x08
};

const u8 SkyAttackSetUp[] = {
    0x0a, 0x03, 0x0c, 0x0c, 0x0b, 0x03, 0x31, 0x02, 0x00, 0x00, 0x05, 0xff, 0x07, 0x00, 0x21, 0x07, 0x00, 0x00, 0x32, 0x02, 0x00, 0x00, 0x13, 0x33, 0x02, 0x00, 0x00
};

const u8 SkyAttackSetUpAgainstOpponent[] = {
    0x03, 0x81, 0x01, 0x00, 0x00, 0x0a, 0xff, 0x1b, 0x00, 0x05, 0x04, 0x0c, 0x03, 0x81, 0x01, 0x00, 0x00, 0x0a, 0xff, 0x02, 0x00, 0x03, 0x0c, 0x02, 0x00, 0x00, 0x05, 0xff, 0x00, 0x00, 0x1c, 0xe8, 0x00, 0xc0, 0x04, 0x08, 0x03, 0x81, 0x01, 0x00, 0x00, 0x0a, 0xff, 0x02, 0x00, 0x04, 0x14, 0x03, 0x81, 0x01, 0x00, 0x00, 0x0a, 0xff, 0x02, 0x00, 0x05, 0x03, 0x81, 0x01, 0x00, 0x00, 0x0a, 0xff, 0x19, 0x00, 0x05, 0x0b, 0x03, 0x0d, 0x13, 0x34, 0x02, 0x00, 0x00
};

const u8 SkyAttackSetUpAgainstPartner[] = {
    0x03, 0x35, 0x02, 0x00, 0x00, 0x0a, 0xff, 0x01, 0x00, 0x05, 0x04, 0x0c, 0x03, 0x81, 0x01, 0x00, 0x00, 0x0a, 0xff, 0x02, 0x00, 0x03, 0x0c, 0x02, 0x00, 0x00, 0x05, 0xff, 0x00, 0x00, 0x19, 0xe8, 0x00, 0xc0, 0x04, 0x08, 0x03, 0x81, 0x01, 0x00, 0x00, 0x0a, 0xff, 0x02, 0x00, 0x04, 0x14, 0x03, 0x81, 0x01, 0x00, 0x00, 0x0a, 0xff, 0x02, 0x00, 0x05, 0x03, 0x35, 0x02, 0x00, 0x00, 0x0a, 0xff, 0x04, 0x00, 0x05, 0x0b, 0x03, 0x0d, 0x13, 0x34, 0x02, 0x00, 0x00
};

const u8 SkyAttackUnleash[] = {
    0x00, 0x97, 0x27, 0x00, 0x2c, 0x28, 0x0e, 0x36, 0x02, 0x00, 0x00, 0x0a, 0x00, 0x03, 0x81, 0x01, 0x00, 0x00, 0x0a, 0xff, 0x02, 0x00, 0x04, 0x04, 0x03, 0x37, 0x02, 0x00, 0x00, 0x05, 0xff, 0x00, 0x00, 0x05, 0x03, 0x38, 0x02, 0x00, 0x00, 0x05, 0xff, 0xe7, 0x00, 0x02, 0x39, 0x02, 0x00, 0x00, 0x82, 0x02, 0x00, 0x04, 0x0e, 0x03, 0x66, 0x01, 0x00, 0x00, 0x02, 0xff, 0x01, 0x00, 0x03, 0x3a, 0x02, 0x00, 0x00, 0x05, 0xff, 0x86, 0x00, 0x04, 0x14, 0x03, 0x3b, 0x02, 0x00, 0x00, 0x05, 0xff, 0x01, 0x00, 0x04, 0x02, 0x03, 0x81, 0x01, 0x00, 0x00, 0x0a, 0xff, 0x02, 0x00, 0x05, 0x0b, 0x00, 0x0e, 0x3c, 0x02, 0x00, 0x00, 0x13, 0x34, 0x02, 0x00, 0x00
};

const u8 Move_FLASH[] = {
    0x19, 0xb9, 0x00, 0xc0, 0x03, 0x3d, 0x02, 0x00, 0x00, 0x02, 0x00, 0x05, 0x08
};

const u8 Move_SPLASH[] = {
    0x03, 0x3e, 0x02, 0x00, 0x00, 0x02, 0xff, 0x00, 0x00, 0x04, 0x08, 0x1c, 0xa0, 0x00, 0xc0, 0x26, 0x03, 0x05, 0x08
};

const u8 Move_ACID_ARMOR[] = {
    0x0a, 0x00, 0x0c, 0x0f, 0x00, 0x03, 0x3f, 0x02, 0x00, 0x00, 0x02, 0xff, 0x00, 0x00, 0x19, 0xd3, 0x00, 0xc0, 0x05, 0x0d, 0x0b, 0x00, 0x04, 0x01, 0x08
};

const u8 Move_SHARPEN[] = {
    0x00, 0xc9, 0x27, 0x02, 0x40, 0x02, 0x00, 0x00, 0x82, 0x02, 0x00, 0x05, 0x08
};

const u8 Move_SUPER_FANG[] = {
    0x00, 0xd0, 0x27, 0x03, 0x6d, 0x01, 0x00, 0x00, 0x02, 0xff, 0x00, 0x00, 0x19, 0xa4, 0x00, 0xc0, 0x05, 0x03, 0x6d, 0x01, 0x00, 0x00, 0x02, 0xff, 0x00, 0x00, 0x03, 0x74, 0x01, 0x00, 0x00, 0x02, 0xff, 0x00, 0x00, 0x05, 0x04, 0x14, 0x02, 0x6a, 0x01, 0x00, 0x00, 0x82, 0x02, 0xff, 0x04, 0x00, 0x04, 0x04, 0x02, 0x41, 0x02, 0x00, 0x00, 0x82, 0x02, 0x00, 0x19, 0x9a, 0x00, 0x3f, 0x04, 0x08, 0x02, 0x79, 0x01, 0x00, 0x00, 0x82, 0x02, 0xff, 0x01, 0x00, 0x03, 0x5e, 0x01, 0x00, 0x00, 0x02, 0xff, 0x01, 0x00, 0x05, 0x0d, 0x08
};

const u8 Move_SLASH[] = {
    0x00, 0xc7, 0x27, 0x02, 0x42, 0x02, 0x00, 0x00, 0x82, 0x02, 0xff, 0x01, 0x00, 0x19, 0x81, 0x00, 0x3f, 0x04, 0x04, 0x02, 0x42, 0x02, 0x00, 0x00, 0x82, 0x02, 0xff, 0x01, 0x00, 0x03, 0x66, 0x01, 0x00, 0x00, 0x02, 0xff, 0x01, 0x00, 0x19, 0x81, 0x00, 0x3f, 0x05, 0x08
};

const u8 Move_STRUGGLE[] = {
    0x00, 0x97, 0x27, 0x00, 0xe7, 0x27, 0x0a, 0x01, 0x0c, 0x0c, 0x08, 0x03, 0x6d, 0x01, 0x00, 0x00, 0x02, 0xff, 0x00, 0x00, 0x02, 0x43, 0x02, 0x00, 0x00, 0x82, 0x02, 0xff, 0x00, 0x00, 0x02, 0x43, 0x02, 0x00, 0x00, 0x82, 0x02, 0xff, 0x00, 0x00, 0x1c, 0x9b, 0x00, 0xc0, 0x0c, 0x04, 0x05, 0x02, 0x5d, 0x01, 0x00, 0x00, 0x83, 0x03, 0xff, 0x00, 0x00, 0x03, 0x6d, 0x01, 0x00, 0x00, 0x02, 0xff, 0x01, 0x00, 0x19, 0x86, 0x00, 0x3f, 0x05, 0x0b, 0x01, 0x0d, 0x08
};

const u8 Move_SKETCH[] = {
    0x00, 0x12, 0x27, 0x0a, 0x01, 0x03, 0x44, 0x02, 0x00, 0x00, 0x02, 0x00, 0x02, 0x45, 0x02, 0x00, 0x00, 0x82, 0x02, 0x00, 0x05, 0x0b, 0x01, 0x03, 0x3e, 0x02, 0x00, 0x00, 0x02, 0xff, 0x00, 0x00, 0x1c, 0xa0, 0x00, 0xc0, 0x26, 0x02, 0x08
};

const u8 Move_NIGHTMARE[] = {
    0x14, 0x02, 0x17, 0x24, 0x46, 0x02, 0x00, 0x00, 0x0a, 0x03, 0x03, 0x47, 0x02, 0x00, 0x00, 0x02, 0x00, 0x03, 0x5e, 0x01, 0x00, 0x00, 0x02, 0xff, 0x01, 0x00, 0x19, 0x72, 0x00, 0x3f, 0x05, 0x0b, 0x03, 0x15, 0x17, 0x08
};

const u8 NightmareInContest[] = {
    0x03, 0x74, 0x01, 0x00, 0x00, 0x02, 0xff, 0x00, 0x00, 0x03, 0x5e, 0x01, 0x00, 0x00, 0x02, 0xff, 0x00, 0x00, 0x19, 0x72, 0x00, 0x3f, 0x05, 0x15, 0x17, 0x08
};

const u8 Move_FLAIL[] = {
    0x00, 0x97, 0x27, 0x0a, 0x01, 0x0c, 0x0c, 0x08, 0x03, 0x48, 0x02, 0x00, 0x00, 0x02, 0xff, 0x00, 0x00, 0x1c, 0x9b, 0x00, 0xc0, 0x08, 0x02, 0x05, 0x02, 0x49, 0x02, 0x00, 0x00, 0x83, 0x03, 0xff, 0x01, 0x00, 0x03, 0xa7, 0x01, 0x00, 0x00, 0x02, 0xff, 0x00, 0x00, 0x19, 0x86, 0x00, 0x3f, 0x05, 0x0b, 0x01, 0x0d, 0x08
};

const u8 Move_SPITE[] = {
    0x14, 0x02, 0x19, 0xb6, 0x00, 0xc0, 0x17, 0x0a, 0x03, 0x03, 0xa5, 0x01, 0x00, 0x00, 0x02, 0xff, 0x02, 0x00, 0x03, 0x4a, 0x02, 0x00, 0x00, 0x02, 0x00, 0x1c, 0xb6, 0x00, 0x3f, 0x14, 0x03, 0x05, 0x15, 0x17, 0x0b, 0x01, 0x08
};

const u8 Move_MACH_PUNCH[] = {
    0x00, 0x97, 0x27, 0x00, 0x9f, 0x27, 0x0a, 0x02, 0x03, 0x4b, 0x02, 0x00, 0x00, 0x02, 0x00, 0x21, 0x07, 0x01, 0x00, 0x4c, 0x02, 0x00, 0x00, 0x14, 0x09
};

const u8 MachPunchContinue[] = {
    0x16, 0x03, 0x04, 0x02, 0x00, 0x00, 0x05, 0xff, 0x00, 0xf7, 0x17, 0x04, 0x00, 0x0c, 0x09, 0x08, 0x03, 0x4d, 0x02, 0x00, 0x00, 0x02, 0xff, 0x28, 0x71, 0x19, 0x88, 0x00, 0xc0, 0x04, 0x06, 0x02, 0x5d, 0x01, 0x00, 0x00, 0x83, 0x03, 0xff, 0x00, 0x00, 0x02, 0x93, 0x01, 0x00, 0x00, 0x84, 0x04, 0xff, 0x00, 0x00, 0x19, 0x84, 0x00, 0x3f, 0x03, 0x5e, 0x01, 0x00, 0x00, 0x02, 0xff, 0x01, 0x00, 0x05, 0x0b, 0x02, 0x0d, 0x15, 0x16, 0x10, 0x07, 0xff, 0xff, 0x17, 0x08
};

const u8 MachPunchAgainstPlayer[] = {
    0x14, 0x0a, 0x13, 0x4e, 0x02, 0x00, 0x00
};

const u8 Move_FORESIGHT[] = {
    0x00, 0x12, 0x28, 0x0a, 0x03, 0x28, 0x01, 0x0c, 0x10, 0x00, 0x02, 0x4f, 0x02, 0x00, 0x00, 0x82, 0x02, 0xff, 0x01, 0x00, 0x04, 0x11, 0x1c, 0xc6, 0x00, 0x3f, 0x10, 0x04, 0x04, 0x30, 0x04, 0x18, 0x19, 0xc6, 0x00, 0x3f, 0x04, 0x0a, 0x03, 0x74, 0x01, 0x00, 0x00, 0x05, 0xff, 0x01, 0x00, 0x19, 0xca, 0x00, 0x3f, 0x05, 0x0d, 0x0b, 0x03, 0x08
};

const u8 Move_DESTINY_BOND[] = {
    0x00, 0xcc, 0x27, 0x14, 0x02, 0x19, 0xb6, 0x00, 0xc0, 0x17, 0x03, 0x50, 0x02, 0x00, 0x00, 0x05, 0xff, 0x00, 0x00, 0x19, 0xbd, 0x00, 0xc0, 0x04, 0x30, 0x03, 0x6d, 0x01, 0x00, 0x00, 0x02, 0xff, 0x00, 0x00, 0x03, 0x35, 0x02, 0x00, 0x00, 0x02, 0xff, 0x06, 0x00, 0x04, 0x18, 0x03, 0x35, 0x02, 0x00, 0x00, 0x02, 0xff, 0x06, 0x00, 0x19, 0x72, 0x00, 0x3f, 0x05, 0x15, 0x17, 0x0d, 0x0b, 0x05, 0x08
};

const u8 Move_ENDURE[] = {
    0x00, 0xc8, 0x27, 0x19, 0xa4, 0x00, 0xc0, 0x0e, 0x51, 0x02, 0x00, 0x00, 0x04, 0x08, 0x03, 0xa5, 0x01, 0x00, 0x00, 0x02, 0xff, 0x02, 0x00, 0x03, 0x66, 0x01, 0x00, 0x00, 0x02, 0xff, 0x00, 0x00, 0x0e, 0x51, 0x02, 0x00, 0x00, 0x04, 0x08, 0x0e, 0x51, 0x02, 0x00, 0x00, 0x05, 0x08
};

const u8 EndureEffect[] = {
    0x02, 0x52, 0x02, 0x00, 0x00, 0x82, 0x02, 0xff, 0x00, 0x00, 0x04, 0x04, 0x02, 0x52, 0x02, 0x00, 0x00, 0x82, 0x02, 0xff, 0x00, 0x00, 0x04, 0x04, 0x02, 0x52, 0x02, 0x00, 0x00, 0x82, 0x02, 0xff, 0x00, 0x00, 0x04, 0x04, 0x02, 0x52, 0x02, 0x00, 0x00, 0x82, 0x02, 0xff, 0x00, 0x00, 0x04, 0x04, 0x02, 0x52, 0x02, 0x00, 0x00, 0x82, 0x02, 0xff, 0x00, 0x00, 0x0f
};

const u8 Move_CHARM[] = {
    0x00, 0xe2, 0x27, 0x03, 0x53, 0x02, 0x00, 0x00, 0x05, 0xff, 0x00, 0x00, 0x02, 0x54, 0x02, 0x00, 0x00, 0x83, 0x03, 0xff, 0x00, 0x00, 0x19, 0xcd, 0x00, 0xc0, 0x04, 0x0f, 0x02, 0x54, 0x02, 0x00, 0x00, 0x83, 0x03, 0xff, 0xec, 0xff, 0x19, 0xcd, 0x00, 0xc0, 0x04, 0x0f, 0x02, 0x54, 0x02, 0x00, 0x00, 0x83, 0x03, 0xff, 0x14, 0x00, 0x19, 0xcd, 0x00, 0xc0, 0x05, 0x08
};

const u8 Move_ROLLOUT[] = {
    0x00, 0x97, 0x27, 0x00, 0x5a, 0x27, 0x00, 0x4a, 0x27, 0x0a, 0x03, 0x28, 0x01, 0x0c, 0x0c, 0x08, 0x03, 0x55, 0x02, 0x00, 0x00, 0x02, 0x00, 0x05, 0x03, 0xa7, 0x01, 0x00, 0x00, 0x02, 0xff, 0x00, 0x00, 0x02, 0x5d, 0x01, 0x00, 0x00, 0x84, 0x04, 0xff, 0x00, 0x00, 0x19, 0x86, 0x00, 0x3f, 0x05, 0x0b, 0x03, 0x0d, 0x08
};

const u8 Move_FALSE_SWIPE[] = {
    0x00, 0x2e, 0x28, 0x00, 0x97, 0x27, 0x02, 0x56, 0x02, 0x00, 0x00, 0x82, 0x02, 0x00, 0x19, 0x73, 0x00, 0x3f, 0x04, 0x10, 0x02, 0x57, 0x02, 0x00, 0x00, 0x82, 0x02, 0xff, 0x00, 0x00, 0x19, 0x80, 0x00, 0x3f, 0x04, 0x02, 0x02, 0x57, 0x02, 0x00, 0x00, 0x82, 0x02, 0xff, 0x10, 0x00, 0x04, 0x02, 0x02, 0x57, 0x02, 0x00, 0x00, 0x82, 0x02, 0xff, 0x20, 0x00, 0x19, 0x80, 0x00, 0x3f, 0x04, 0x02, 0x02, 0x57, 0x02, 0x00, 0x00, 0x82, 0x02, 0xff, 0x30, 0x00, 0x04, 0x02, 0x02, 0x57, 0x02, 0x00, 0x00, 0x82, 0x02, 0xff, 0x40, 0x00, 0x19, 0x80, 0x00, 0x3f, 0x04, 0x02, 0x02, 0x57, 0x02, 0x00, 0x00, 0x82, 0x02, 0xff, 0x50, 0x00, 0x04, 0x02, 0x05, 0x03, 0x5e, 0x01, 0x00, 0x00, 0x02, 0xff, 0x01, 0x00, 0x02, 0x5d, 0x01, 0x00, 0x00, 0x84, 0x04, 0xff, 0x00, 0x00, 0x19, 0x84, 0x00, 0x3f, 0x08
};

const u8 Move_SWAGGER[] = {
    0x00, 0x66, 0x27, 0x00, 0x67, 0x27, 0x03, 0x58, 0x02, 0x00, 0x00, 0x02, 0x00, 0x19, 0xba, 0x00, 0xc0, 0x05, 0x02, 0x59, 0x02, 0x00, 0x00, 0x82, 0x02, 0x00, 0x1c, 0xba, 0x00, 0xc0, 0x04, 0x02, 0x05, 0x04, 0x18, 0x02, 0xd1, 0x01, 0x00, 0x00, 0x82, 0x02, 0xff, 0x01, 0x00, 0x19, 0xbb, 0x00, 0x3f, 0x04, 0x0c, 0x02, 0xd1, 0x01, 0x00, 0x00, 0x82, 0x02, 0xff, 0x01, 0x00, 0x19, 0xbb, 0x00, 0x3f, 0x05, 0x08
};

const u8 Move_MILK_DRINK[] = {
    0x00, 0x73, 0x27, 0x00, 0xdb, 0x27, 0x00, 0x2f, 0x27, 0x0a, 0x01, 0x02, 0x5a, 0x02, 0x00, 0x00, 0x82, 0x02, 0x00, 0x04, 0x28, 0x19, 0x87, 0x00, 0xc0, 0x04, 0x0c, 0x19, 0x87, 0x00, 0xc0, 0x04, 0x14, 0x19, 0x87, 0x00, 0xc0, 0x05, 0x02, 0x5b, 0x02, 0x00, 0x00, 0x83, 0x03, 0xff, 0x00, 0x00, 0x19, 0xda, 0x00, 0xc0, 0x05, 0x0b, 0x01, 0x0e, 0x5c, 0x02, 0x00, 0x00, 0x05, 0x08
};

const u8 Move_MAGNITUDE[] = {
    0x03, 0x5d, 0x02, 0x00, 0x00, 0x02, 0x00, 0x05, 0x21, 0x0f, 0x00, 0x00, 0x5e, 0x02, 0x00, 0x00, 0x21, 0x0f, 0x01, 0x00, 0x5f, 0x02, 0x00, 0x00
};

const u8 MagnitudeEnd[] = {
    0x08
};

const u8 MagnitudeRegular[] = {
    0x03, 0x0c, 0x02, 0x00, 0x00, 0x05, 0xff, 0x05, 0x00, 0x03, 0x0c, 0x02, 0x00, 0x00, 0x05, 0xff, 0x04, 0x00, 0x1c, 0xcf, 0x00, 0x3f, 0x08, 0x0a, 0x13, 0x60, 0x02, 0x00, 0x00
};

const u8 MagnitudeIntense[] = {
    0x03, 0x0c, 0x02, 0x00, 0x00, 0x05, 0xff, 0x05, 0x00, 0x03, 0x0c, 0x02, 0x00, 0x00, 0x05, 0xff, 0x04, 0x00, 0x1c, 0xcf, 0x00, 0x3f, 0x08, 0x0a, 0x04, 0x0a, 0x02, 0x79, 0x01, 0x00, 0x00, 0x82, 0x02, 0xff, 0x01, 0x00, 0x04, 0x10, 0x02, 0x79, 0x01, 0x00, 0x00, 0x82, 0x02, 0xff, 0x01, 0x00, 0x13, 0x60, 0x02, 0x00, 0x00
};

const u8 Move_RAPID_SPIN[] = {
    0x00, 0x97, 0x27, 0x00, 0xf5, 0x27, 0x0a, 0x00, 0x02, 0x61, 0x02, 0x00, 0x00, 0x82, 0x02, 0xff, 0x00, 0x00, 0x03, 0x62, 0x02, 0x00, 0x00, 0x02, 0xff, 0x00, 0x00, 0x1c, 0x99, 0x00, 0xc0, 0x08, 0x04, 0x05, 0x02, 0x5d, 0x01, 0x00, 0x00, 0x82, 0x02, 0xff, 0x00, 0x00, 0x03, 0xa7, 0x01, 0x00, 0x00, 0x02, 0xff, 0x00, 0x00, 0x19, 0x7f, 0x00, 0x3f, 0x05, 0x04, 0x08, 0x03, 0x62, 0x02, 0x00, 0x00, 0x02, 0xff, 0x00, 0x00, 0x1c, 0x99, 0x00, 0xc0, 0x08, 0x04, 0x05, 0x0b, 0x00, 0x08
};

const u8 Move_MOONLIGHT[] = {
    0x00, 0xd2, 0x27, 0x00, 0xd3, 0x27, 0x00, 0x2f, 0x27, 0x0c, 0x00, 0x10, 0x02, 0x7a, 0x01, 0x00, 0x00, 0x82, 0x02, 0xff, 0x01, 0x00, 0x05, 0x02, 0x63, 0x02, 0x00, 0x00, 0x82, 0x02, 0xff, 0x78, 0x00, 0x03, 0x64, 0x02, 0x00, 0x00, 0x03, 0xff, 0x00, 0x00, 0x19, 0xcc, 0x00, 0x00, 0x04, 0x1e, 0x02, 0x65, 0x02, 0x00, 0x00, 0xa8, 0x28, 0xff, 0xf4, 0xff, 0x04, 0x1e, 0x02, 0x65, 0x02, 0x00, 0x00, 0xa8, 0x28, 0xff, 0xe8, 0xff, 0x04, 0x1e, 0x02, 0x65, 0x02, 0x00, 0x00, 0xa8, 0x28, 0xff, 0x15, 0x00, 0x04, 0x1e, 0x02, 0x65, 0x02, 0x00, 0x00, 0xa8, 0x28, 0xff, 0x00, 0x00, 0x04, 0x1e, 0x02, 0x65, 0x02, 0x00, 0x00, 0xa8, 0x28, 0xff, 0x0a, 0x00, 0x04, 0x14, 0x03, 0x66, 0x02, 0x00, 0x00, 0x02, 0x00, 0x05, 0x0e, 0x67, 0x02, 0x00, 0x00, 0x05, 0x08
};

const u8 Move_EXTREME_SPEED[] = {
    0x00, 0xdf, 0x27, 0x00, 0x97, 0x27, 0x03, 0x4b, 0x02, 0x00, 0x00, 0x02, 0x00, 0x21, 0x07, 0x01, 0x00, 0x68, 0x02, 0x00, 0x00, 0x14, 0x09
};

const u8 ExtremeSpeedContinue[] = {
    0x16, 0x03, 0x04, 0x02, 0x00, 0x00, 0x05, 0xff, 0x00, 0xf7, 0x17, 0x03, 0x69, 0x02, 0x00, 0x00, 0x02, 0x00, 0x1c, 0x99, 0x00, 0xc0, 0x08, 0x03, 0x05, 0x04, 0x01, 0x03, 0x6a, 0x02, 0x00, 0x00, 0x02, 0x00, 0x0a, 0x01, 0x0c, 0x0c, 0x08, 0x04, 0x12, 0x03, 0x6b, 0x02, 0x00, 0x00, 0x02, 0x00, 0x04, 0x02, 0x19, 0x84, 0x00, 0x3f, 0x02, 0x6c, 0x02, 0x00, 0x00, 0x82, 0x02, 0xff, 0x01, 0x00, 0x04, 0x0a, 0x19, 0x84, 0x00, 0x3f, 0x02, 0x6c, 0x02, 0x00, 0x00, 0x82, 0x02, 0xff, 0x01, 0x00, 0x04, 0x0a, 0x19, 0x74, 0x00, 0x3f, 0x02, 0x6c, 0x02, 0x00, 0x00, 0x82, 0x02, 0xff, 0x01, 0x00, 0x05, 0x03, 0x6d, 0x02, 0x00, 0x00, 0x02, 0x00, 0x04, 0x0a, 0x03, 0x6e, 0x02, 0x00, 0x00, 0x02, 0x00, 0x1c, 0x80, 0x00, 0xc0, 0x08, 0x04, 0x05, 0x15, 0x16, 0x10, 0x07, 0xff, 0xff, 0x17, 0x0b, 0x01, 0x0d, 0x04, 0x01, 0x10, 0x07, 0x00, 0x10, 0x04, 0x01, 0x08
};

const u8 ExtremeSpeedAgainstPlayer[] = {
    0x14, 0x0a, 0x13, 0x6f, 0x02, 0x00, 0x00
};

const u8 Move_UPROAR[] = {
    0x00, 0xf1, 0x27, 0x00, 0xdb, 0x27, 0x0a, 0x03, 0x03, 0x70, 0x02, 0x00, 0x00, 0x02, 0xff, 0x00, 0x00, 0x02, 0x71, 0x02, 0x00, 0x00, 0x83, 0x03, 0xff, 0x00, 0x00, 0x19, 0xea, 0x00, 0xc0, 0x02, 0x72, 0x02, 0x00, 0x00, 0x82, 0x02, 0xff, 0x00, 0x00, 0x02, 0x72, 0x02, 0x00, 0x00, 0x82, 0x02, 0xff, 0x00, 0x00, 0x04, 0x10, 0x03, 0x70, 0x02, 0x00, 0x00, 0x02, 0xff, 0x00, 0x00, 0x02, 0x71, 0x02, 0x00, 0x00, 0x83, 0x03, 0xff, 0x00, 0x00, 0x19, 0xea, 0x00, 0xc0, 0x02, 0x72, 0x02, 0x00, 0x00, 0x82, 0x02, 0xff, 0x00, 0x00, 0x02, 0x72, 0x02, 0x00, 0x00, 0x82, 0x02, 0xff, 0x00, 0x00, 0x04, 0x10, 0x03, 0x70, 0x02, 0x00, 0x00, 0x02, 0xff, 0x00, 0x00, 0x02, 0x71, 0x02, 0x00, 0x00, 0x83, 0x03, 0xff, 0x00, 0x00, 0x19, 0xea, 0x00, 0xc0, 0x02, 0x72, 0x02, 0x00, 0x00, 0x82, 0x02, 0xff, 0x00, 0x00, 0x02, 0x72, 0x02, 0x00, 0x00, 0x82, 0x02, 0xff, 0x00, 0x00, 0x05, 0x0b, 0x03, 0x08
};

const u8 Move_HEAT_WAVE[] = {
    0x00, 0x15, 0x28, 0x03, 0x73, 0x02, 0x00, 0x00, 0x05, 0xff, 0x15, 0x28, 0x03, 0x74, 0x02, 0x00, 0x00, 0x05, 0xff, 0x01, 0x00, 0x03, 0x75, 0x02, 0x00, 0x00, 0x06, 0xff, 0x06, 0x00, 0x1b, 0xe9, 0x00, 0xc0, 0x3f, 0x02, 0x00, 0x04, 0x04, 0x03, 0x76, 0x02, 0x00, 0x00, 0x05, 0x00, 0x04, 0x0c, 0x02, 0x77, 0x02, 0x00, 0x00, 0xa8, 0x28, 0xff, 0x0a, 0x00, 0x04, 0x0a, 0x02, 0x77, 0x02, 0x00, 0x00, 0xa8, 0x28, 0xff, 0x5a, 0x00, 0x04, 0x0a, 0x02, 0x77, 0x02, 0x00, 0x00, 0xa8, 0x28, 0xff, 0x32, 0x00, 0x04, 0x0a, 0x02, 0x77, 0x02, 0x00, 0x00, 0xa8, 0x28, 0xff, 0x14, 0x00, 0x04, 0x0a, 0x02, 0x77, 0x02, 0x00, 0x00, 0xa8, 0x28, 0xff, 0x46, 0x00, 0x04, 0x0a, 0x02, 0x77, 0x02, 0x00, 0x00, 0xa8, 0x28, 0xff, 0x00, 0x00, 0x04, 0x0a, 0x02, 0x77, 0x02, 0x00, 0x00, 0xa8, 0x28, 0xff, 0x3c, 0x00, 0x08
};

const u8 Move_HAIL[] = {
    0x00, 0x17, 0x28, 0x00, 0x9d, 0x27, 0x03, 0x81, 0x01, 0x00, 0x00, 0x0a, 0xff, 0x01, 0x00, 0x05, 0x03, 0x78, 0x02, 0x00, 0x00, 0x05, 0x00, 0x1c, 0xeb, 0x00, 0x00, 0x08, 0x0a, 0x05, 0x03, 0x81, 0x01, 0x00, 0x00, 0x0a, 0xff, 0x01, 0x00, 0x08
};

const u8 Move_TORMENT[] = {
    0x00, 0x67, 0x27, 0x00, 0xe1, 0x27, 0x03, 0x79, 0x02, 0x00, 0x00, 0x02, 0x00, 0x05, 0x03, 0x74, 0x01, 0x00, 0x00, 0x02, 0xff, 0x01, 0x00, 0x02, 0xd1, 0x01, 0x00, 0x00, 0x82, 0x02, 0xff, 0x01, 0x00, 0x19, 0xbb, 0x00, 0x3f, 0x04, 0x14, 0x02, 0xd1, 0x01, 0x00, 0x00, 0x82, 0x02, 0xff, 0x01, 0x00, 0x19, 0xbb, 0x00, 0x3f, 0x08
};

const u8 Move_MEMENTO[] = {
    0x0c, 0x00, 0x10, 0x04, 0x01, 0x03, 0x7a, 0x02, 0x00, 0x00, 0x02, 0x00, 0x04, 0x01, 0x03, 0x7b, 0x02, 0x00, 0x00, 0x05, 0x00, 0x19, 0xb6, 0x00, 0xc0, 0x04, 0x30, 0x19, 0xc1, 0x00, 0xc0, 0x05, 0x03, 0x7c, 0x02, 0x00, 0x00, 0x02, 0x00, 0x04, 0x0c, 0x0c, 0x00, 0x10, 0x04, 0x01, 0x22, 0x01, 0x03, 0x7d, 0x02, 0x00, 0x00, 0x05, 0x00, 0x19, 0xb6, 0x00, 0x3f, 0x05, 0x23, 0x01, 0x04, 0x01, 0x0d, 0x04, 0x01, 0x08
};

const u8 Move_FACADE[] = {
    0x00, 0x03, 0x28, 0x03, 0x7e, 0x02, 0x00, 0x00, 0x02, 0xff, 0x00, 0x00, 0x03, 0x7f, 0x02, 0x00, 0x00, 0x02, 0xff, 0x00, 0x00, 0x1c, 0xba, 0x00, 0xc0, 0x18, 0x03, 0x08
};

const u8 Move_SMELLING_SALT[] = {
    0x00, 0x07, 0x28, 0x00, 0x0f, 0x28, 0x02, 0x80, 0x02, 0x00, 0x00, 0x82, 0x02, 0xff, 0x01, 0x00, 0x02, 0x80, 0x02, 0x00, 0x00, 0x82, 0x02, 0xff, 0x01, 0x00, 0x04, 0x20, 0x03, 0x81, 0x02, 0x00, 0x00, 0x03, 0xff, 0x01, 0x00, 0x1c, 0x7f, 0x00, 0x3f, 0x0c, 0x02, 0x05, 0x04, 0x04, 0x03, 0x66, 0x01, 0x00, 0x00, 0x02, 0xff, 0x01, 0x00, 0x02, 0x82, 0x02, 0x00, 0x00, 0x82, 0x02, 0xff, 0x01, 0x00, 0x1c, 0xbb, 0x00, 0x3f, 0x10, 0x03, 0x08
};

const u8 Move_FOLLOW_ME[] = {
    0x00, 0x50, 0x27, 0x02, 0x83, 0x02, 0x00, 0x00, 0x82, 0x02, 0xff, 0x00, 0x00, 0x19, 0xa0, 0x00, 0xc0, 0x04, 0x12, 0x19, 0xdb, 0x00, 0xc0, 0x04, 0x47, 0x1c, 0xa0, 0x00, 0xc0, 0x16, 0x03, 0x08
};

const u8 Move_CHARGE[] = {
    0x00, 0xe3, 0x27, 0x00, 0xe4, 0x27, 0x00, 0xe5, 0x27, 0x0a, 0x00, 0x0c, 0x0c, 0x08, 0x02, 0x7a, 0x01, 0x00, 0x00, 0x82, 0x02, 0xff, 0x01, 0x00, 0x05, 0x03, 0x84, 0x02, 0x00, 0x00, 0x02, 0xff, 0x00, 0x00, 0x19, 0xce, 0x00, 0xc0, 0x04, 0x1e, 0x19, 0xce, 0x00, 0xc0, 0x04, 0x1e, 0x19, 0xce, 0x00, 0xc0, 0x02, 0x85, 0x02, 0x00, 0x00, 0x82, 0x02, 0xff, 0x00, 0x00, 0x04, 0x19, 0x19, 0xce, 0x00, 0xc0, 0x04, 0x14, 0x19, 0xce, 0x00, 0xc0, 0x04, 0x0f, 0x19, 0xce, 0x00, 0xc0, 0x04, 0x0a, 0x04, 0x06, 0x1c, 0xce, 0x00, 0xc0, 0x06, 0x05, 0x05, 0x02, 0x86, 0x02, 0x00, 0x00, 0x82, 0x02, 0xff, 0x00, 0x00, 0x04, 0x02, 0x02, 0x86, 0x02, 0x00, 0x00, 0x82, 0x02, 0xff, 0x00, 0x00, 0x19, 0x70, 0x00, 0xc0, 0x05, 0x02, 0x7a, 0x01, 0x00, 0x00, 0x82, 0x02, 0xff, 0x01, 0x00, 0x0b, 0x00, 0x0d, 0x08
};

const u8 Move_TAUNT[] = {
    0x00, 0xe6, 0x27, 0x00, 0xe1, 0x27, 0x00, 0x67, 0x27, 0x02, 0x1f, 0x02, 0x00, 0x00, 0x8b, 0x0b, 0xff, 0x00, 0x00, 0x19, 0xb3, 0x00, 0xc0, 0x04, 0x06, 0x02, 0x87, 0x02, 0x00, 0x00, 0x8c, 0x0c, 0xff, 0x00, 0x00, 0x04, 0x04, 0x1c, 0xa0, 0x00, 0xc0, 0x10, 0x02, 0x05, 0x04, 0x08, 0x02, 0xd1, 0x01, 0x00, 0x00, 0x82, 0x02, 0xff, 0x01, 0x00, 0x19, 0xbb, 0x00, 0x3f, 0x05, 0x04, 0x0c, 0x02, 0xd1, 0x01, 0x00, 0x00, 0x82, 0x02, 0xff, 0x01, 0x00, 0x19, 0xbb, 0x00, 0x3f, 0x08
};

const u8 Move_HELPING_HAND[] = {
    0x00, 0x07, 0x28, 0x03, 0x88, 0x02, 0x00, 0x00, 0x05, 0x00, 0x02, 0x89, 0x02, 0x00, 0x00, 0xa8, 0x28, 0xff, 0x00, 0x00, 0x02, 0x89, 0x02, 0x00, 0x00, 0xa8, 0x28, 0xff, 0x01, 0x00, 0x04, 0x13, 0x19, 0xd7, 0x00, 0x00, 0x03, 0x66, 0x01, 0x00, 0x00, 0x02, 0xff, 0x02, 0x00, 0x04, 0x0e, 0x19, 0xd7, 0x00, 0x00, 0x03, 0x66, 0x01, 0x00, 0x00, 0x02, 0xff, 0x02, 0x00, 0x04, 0x14, 0x19, 0xd7, 0x00, 0x00, 0x03, 0x66, 0x01, 0x00, 0x00, 0x02, 0xff, 0x02, 0x00, 0x03, 0x74, 0x01, 0x00, 0x00, 0x02, 0xff, 0x02, 0x00, 0x08
};

const u8 Move_ASSIST[] = {
    0x00, 0x0c, 0x28, 0x02, 0x8a, 0x02, 0x00, 0x00, 0xb2, 0x32, 0xff, 0x70, 0x00, 0x04, 0x02, 0x02, 0x8a, 0x02, 0x00, 0x00, 0xb2, 0x32, 0xff, 0xd0, 0x00, 0x19, 0x94, 0x00, 0x00, 0x04, 0x02, 0x02, 0x8a, 0x02, 0x00, 0x00, 0xb2, 0x32, 0xff, 0xf0, 0xff, 0x19, 0x94, 0x00, 0x00, 0x04, 0x02, 0x02, 0x8a, 0x02, 0x00, 0x00, 0xb2, 0x32, 0xff, 0x6c, 0x00, 0x19, 0x94, 0x00, 0x00, 0x04, 0x02, 0x02, 0x8a, 0x02, 0x00, 0x00, 0xb2, 0x32, 0xff, 0xf0, 0xff, 0x19, 0x94, 0x00, 0x00, 0x08
};

const u8 Move_SUPERPOWER[] = {
    0x00, 0xe4, 0x27, 0x00, 0x10, 0x28, 0x00, 0x11, 0x28, 0x0a, 0x02, 0x28, 0x00, 0x0c, 0x0c, 0x08, 0x02, 0x8b, 0x02, 0x00, 0x00, 0x82, 0x02, 0xff, 0x00, 0x00, 0x19, 0x85, 0x00, 0xc0, 0x04, 0x14, 0x02, 0xed, 0x01, 0x00, 0x00, 0x82, 0x02, 0xff, 0x04, 0x00, 0x03, 0x38, 0x02, 0x00, 0x00, 0x05, 0xff, 0xe3, 0x00, 0x04, 0x28, 0x02, 0x8c, 0x02, 0x00, 0x00, 0xa9, 0x29, 0xff, 0xc8, 0x00, 0x04, 0x08, 0x02, 0x8c, 0x02, 0x00, 0x00, 0xa9, 0x29, 0xff, 0x14, 0x00, 0x04, 0x08, 0x02, 0x8c, 0x02, 0x00, 0x00, 0xa9, 0x29, 0xff, 0x82, 0x00, 0x04, 0x08, 0x02, 0x8c, 0x02, 0x00, 0x00, 0xa9, 0x29, 0xff, 0xa0, 0x00, 0x04, 0x08, 0x02, 0x8c, 0x02, 0x00, 0x00, 0xa9, 0x29, 0xff, 0x3c, 0x00, 0x04, 0x4a, 0x02, 0x8d, 0x02, 0x00, 0x00, 0x83, 0x03, 0xff, 0x00, 0x00, 0x19, 0xba, 0x00, 0xc0, 0x04, 0x10, 0x03, 0x66, 0x01, 0x00, 0x00, 0x02, 0xff, 0x01, 0x00, 0x19, 0x86, 0x00, 0x3f, 0x05, 0x0b, 0x02, 0x0d, 0x04, 0x01, 0x08
};

const u8 Move_RECYCLE[] = {
    0x00, 0x26, 0x28, 0x0a, 0x00, 0x0c, 0x00, 0x10, 0x04, 0x01, 0x02, 0x8e, 0x02, 0x00, 0x00, 0x82, 0x02, 0x00, 0x1c, 0x91, 0x00, 0xc0, 0x18, 0x03, 0x05, 0x03, 0x74, 0x01, 0x00, 0x00, 0x05, 0xff, 0x00, 0x00, 0x19, 0x91, 0x00, 0xc0, 0x05, 0x0d, 0x0b, 0x00, 0x04, 0x01, 0x08
};

const u8 Move_BRICK_BREAK[] = {
    0x00, 0xb7, 0x27, 0x00, 0x97, 0x27, 0x00, 0x9f, 0x27, 0x00, 0xe0, 0x27, 0x11, 0x8f, 0x02, 0x00, 0x00, 0x90, 0x02, 0x00, 0x00
};

const u8 BrickBreakNormal[] = {
    0x0a, 0x01, 0x0c, 0x0c, 0x08, 0x02, 0x6a, 0x01, 0x00, 0x00, 0x82, 0x02, 0xff, 0x03, 0x00, 0x04, 0x04, 0x04, 0x01, 0x02, 0x5d, 0x01, 0x00, 0x00, 0x83, 0x03, 0xff, 0xee, 0xff, 0x02, 0x93, 0x01, 0x00, 0x00, 0x82, 0x02, 0xff, 0xee, 0xff, 0x19, 0x73, 0x00, 0x3f, 0x04, 0x14, 0x02, 0x6a, 0x01, 0x00, 0x00, 0x82, 0x02, 0xff, 0x03, 0x00, 0x04, 0x05, 0x02, 0x5d, 0x01, 0x00, 0x00, 0x83, 0x03, 0xff, 0x12, 0x00, 0x02, 0x93, 0x01, 0x00, 0x00, 0x82, 0x02, 0xff, 0x12, 0x00, 0x19, 0x73, 0x00, 0x3f, 0x04, 0x14, 0x03, 0x78, 0x01, 0x00, 0x00, 0x02, 0xff, 0x00, 0x00, 0x02, 0x7a, 0x01, 0x00, 0x00, 0x82, 0x02, 0xff, 0x01, 0x00, 0x04, 0x25, 0x02, 0x5d, 0x01, 0x00, 0x00, 0x83, 0x03, 0xff, 0x00, 0x00, 0x02, 0x93, 0x01, 0x00, 0x00, 0x82, 0x02, 0xff, 0x00, 0x00, 0x19, 0x74, 0x00, 0x3f, 0x05, 0x02, 0x7a, 0x01, 0x00, 0x00, 0x82, 0x02, 0xff, 0x01, 0x00, 0x05, 0x0b, 0x01, 0x08
};

const u8 BrickBreakShatteredWall[] = {
    0x0a, 0x01, 0x0c, 0x0c, 0x08, 0x02, 0x6a, 0x01, 0x00, 0x00, 0x82, 0x02, 0xff, 0x03, 0x00, 0x04, 0x04, 0x02, 0x91, 0x02, 0x00, 0x00, 0x83, 0x03, 0xff, 0x01, 0x00, 0x04, 0x01, 0x02, 0x5d, 0x01, 0x00, 0x00, 0x83, 0x03, 0xff, 0xee, 0xff, 0x02, 0x93, 0x01, 0x00, 0x00, 0x82, 0x02, 0xff, 0xee, 0xff, 0x19, 0x73, 0x00, 0x3f, 0x04, 0x14, 0x02, 0x6a, 0x01, 0x00, 0x00, 0x82, 0x02, 0xff, 0x03, 0x00, 0x04, 0x05, 0x02, 0x5d, 0x01, 0x00, 0x00, 0x83, 0x03, 0xff, 0x12, 0x00, 0x02, 0x93, 0x01, 0x00, 0x00, 0x82, 0x02, 0xff, 0x12, 0x00, 0x19, 0x73, 0x00, 0x3f, 0x04, 0x14, 0x03, 0x78, 0x01, 0x00, 0x00, 0x02, 0xff, 0x00, 0x00, 0x02, 0x7a, 0x01, 0x00, 0x00, 0x82, 0x02, 0xff, 0x01, 0x00, 0x04, 0x25, 0x02, 0x5d, 0x01, 0x00, 0x00, 0x83, 0x03, 0xff, 0x00, 0x00, 0x02, 0x93, 0x01, 0x00, 0x00, 0x82, 0x02, 0xff, 0x00, 0x00, 0x19, 0x74, 0x00, 0x3f, 0x05, 0x02, 0x92, 0x02, 0x00, 0x00, 0x82, 0x02, 0xff, 0x01, 0x00, 0x02, 0x92, 0x02, 0x00, 0x00, 0x82, 0x02, 0xff, 0x01, 0x00, 0x02, 0x92, 0x02, 0x00, 0x00, 0x82, 0x02, 0xff, 0x01, 0x00, 0x02, 0x92, 0x02, 0x00, 0x00, 0x82, 0x02, 0xff, 0x01, 0x00, 0x19, 0xbf, 0x00, 0x3f, 0x05, 0x02, 0x7a, 0x01, 0x00, 0x00, 0x82, 0x02, 0xff, 0x01, 0x00, 0x05, 0x0b, 0x01, 0x08
};

const u8 Move_YAWN[] = {
    0x00, 0x02, 0x28, 0x03, 0x93, 0x02, 0x00, 0x00, 0x02, 0xff, 0x00, 0x00, 0x19, 0xe6, 0x00, 0xc0, 0x05, 0x02, 0x94, 0x02, 0x00, 0x00, 0x85, 0x05, 0xff, 0x02, 0x00, 0x19, 0xe1, 0x00, 0xc0, 0x04, 0x04, 0x02, 0x94, 0x02, 0x00, 0x00, 0x85, 0x05, 0xff, 0x01, 0x00, 0x04, 0x04, 0x02, 0x94, 0x02, 0x00, 0x00, 0x85, 0x05, 0xff, 0x00, 0x00, 0x05, 0x03, 0x93, 0x02, 0x00, 0x00, 0x02, 0xff, 0x01, 0x00, 0x19, 0xe6, 0x00, 0x3f, 0x08
};

const u8 Move_ENDEAVOR[] = {
    0x00, 0x03, 0x28, 0x00, 0x97, 0x27, 0x03, 0x7e, 0x02, 0x00, 0x00, 0x02, 0xff, 0x00, 0x00, 0x1c, 0xa0, 0x00, 0xc0, 0x18, 0x02, 0x03, 0x74, 0x01, 0x00, 0x00, 0x05, 0xff, 0x00, 0x00, 0x04, 0x06, 0x03, 0xa7, 0x01, 0x00, 0x00, 0x05, 0xff, 0x00, 0x00, 0x02, 0x5d, 0x01, 0x00, 0x00, 0x82, 0x02, 0xff, 0x0c, 0x00, 0x19, 0x7f, 0x00, 0x3f, 0x04, 0x18, 0x03, 0xa7, 0x01, 0x00, 0x00, 0x05, 0xff, 0x00, 0x00, 0x02, 0x5d, 0x01, 0x00, 0x00, 0x82, 0x02, 0xff, 0xf4, 0xff, 0x19, 0x84, 0x00, 0x3f, 0x08
};

const u8 Move_ERUPTION[] = {
    0x00, 0xd9, 0x27, 0x02, 0x7a, 0x01, 0x00, 0x00, 0x82, 0x02, 0xff, 0x1f, 0x00, 0x05, 0x03, 0x95, 0x02, 0x00, 0x00, 0x02, 0x00, 0x1d, 0xab, 0x00, 0xc0, 0x3c, 0x05, 0x03, 0x95, 0x02, 0x00, 0x00, 0x02, 0x00, 0x1d, 0xab, 0x00, 0xc0, 0x3c, 0x05, 0x04, 0x1e, 0x02, 0x96, 0x02, 0x00, 0x00, 0xa8, 0x28, 0xff, 0xc8, 0x00, 0x02, 0x96, 0x02, 0x00, 0x00, 0xa8, 0x28, 0xff, 0x1e, 0x00, 0x02, 0x96, 0x02, 0x00, 0x00, 0xa8, 0x28, 0xff, 0x96, 0x00, 0x02, 0x96, 0x02, 0x00, 0x00, 0xa8, 0x28, 0xff, 0x5a, 0x00, 0x02, 0x96, 0x02, 0x00, 0x00, 0xa8, 0x28, 0xff, 0x6e, 0x00, 0x02, 0x96, 0x02, 0x00, 0x00, 0xa8, 0x28, 0xff, 0x3c, 0x00, 0x04, 0x16, 0x03, 0x0c, 0x02, 0x00, 0x00, 0x05, 0xff, 0x05, 0x00, 0x03, 0x0c, 0x02, 0x00, 0x00, 0x05, 0xff, 0x04, 0x00, 0x1c, 0x7c, 0x00, 0x3f, 0x10, 0x0c, 0x04, 0x50, 0x02, 0x7a, 0x01, 0x00, 0x00, 0xa8, 0x28, 0xff, 0x1f, 0x00, 0x08
};

const u8 Move_SKILL_SWAP[] = {
    0x00, 0x0b, 0x28, 0x0e, 0x18, 0x02, 0x00, 0x00, 0x03, 0x97, 0x02, 0x00, 0x00, 0x03, 0xff, 0x01, 0x00, 0x03, 0x74, 0x01, 0x00, 0x00, 0x05, 0xff, 0x01, 0x00, 0x1c, 0xd2, 0x00, 0xc0, 0x18, 0x03, 0x04, 0x10, 0x03, 0x97, 0x02, 0x00, 0x00, 0x03, 0xff, 0x00, 0x00, 0x03, 0x74, 0x01, 0x00, 0x00, 0x05, 0xff, 0x00, 0x00, 0x05, 0x0e, 0x1a, 0x02, 0x00, 0x00, 0x08
};

const u8 Move_IMPRISON[] = {
    0x00, 0x09, 0x28, 0x00, 0x0a, 0x28, 0x0e, 0x18, 0x02, 0x00, 0x00, 0x0a, 0x03, 0x03, 0x98, 0x02, 0x00, 0x00, 0x05, 0x00, 0x04, 0x08, 0x1c, 0x9f, 0x00, 0xc0, 0x08, 0x05, 0x05, 0x04, 0x04, 0x02, 0x99, 0x02, 0x00, 0x00, 0x85, 0x05, 0xff, 0x00, 0x00, 0x03, 0x0c, 0x02, 0x00, 0x00, 0x05, 0xff, 0x04, 0x00, 0x19, 0xd0, 0x00, 0xc0, 0x0b, 0x03, 0x0e, 0x1a, 0x02, 0x00, 0x00, 0x08
};

const u8 Move_GRUDGE[] = {
    0x00, 0x0d, 0x28, 0x0a, 0x00, 0x29, 0x14, 0x02, 0x19, 0xb6, 0x00, 0xc0, 0x17, 0x03, 0x9a, 0x02, 0x00, 0x00, 0x03, 0x00, 0x1c, 0x90, 0x00, 0xc0, 0x10, 0x04, 0x04, 0x0a, 0x04, 0x50, 0x19, 0x72, 0x00, 0x3f, 0x05, 0x15, 0x17, 0x0b, 0x00, 0x08
};

const u8 Move_CAMOUFLAGE[] = {
    0x0a, 0x02, 0x28, 0x00, 0x0c, 0x10, 0x00, 0x03, 0x9b, 0x02, 0x00, 0x00, 0x05, 0xff, 0x02, 0x00, 0x04, 0x10, 0x03, 0x37, 0x02, 0x00, 0x00, 0x02, 0xff, 0x04, 0x00, 0x19, 0xb7, 0x00, 0xc0, 0x05, 0x04, 0x08, 0x03, 0x9b, 0x02, 0x00, 0x00, 0x05, 0xff, 0x02, 0x00, 0x05, 0x03, 0x3b, 0x02, 0x00, 0x00, 0x02, 0xff, 0x01, 0x00, 0x05, 0x0d, 0x0b, 0x02, 0x08
};

const u8 Move_TAIL_GLOW[] = {
    0x00, 0xe4, 0x27, 0x0a, 0x00, 0x0c, 0x0c, 0x08, 0x02, 0x7a, 0x01, 0x00, 0x00, 0x82, 0x02, 0xff, 0x01, 0x00, 0x05, 0x02, 0x9c, 0x02, 0x00, 0x00, 0xc2, 0x42, 0xff, 0x00, 0x00, 0x04, 0x12, 0x1c, 0xdd, 0x00, 0xc0, 0x10, 0x06, 0x05, 0x02, 0x7a, 0x01, 0x00, 0x00, 0x82, 0x02, 0xff, 0x01, 0x00, 0x0b, 0x00, 0x0d, 0x04, 0x01, 0x08
};

const u8 Move_LUSTER_PURGE[] = {
    0x00, 0x1b, 0x28, 0x00, 0x97, 0x27, 0x14, 0x03, 0x16, 0x03, 0x9d, 0x02, 0x00, 0x00, 0x05, 0x00, 0x17, 0x0a, 0x00, 0x0c, 0x0c, 0x08, 0x19, 0xc2, 0x00, 0xc0, 0x02, 0x9e, 0x02, 0x00, 0x00, 0xa9, 0x29, 0xff, 0x00, 0x00, 0x04, 0x14, 0x03, 0x35, 0x02, 0x00, 0x00, 0x05, 0xff, 0x05, 0x00, 0x03, 0x73, 0x02, 0x00, 0x00, 0x05, 0xff, 0x1b, 0x28, 0x05, 0x03, 0x73, 0x02, 0x00, 0x00, 0x05, 0xff, 0x97, 0x27, 0x05, 0x02, 0x49, 0x02, 0x00, 0x00, 0x83, 0x03, 0xff, 0x01, 0x00, 0x03, 0x3a, 0x02, 0x00, 0x00, 0x05, 0xff, 0xd0, 0x00, 0x04, 0x03, 0x02, 0x49, 0x02, 0x00, 0x00, 0x83, 0x03, 0xff, 0x01, 0x00, 0x03, 0x3a, 0x02, 0x00, 0x00, 0x05, 0xff, 0xd0, 0x00, 0x04, 0x03, 0x02, 0x49, 0x02, 0x00, 0x00, 0x83, 0x03, 0xff, 0x01, 0x00, 0x03, 0x3a, 0x02, 0x00, 0x00, 0x05, 0xff, 0xd0, 0x00, 0x04, 0x03, 0x02, 0x49, 0x02, 0x00, 0x00, 0x83, 0x03, 0xff, 0x01, 0x00, 0x03, 0x3a, 0x02, 0x00, 0x00, 0x05, 0xff, 0xd0, 0x00, 0x04, 0x03, 0x02, 0x49, 0x02, 0x00, 0x00, 0x83, 0x03, 0xff, 0x01, 0x00, 0x03, 0x3a, 0x02, 0x00, 0x00, 0x05, 0xff, 0xd0, 0x00, 0x04, 0x03, 0x02, 0x49, 0x02, 0x00, 0x00, 0x83, 0x03, 0xff, 0x01, 0x00, 0x03, 0x3a, 0x02, 0x00, 0x00, 0x05, 0xff, 0xd0, 0x00, 0x05, 0x03, 0x35, 0x02, 0x00, 0x00, 0x05, 0xff, 0x05, 0x00, 0x03, 0x0c, 0x02, 0x00, 0x00, 0x05, 0xff, 0x01, 0x00, 0x05, 0x0b, 0x00, 0x0d, 0x0e, 0x1a, 0x02, 0x00, 0x00, 0x08
};

const u8 Move_MIST_BALL[] = {
    0x00, 0xab, 0x27, 0x00, 0x1e, 0x28, 0x04, 0x00, 0x19, 0x7a, 0x00, 0xc0, 0x02, 0x9f, 0x02, 0x00, 0x00, 0x80, 0x00, 0xff, 0x00, 0x00, 0x05, 0x19, 0x98, 0x00, 0x3f, 0x03, 0x5e, 0x01, 0x00, 0x00, 0x02, 0xff, 0x01, 0x00, 0x02, 0x79, 0x01, 0x00, 0x00, 0x80, 0x00, 0xff, 0x01, 0x00, 0x04, 0x00, 0x19, 0xef, 0x00, 0x00, 0x03, 0xa0, 0x02, 0x00, 0x00, 0x05, 0x00, 0x03, 0x81, 0x01, 0x00, 0x00, 0x0a, 0xff, 0x04, 0x00, 0x04, 0x08, 0x03, 0x5e, 0x01, 0x00, 0x00, 0x02, 0xff, 0x01, 0x00, 0x04, 0x46, 0x03, 0x81, 0x01, 0x00, 0x00, 0x0a, 0xff, 0x04, 0x00, 0x08
};

const u8 Move_FEATHER_DANCE[] = {
    0x00, 0x1e, 0x28, 0x0a, 0x03, 0x29, 0x19, 0xc3, 0x00, 0x3f, 0x04, 0x00, 0x02, 0xa1, 0x02, 0x00, 0x00, 0x80, 0x00, 0xff, 0x00, 0x00, 0x04, 0x06, 0x02, 0xa1, 0x02, 0x00, 0x00, 0x80, 0x00, 0xff, 0x00, 0x00, 0x02, 0xa1, 0x02, 0x00, 0x00, 0x80, 0x00, 0xff, 0x00, 0x00, 0x04, 0x06, 0x02, 0xa1, 0x02, 0x00, 0x00, 0x80, 0x00, 0xff, 0x00, 0x00, 0x02, 0xa1, 0x02, 0x00, 0x00, 0x80, 0x00, 0xff, 0x00, 0x00, 0x04, 0x06, 0x02, 0xa1, 0x02, 0x00, 0x00, 0x80, 0x00, 0xff, 0x00, 0x00, 0x02, 0xa1, 0x02, 0x00, 0x00, 0x80, 0x00, 0xff, 0x00, 0x00, 0x04, 0x06, 0x02, 0xa1, 0x02, 0x00, 0x00, 0x80, 0x00, 0xff, 0x00, 0x00, 0x05, 0x0b, 0x03, 0x08
};

const u8 Move_TEETER_DANCE[] = {
    0x00, 0x58, 0x27, 0x00, 0x59, 0x27, 0x03, 0xa2, 0x02, 0x00, 0x00, 0x05, 0x00, 0x02, 0xa3, 0x02, 0x00, 0x00, 0x82, 0x02, 0xff, 0x00, 0x00, 0x19, 0xed, 0x00, 0xc0, 0x04, 0x18, 0x02, 0xa3, 0x02, 0x00, 0x00, 0x82, 0x02, 0xff, 0x00, 0x00, 0x19, 0xed, 0x00, 0xc0, 0x04, 0x18, 0x02, 0xa3, 0x02, 0x00, 0x00, 0x82, 0x02, 0xff, 0x00, 0x00, 0x19, 0xed, 0x00, 0xc0, 0x04, 0x18, 0x02, 0xa3, 0x02, 0x00, 0x00, 0x82, 0x02, 0xff, 0x01, 0x00, 0x19, 0xed, 0x00, 0xc0, 0x04, 0x18, 0x02, 0xa3, 0x02, 0x00, 0x00, 0x82, 0x02, 0xff, 0x02, 0x00, 0x19, 0xed, 0x00, 0xc0, 0x08
};

const u8 Move_MUD_SPORT[] = {
    0x00, 0x5a, 0x27, 0x03, 0x3e, 0x02, 0x00, 0x00, 0x02, 0xff, 0x00, 0x00, 0x04, 0x18, 0x02, 0xa4, 0x02, 0x00, 0x00, 0x82, 0x02, 0xff, 0x00, 0x00, 0x02, 0xa4, 0x02, 0x00, 0x00, 0x82, 0x02, 0xff, 0x00, 0x00, 0x19, 0xa8, 0x00, 0xc0, 0x04, 0x20, 0x02, 0xa4, 0x02, 0x00, 0x00, 0x82, 0x02, 0xff, 0x00, 0x00, 0x02, 0xa4, 0x02, 0x00, 0x00, 0x82, 0x02, 0xff, 0x00, 0x00, 0x19, 0xa8, 0x00, 0xc0, 0x04, 0x20, 0x02, 0xa4, 0x02, 0x00, 0x00, 0x82, 0x02, 0xff, 0x00, 0x00, 0x02, 0xa4, 0x02, 0x00, 0x00, 0x82, 0x02, 0xff, 0x00, 0x00, 0x19, 0xa8, 0x00, 0xc0, 0x04, 0x10, 0x02, 0xa4, 0x02, 0x00, 0x00, 0x82, 0x02, 0xff, 0x01, 0x00, 0x1d, 0x76, 0x00, 0x00, 0x0f, 0x04, 0x02, 0x02, 0xa4, 0x02, 0x00, 0x00, 0x82, 0x02, 0xff, 0x01, 0x00, 0x1d, 0x76, 0x00, 0x00, 0x19, 0x04, 0x02, 0x02, 0xa4, 0x02, 0x00, 0x00, 0x82, 0x02, 0xff, 0x01, 0x00, 0x1d, 0x76, 0x00, 0x00, 0x0e, 0x04, 0x02, 0x02, 0xa4, 0x02, 0x00, 0x00, 0x82, 0x02, 0xff, 0x01, 0x00, 0x1d, 0x76, 0x00, 0x00, 0x0a, 0x04, 0x02, 0x02, 0xa4, 0x02, 0x00, 0x00, 0x82, 0x02, 0xff, 0x01, 0x00, 0x1d, 0x76, 0x00, 0x00, 0x16, 0x04, 0x02, 0x02, 0xa4, 0x02, 0x00, 0x00, 0x82, 0x02, 0xff, 0x01, 0x00, 0x1d, 0x76, 0x00, 0x00, 0x16, 0x04, 0x02, 0x02, 0xa4, 0x02, 0x00, 0x00, 0x82, 0x02, 0xff, 0x01, 0x00, 0x1d, 0x76, 0x00, 0x00, 0x0f, 0x04, 0x02, 0x02, 0xa4, 0x02, 0x00, 0x00, 0x82, 0x02, 0xff, 0x01, 0x00, 0x1d, 0x76, 0x00, 0x00, 0x16, 0x04, 0x02, 0x02, 0xa4, 0x02, 0x00, 0x00, 0x82, 0x02, 0xff, 0x01, 0x00, 0x1d, 0x76, 0x00, 0x00, 0x0f, 0x04, 0x02, 0x02, 0xa4, 0x02, 0x00, 0x00, 0x82, 0x02, 0xff, 0x01, 0x00, 0x1d, 0x76, 0x00, 0x00, 0x0a, 0x08
};

const u8 Move_NEEDLE_ARM[] = {
    0x00, 0x1a, 0x28, 0x00, 0x97, 0x27, 0x00, 0x9f, 0x27, 0x1c, 0x9f, 0x00, 0x3f, 0x02, 0x10, 0x02, 0xa5, 0x02, 0x00, 0x00, 0x82, 0x02, 0xff, 0x01, 0x00, 0x04, 0x02, 0x02, 0xa5, 0x02, 0x00, 0x00, 0x82, 0x02, 0xff, 0x01, 0x00, 0x04, 0x02, 0x02, 0xa5, 0x02, 0x00, 0x00, 0x82, 0x02, 0xff, 0x01, 0x00, 0x04, 0x02, 0x02, 0xa5, 0x02, 0x00, 0x00, 0x82, 0x02, 0xff, 0x01, 0x00, 0x04, 0x02, 0x02, 0xa5, 0x02, 0x00, 0x00, 0x82, 0x02, 0xff, 0x01, 0x00, 0x04, 0x02, 0x02, 0xa5, 0x02, 0x00, 0x00, 0x82, 0x02, 0xff, 0x01, 0x00, 0x04, 0x02, 0x02, 0xa5, 0x02, 0x00, 0x00, 0x82, 0x02, 0xff, 0x01, 0x00, 0x04, 0x02, 0x02, 0xa5, 0x02, 0x00, 0x00, 0x82, 0x02, 0xff, 0x01, 0x00, 0x04, 0x02, 0x02, 0xa5, 0x02, 0x00, 0x00, 0x82, 0x02, 0xff, 0x01, 0x00, 0x04, 0x02, 0x02, 0xa5, 0x02, 0x00, 0x00, 0x82, 0x02, 0xff, 0x01, 0x00, 0x04, 0x02, 0x02, 0xa5, 0x02, 0x00, 0x00, 0x82, 0x02, 0xff, 0x01, 0x00, 0x04, 0x02, 0x02, 0xa5, 0x02, 0x00, 0x00, 0x82, 0x02, 0xff, 0x01, 0x00, 0x05, 0x03, 0x66, 0x01, 0x00, 0x00, 0x02, 0xff, 0x01, 0x00, 0x02, 0x5d, 0x01, 0x00, 0x00, 0x83, 0x03, 0xff, 0x00, 0x00, 0x02, 0x93, 0x01, 0x00, 0x00, 0x84, 0x04, 0xff, 0x00, 0x00, 0x19, 0x74, 0x00, 0x3f, 0x02, 0xa5, 0x02, 0x00, 0x00, 0x82, 0x02, 0xff, 0x01, 0x00, 0x02, 0xa5, 0x02, 0x00, 0x00, 0x82, 0x02, 0xff, 0x01, 0x00, 0x02, 0xa5, 0x02, 0x00, 0x00, 0x82, 0x02, 0xff, 0x01, 0x00, 0x02, 0xa5, 0x02, 0x00, 0x00, 0x82, 0x02, 0xff, 0x01, 0x00, 0x02, 0xa5, 0x02, 0x00, 0x00, 0x82, 0x02, 0xff, 0x01, 0x00, 0x02, 0xa5, 0x02, 0x00, 0x00, 0x82, 0x02, 0xff, 0x01, 0x00, 0x02, 0xa5, 0x02, 0x00, 0x00, 0x82, 0x02, 0xff, 0x01, 0x00, 0x02, 0xa5, 0x02, 0x00, 0x00, 0x82, 0x02, 0xff, 0x01, 0x00, 0x08
};

const u8 Move_SLACK_OFF[] = {
    0x00, 0x2f, 0x27, 0x03, 0xa6, 0x02, 0x00, 0x00, 0x02, 0xff, 0x00, 0x00, 0x19, 0xe6, 0x00, 0xc0, 0x05, 0x0e, 0x67, 0x02, 0x00, 0x00, 0x05, 0x08
};

const u8 Move_CRUSH_CLAW[] = {
    0x00, 0xb7, 0x27, 0x00, 0x37, 0x27, 0x00, 0xe0, 0x27, 0x0a, 0x01, 0x0c, 0x0c, 0x08, 0x02, 0x6a, 0x01, 0x00, 0x00, 0x82, 0x02, 0xff, 0x06, 0x00, 0x04, 0x04, 0x03, 0x66, 0x01, 0x00, 0x00, 0x02, 0xff, 0x01, 0x00, 0x02, 0xa7, 0x02, 0x00, 0x00, 0x82, 0x02, 0xff, 0xf6, 0xff, 0x02, 0xa7, 0x02, 0x00, 0x00, 0x82, 0x02, 0xff, 0xf6, 0xff, 0x19, 0x81, 0x00, 0x3f, 0x04, 0x0c, 0x02, 0xa7, 0x02, 0x00, 0x00, 0x82, 0x02, 0xff, 0x0a, 0x00, 0x02, 0xa7, 0x02, 0x00, 0x00, 0x82, 0x02, 0xff, 0x0a, 0x00, 0x19, 0x81, 0x00, 0x3f, 0x05, 0x05, 0x0d, 0x0b, 0x01, 0x08
};

const u8 Move_AROMATHERAPY[] = {
    0x19, 0xc3, 0x00, 0x00, 0x00, 0xaf, 0x27, 0x00, 0xdb, 0x27, 0x00, 0x41, 0x27, 0x02, 0x7a, 0x01, 0x00, 0x00, 0x80, 0x00, 0xff, 0x01, 0x00, 0x04, 0x01, 0x0a, 0x00, 0x04, 0x01, 0x02, 0xa8, 0x02, 0x00, 0x00, 0x80, 0x00, 0xff, 0x18, 0x00, 0x02, 0xa8, 0x02, 0x00, 0x00, 0xc2, 0x42, 0xff, 0x40, 0x00, 0x02, 0xa9, 0x02, 0x00, 0x00, 0x80, 0x00, 0xff, 0x10, 0x00, 0x04, 0x14, 0x02, 0xa8, 0x02, 0x00, 0x00, 0xc2, 0x42, 0xff, 0x30, 0x00, 0x02, 0xa8, 0x02, 0x00, 0x00, 0x80, 0x00, 0xff, 0x64, 0x00, 0x02, 0xa8, 0x02, 0x00, 0x00, 0x80, 0x00, 0xff, 0x4a, 0x00, 0x04, 0x0a, 0x02, 0xa8, 0x02, 0x00, 0x00, 0xc2, 0x42, 0xff, 0x50, 0x00, 0x02, 0xa8, 0x02, 0x00, 0x00, 0x80, 0x00, 0xff, 0x80, 0x00, 0x02, 0xa9, 0x02, 0x00, 0x00, 0x80, 0x00, 0xff, 0x5a, 0x00, 0x05, 0x0b, 0x00, 0x04, 0x01, 0x02, 0x7a, 0x01, 0x00, 0x00, 0x80, 0x00, 0xff, 0x01, 0x00, 0x04, 0x01, 0x19, 0xe8, 0x00, 0xc0, 0x03, 0xaa, 0x02, 0x00, 0x00, 0x02, 0xff, 0x01, 0x00, 0x05, 0x19, 0xdd, 0x00, 0xc0, 0x02, 0xab, 0x02, 0x00, 0x00, 0x90, 0x10, 0xff, 0xf1, 0xff, 0x04, 0x08, 0x02, 0xab, 0x02, 0x00, 0x00, 0x90, 0x10, 0xff, 0x0c, 0x00, 0x05, 0x19, 0x5f, 0x00, 0xc0, 0x02, 0x7a, 0x01, 0x00, 0x00, 0x80, 0x00, 0xff, 0x2b, 0x00, 0x02, 0xac, 0x02, 0x00, 0x00, 0x90, 0x10, 0xff, 0x00, 0x00, 0x05, 0x08
};

const u8 Move_FAKE_TEARS[] = {
    0x00, 0xab, 0x27, 0x00, 0xe1, 0x27, 0x00, 0x58, 0x27, 0x03, 0x73, 0x02, 0x00, 0x00, 0x05, 0xff, 0xab, 0x27, 0x05, 0x03, 0x53, 0x02, 0x00, 0x00, 0x05, 0xff, 0x00, 0x00, 0x1c, 0xa0, 0x00, 0xc0, 0x0c, 0x04, 0x04, 0x08, 0x02, 0xad, 0x02, 0x00, 0x00, 0x82, 0x02, 0xff, 0x00, 0x00, 0x02, 0xad, 0x02, 0x00, 0x00, 0x82, 0x02, 0xff, 0x00, 0x00, 0x04, 0x08, 0x02, 0xad, 0x02, 0x00, 0x00, 0x82, 0x02, 0xff, 0x00, 0x00, 0x02, 0xad, 0x02, 0x00, 0x00, 0x82, 0x02, 0xff, 0x00, 0x00, 0x04, 0x08, 0x02, 0xad, 0x02, 0x00, 0x00, 0x82, 0x02, 0xff, 0x00, 0x00, 0x02, 0xad, 0x02, 0x00, 0x00, 0x82, 0x02, 0xff, 0x00, 0x00, 0x04, 0x08, 0x02, 0xad, 0x02, 0x00, 0x00, 0x82, 0x02, 0xff, 0x00, 0x00, 0x02, 0xad, 0x02, 0x00, 0x00, 0x82, 0x02, 0xff, 0x00, 0x00, 0x05, 0x08
};

const u8 Move_AIR_CUTTER[] = {
    0x00, 0x13, 0x27, 0x00, 0x9a, 0x27, 0x00, 0x97, 0x27, 0x04, 0x00, 0x0a, 0x03, 0x0c, 0x0c, 0x08, 0x04, 0x00, 0x03, 0xae, 0x02, 0x00, 0x00, 0x02, 0xff, 0x20, 0x00, 0x05, 0x19, 0x79, 0x00, 0x3f, 0x02, 0xaf, 0x02, 0x00, 0x00, 0x82, 0x02, 0xff, 0x28, 0x00, 0x04, 0x05, 0x03, 0x66, 0x01, 0x00, 0x00, 0x02, 0xff, 0x01, 0x00, 0x03, 0x66, 0x01, 0x00, 0x00, 0x02, 0xff, 0x03, 0x00, 0x05, 0x0d, 0x0b, 0x03, 0x04, 0x00, 0x08
};

const u8 Move_ODOR_SLEUTH[] = {
    0x0a, 0x01, 0x03, 0xb0, 0x02, 0x00, 0x00, 0x05, 0x00, 0x04, 0x18, 0x02, 0x6a, 0x01, 0x00, 0x00, 0x82, 0x02, 0xff, 0x03, 0x00, 0x19, 0xba, 0x00, 0xc0, 0x04, 0x06, 0x02, 0x6a, 0x01, 0x00, 0x00, 0x82, 0x02, 0xff, 0x03, 0x00, 0x19, 0xba, 0x00, 0xc0, 0x05, 0x0b, 0x01, 0x04, 0x01, 0x02, 0x79, 0x01, 0x00, 0x00, 0x82, 0x02, 0xff, 0x01, 0x00, 0x19, 0xb9, 0x00, 0xc0, 0x08
};

const u8 Move_GRASS_WHISTLE[] = {
    0x00, 0x58, 0x27, 0x02, 0x7a, 0x01, 0x00, 0x00, 0x82, 0x02, 0xff, 0x01, 0x00, 0x05, 0x03, 0x09, 0x02, 0x00, 0x00, 0x02, 0x00, 0x05, 0x1b, 0xe0, 0x00, 0xc0, 0x3f, 0x02, 0x00, 0x02, 0x0a, 0x02, 0x00, 0x00, 0x82, 0x02, 0xff, 0x07, 0x00, 0x04, 0x05, 0x02, 0x0a, 0x02, 0x00, 0x00, 0x82, 0x02, 0xff, 0x06, 0x00, 0x04, 0x05, 0x02, 0x0a, 0x02, 0x00, 0x00, 0x82, 0x02, 0xff, 0x01, 0x00, 0x04, 0x05, 0x02, 0x0a, 0x02, 0x00, 0x00, 0x82, 0x02, 0xff, 0x02, 0x00, 0x04, 0x05, 0x02, 0x0a, 0x02, 0x00, 0x00, 0x82, 0x02, 0xff, 0x03, 0x00, 0x04, 0x04, 0x02, 0x0a, 0x02, 0x00, 0x00, 0x82, 0x02, 0xff, 0x02, 0x00, 0x04, 0x04, 0x02, 0x0a, 0x02, 0x00, 0x00, 0x82, 0x02, 0xff, 0x05, 0x00, 0x04, 0x04, 0x02, 0x0a, 0x02, 0x00, 0x00, 0x82, 0x02, 0xff, 0x06, 0x00, 0x04, 0x04, 0x02, 0x0a, 0x02, 0x00, 0x00, 0x82, 0x02, 0xff, 0x02, 0x00, 0x04, 0x04, 0x02, 0x0a, 0x02, 0x00, 0x00, 0x82, 0x02, 0xff, 0x02, 0x00, 0x04, 0x04, 0x02, 0x0a, 0x02, 0x00, 0x00, 0x82, 0x02, 0xff, 0x01, 0x00, 0x04, 0x04, 0x02, 0x0a, 0x02, 0x00, 0x00, 0x82, 0x02, 0xff, 0x05, 0x00, 0x04, 0x04, 0x05, 0x03, 0x0b, 0x02, 0x00, 0x00, 0x02, 0x00, 0x02, 0x7a, 0x01, 0x00, 0x00, 0x82, 0x02, 0xff, 0x01, 0x00, 0x05, 0x08
};

const u8 Move_TICKLE[] = {
    0x00, 0xea, 0x27, 0x02, 0x7a, 0x01, 0x00, 0x00, 0x82, 0x02, 0xff, 0x02, 0x00, 0x05, 0x02, 0x2b, 0x02, 0x00, 0x00, 0x80, 0x00, 0xff, 0xf0, 0xff, 0x02, 0x2b, 0x02, 0x00, 0x00, 0x80, 0x00, 0xff, 0x10, 0x00, 0x19, 0xca, 0x00, 0xc0, 0x05, 0x02, 0x7a, 0x01, 0x00, 0x00, 0x82, 0x02, 0xff, 0x02, 0x00, 0x05, 0x04, 0x14, 0x03, 0x71, 0x01, 0x00, 0x00, 0x03, 0xff, 0x00, 0x00, 0x04, 0x0c, 0x03, 0x53, 0x02, 0x00, 0x00, 0x03, 0xff, 0x01, 0x00, 0x1c, 0xa0, 0x00, 0x3f, 0x08, 0x08, 0x05, 0x08
};

const u8 Move_WATER_SPOUT[] = {
    0x00, 0x1c, 0x28, 0x00, 0xa4, 0x27, 0x0a, 0x03, 0x0c, 0x0c, 0x08, 0x03, 0xb1, 0x02, 0x00, 0x00, 0x05, 0x00, 0x19, 0x9b, 0x00, 0xc0, 0x04, 0x2c, 0x19, 0xe2, 0x00, 0xc0, 0x05, 0x04, 0x10, 0x03, 0xb2, 0x02, 0x00, 0x00, 0x05, 0x00, 0x19, 0x9c, 0x00, 0x3f, 0x0b, 0x03, 0x0d, 0x08
};

const u8 Move_SHADOW_PUNCH[] = {
    0x00, 0x97, 0x27, 0x00, 0x9f, 0x27, 0x14, 0x02, 0x17, 0x0a, 0x02, 0x0c, 0x09, 0x08, 0x03, 0x4d, 0x02, 0x00, 0x00, 0x02, 0xff, 0x00, 0x00, 0x19, 0x88, 0x00, 0xc0, 0x04, 0x06, 0x02, 0x5d, 0x01, 0x00, 0x00, 0x83, 0x03, 0xff, 0x00, 0x00, 0x02, 0x93, 0x01, 0x00, 0x00, 0x84, 0x04, 0xff, 0x00, 0x00, 0x19, 0x84, 0x00, 0x3f, 0x03, 0x5e, 0x01, 0x00, 0x00, 0x02, 0xff, 0x01, 0x00, 0x05, 0x0b, 0x02, 0x0d, 0x15, 0x17, 0x08
};

const u8 Move_EXTRASENSORY[] = {
    0x0e, 0x18, 0x02, 0x00, 0x00, 0x0a, 0x03, 0x0c, 0x0c, 0x08, 0x03, 0x74, 0x01, 0x00, 0x00, 0x05, 0xff, 0x00, 0x00, 0x03, 0xb3, 0x02, 0x00, 0x00, 0x05, 0xff, 0x00, 0x00, 0x19, 0xa3, 0x00, 0x3f, 0x05, 0x03, 0x74, 0x01, 0x00, 0x00, 0x05, 0xff, 0x00, 0x00, 0x03, 0xb3, 0x02, 0x00, 0x00, 0x05, 0xff, 0x01, 0x00, 0x19, 0xa3, 0x00, 0x3f, 0x05, 0x03, 0xb4, 0x02, 0x00, 0x00, 0x05, 0xff, 0x00, 0x00, 0x03, 0xb3, 0x02, 0x00, 0x00, 0x05, 0xff, 0x02, 0x00, 0x19, 0xb9, 0x00, 0xc0, 0x05, 0x0d, 0x0b, 0x03, 0x0e, 0x1a, 0x02, 0x00, 0x00, 0x08
};

const u8 Move_AERIAL_ACE[] = {
    0x00, 0x9a, 0x27, 0x0a, 0x01, 0x0c, 0x0c, 0x08, 0x03, 0x69, 0x01, 0x00, 0x00, 0x02, 0xff, 0x00, 0x00, 0x03, 0x1b, 0x02, 0x00, 0x00, 0x02, 0xff, 0x00, 0x00, 0x02, 0xa1, 0x01, 0x00, 0x00, 0x82, 0x02, 0xff, 0x28, 0x00, 0x19, 0x99, 0x00, 0xc0, 0x04, 0x05, 0x03, 0x5e, 0x01, 0x00, 0x00, 0x02, 0xff, 0x01, 0x00, 0x02, 0x79, 0x01, 0x00, 0x00, 0x82, 0x02, 0xff, 0x1f, 0x00, 0x19, 0x81, 0x00, 0x3f, 0x05, 0x0b, 0x01, 0x0d, 0x08
};

const u8 Move_IRON_DEFENSE[] = {
    0x1c, 0x5f, 0x00, 0xc0, 0x1c, 0x02, 0x03, 0xb5, 0x02, 0x00, 0x00, 0x05, 0xff, 0x00, 0x00, 0x02, 0x79, 0x01, 0x00, 0x00, 0x82, 0x02, 0xff, 0x01, 0x00, 0x05, 0x08
};

const u8 Move_BLOCK[] = {
    0x00, 0x0a, 0x28, 0x02, 0xb6, 0x02, 0x00, 0x00, 0xc2, 0x42, 0x00, 0x19, 0xba, 0x00, 0x3f, 0x08
};

const u8 Move_HOWL[] = {
    0x00, 0x45, 0x27, 0x03, 0x93, 0x02, 0x00, 0x00, 0x02, 0xff, 0x00, 0x00, 0x04, 0x0c, 0x0e, 0xb7, 0x02, 0x00, 0x00, 0x03, 0xb8, 0x02, 0x00, 0x00, 0x02, 0xff, 0x00, 0x00, 0x05, 0x04, 0x1e, 0x08
};

const u8 Move_BULK_UP[] = {
    0x00, 0x66, 0x27, 0x03, 0x58, 0x02, 0x00, 0x00, 0x02, 0x00, 0x19, 0xba, 0x00, 0xc0, 0x05, 0x02, 0x59, 0x02, 0x00, 0x00, 0x82, 0x02, 0x00, 0x1c, 0xba, 0x00, 0xc0, 0x04, 0x02, 0x05, 0x08
};

const u8 Move_COVET[] = {
    0x00, 0xe2, 0x27, 0x00, 0xf0, 0x27, 0x03, 0x53, 0x02, 0x00, 0x00, 0x05, 0xff, 0x00, 0x00, 0x02, 0x54, 0x02, 0x00, 0x00, 0x83, 0x03, 0xff, 0x00, 0x00, 0x19, 0xcd, 0x00, 0xc0, 0x04, 0x0f, 0x02, 0x54, 0x02, 0x00, 0x00, 0x83, 0x03, 0xff, 0xec, 0xff, 0x19, 0xcd, 0x00, 0xc0, 0x04, 0x0f, 0x02, 0x54, 0x02, 0x00, 0x00, 0x83, 0x03, 0xff, 0x14, 0x00, 0x19, 0xcd, 0x00, 0xc0, 0x05, 0x03, 0x66, 0x01, 0x00, 0x00, 0x02, 0xff, 0x01, 0x00, 0x1c, 0xa9, 0x00, 0x3f, 0x04, 0x03, 0x08
};

const u8 Move_VOLT_TACKLE[] = {
    0x00, 0x11, 0x27, 0x00, 0xe4, 0x27, 0x00, 0xe5, 0x27, 0x0a, 0x00, 0x0c, 0x0c, 0x08, 0x03, 0x81, 0x01, 0x00, 0x00, 0x0a, 0xff, 0x01, 0x00, 0x05, 0x02, 0xb9, 0x02, 0x00, 0x00, 0x81, 0x01, 0x00, 0x19, 0xce, 0x00, 0xc0, 0x05, 0x0b, 0x00, 0x0d, 0x04, 0x08, 0x03, 0xba, 0x02, 0x00, 0x00, 0x05, 0xff, 0x00, 0x00, 0x19, 0x6f, 0x00, 0xc0, 0x05, 0x03, 0xba, 0x02, 0x00, 0x00, 0x05, 0xff, 0x01, 0x00, 0x19, 0x6f, 0x00, 0x3f, 0x05, 0x03, 0xba, 0x02, 0x00, 0x00, 0x05, 0xff, 0x02, 0x00, 0x19, 0x6f, 0x00, 0xc0, 0x05, 0x03, 0xba, 0x02, 0x00, 0x00, 0x05, 0xff, 0x03, 0x00, 0x19, 0x6f, 0x00, 0x3f, 0x05, 0x03, 0xba, 0x02, 0x00, 0x00, 0x05, 0xff, 0x04, 0x00, 0x19, 0x6f, 0x00, 0xc0, 0x04, 0x08, 0x03, 0x66, 0x01, 0x00, 0x00, 0x02, 0xff, 0x01, 0x00, 0x19, 0xaa, 0x00, 0x3f, 0x02, 0x86, 0x02, 0x00, 0x00, 0x82, 0x02, 0xff, 0x01, 0x00, 0x04, 0x02, 0x02, 0x86, 0x02, 0x00, 0x00, 0x82, 0x02, 0xff, 0x01, 0x00, 0x04, 0x08, 0x03, 0xbb, 0x02, 0x00, 0x00, 0x05, 0x00, 0x05, 0x03, 0x66, 0x01, 0x00, 0x00, 0x02, 0xff, 0x00, 0x00, 0x19, 0x70, 0x00, 0xc0, 0x02, 0x86, 0x02, 0x00, 0x00, 0x82, 0x02, 0xff, 0x00, 0x00, 0x04, 0x02, 0x02, 0x86, 0x02, 0x00, 0x00, 0x82, 0x02, 0xff, 0x00, 0x00, 0x05, 0x03, 0x81, 0x01, 0x00, 0x00, 0x0a, 0xff, 0x01, 0x00, 0x05, 0x08
};

const u8 Move_WATER_SPORT[] = {
    0x00, 0x1c, 0x28, 0x03, 0xbc, 0x02, 0x00, 0x00, 0x05, 0x00, 0x04, 0x08, 0x19, 0x9c, 0x00, 0xc0, 0x04, 0x2c, 0x19, 0x9c, 0x00, 0xc0, 0x04, 0x2c, 0x19, 0x9c, 0x00, 0xc0, 0x04, 0x2c, 0x1b, 0x9c, 0x00, 0xc0, 0x3f, 0x02, 0x00, 0x08
};

const u8 Move_CALM_MIND[] = {
    0x00, 0xdb, 0x27, 0x0a, 0x02, 0x03, 0x35, 0x02, 0x00, 0x00, 0x05, 0xff, 0x00, 0x00, 0x05, 0x03, 0xbd, 0x02, 0x00, 0x00, 0x05, 0xff, 0x01, 0x00, 0x05, 0x02, 0xbe, 0x02, 0x00, 0x00, 0xa8, 0x28, 0xff, 0x00, 0x00, 0x19, 0xb1, 0x00, 0xc0, 0x04, 0x0e, 0x02, 0xbe, 0x02, 0x00, 0x00, 0xa8, 0x28, 0xff, 0x00, 0x00, 0x19, 0xb1, 0x00, 0xc0, 0x04, 0x0e, 0x02, 0xbe, 0x02, 0x00, 0x00, 0xa8, 0x28, 0xff, 0x00, 0x00, 0x19, 0xb1, 0x00, 0xc0, 0x05, 0x03, 0xbd, 0x02, 0x00, 0x00, 0x05, 0xff, 0x00, 0x00, 0x2c, 0x00, 0x05, 0x03, 0x35, 0x02, 0x00, 0x00, 0x05, 0xff, 0x00, 0x00, 0x05, 0x0b, 0x02, 0x08
};

const u8 Move_LEAF_BLADE[] = {
    0x00, 0x4f, 0x27, 0x00, 0x2d, 0x28, 0x03, 0xbf, 0x02, 0x00, 0x00, 0x05, 0x00, 0x04, 0x02, 0x03, 0x66, 0x01, 0x00, 0x00, 0x02, 0xff, 0x01, 0x00, 0x19, 0x79, 0x00, 0x3f, 0x04, 0x32, 0x03, 0x66, 0x01, 0x00, 0x00, 0x02, 0xff, 0x01, 0x00, 0x19, 0x79, 0x00, 0x3f, 0x04, 0x32, 0x03, 0x66, 0x01, 0x00, 0x00, 0x02, 0xff, 0x01, 0x00, 0x19, 0x79, 0x00, 0x3f, 0x05, 0x0a, 0x01, 0x0c, 0x0c, 0x08, 0x04, 0x0c, 0x03, 0x66, 0x01, 0x00, 0x00, 0x02, 0xff, 0x01, 0x00, 0x02, 0xc0, 0x02, 0x00, 0x00, 0x82, 0x02, 0xff, 0x00, 0x00, 0x19, 0xb9, 0x00, 0x3f, 0x05, 0x0b, 0x01, 0x0d, 0x08
};

const u8 Move_DRAGON_DANCE[] = {
    0x00, 0x09, 0x28, 0x0a, 0x00, 0x28, 0x00, 0x04, 0x01, 0x03, 0xc1, 0x02, 0x00, 0x00, 0x05, 0x00, 0x19, 0xc4, 0x00, 0xc0, 0x04, 0x08, 0x03, 0xc2, 0x02, 0x00, 0x00, 0x05, 0xff, 0x09, 0x28, 0x02, 0xc3, 0x02, 0x00, 0x00, 0x82, 0x02, 0xff, 0x00, 0x00, 0x02, 0xc3, 0x02, 0x00, 0x00, 0x82, 0x02, 0xff, 0x2b, 0x00, 0x02, 0xc3, 0x02, 0x00, 0x00, 0x82, 0x02, 0xff, 0x55, 0x00, 0x02, 0xc3, 0x02, 0x00, 0x00, 0x82, 0x02, 0xff, 0x80, 0x00, 0x02, 0xc3, 0x02, 0x00, 0x00, 0x82, 0x02, 0xff, 0xaa, 0x00, 0x02, 0xc3, 0x02, 0x00, 0x00, 0x82, 0x02, 0xff, 0xd5, 0x00, 0x04, 0x1e, 0x19, 0xc4, 0x00, 0xc0, 0x04, 0x1e, 0x19, 0xc4, 0x00, 0xc0, 0x05, 0x0b, 0x00, 0x04, 0x01, 0x08
};

const u8 Move_SHOCK_WAVE[] = {
    0x00, 0xe3, 0x27, 0x00, 0xe4, 0x27, 0x00, 0x11, 0x27, 0x00, 0x35, 0x27, 0x0a, 0x00, 0x0c, 0x0c, 0x08, 0x02, 0x7a, 0x01, 0x00, 0x00, 0x82, 0x02, 0xff, 0x01, 0x00, 0x05, 0x03, 0x84, 0x02, 0x00, 0x00, 0x02, 0xff, 0x00, 0x00, 0x19, 0xce, 0x00, 0xc0, 0x04, 0x0c, 0x02, 0xc4, 0x02, 0x00, 0x00, 0x82, 0x02, 0x00, 0x04, 0x1e, 0x03, 0xc5, 0x02, 0x00, 0x00, 0x05, 0x00, 0x04, 0x0c, 0x05, 0x03, 0xc6, 0x02, 0x00, 0x00, 0x05, 0x00, 0x19, 0xd6, 0x00, 0x3f, 0x05, 0x03, 0x5e, 0x01, 0x00, 0x00, 0x02, 0xff, 0x01, 0x00, 0x03, 0x81, 0x01, 0x00, 0x00, 0x05, 0xff, 0x01, 0x00, 0x03, 0x81, 0x01, 0x00, 0x00, 0x05, 0xff, 0x04, 0x00, 0x04, 0x04, 0x03, 0x81, 0x01, 0x00, 0x00, 0x05, 0xff, 0x04, 0x00, 0x05, 0x0b, 0x00, 0x0d, 0x08
};

const u8 Move_HARDEN[] = {
    0x1c, 0x71, 0x00, 0xc0, 0x1c, 0x02, 0x03, 0xb5, 0x02, 0x00, 0x00, 0x05, 0xff, 0x00, 0x00, 0x05, 0x08
};

const u8 Move_BELLY_DRUM[] = {
    0x00, 0x58, 0x27, 0x00, 0xd1, 0x27, 0x03, 0x09, 0x02, 0x00, 0x00, 0x02, 0x00, 0x05, 0x0e, 0xc7, 0x02, 0x00, 0x00, 0x02, 0xc8, 0x02, 0x00, 0x00, 0x82, 0x02, 0xff, 0x00, 0x00, 0x19, 0xb2, 0x00, 0xc0, 0x04, 0x0f, 0x0e, 0xc9, 0x02, 0x00, 0x00, 0x02, 0xc8, 0x02, 0x00, 0x00, 0x82, 0x02, 0xff, 0x01, 0x00, 0x19, 0xb2, 0x00, 0xc0, 0x04, 0x0f, 0x0e, 0xc7, 0x02, 0x00, 0x00, 0x02, 0xc8, 0x02, 0x00, 0x00, 0x82, 0x02, 0xff, 0x00, 0x00, 0x19, 0xb2, 0x00, 0xc0, 0x04, 0x07, 0x0e, 0xc9, 0x02, 0x00, 0x00, 0x02, 0xc8, 0x02, 0x00, 0x00, 0x82, 0x02, 0xff, 0x01, 0x00, 0x19, 0xb2, 0x00, 0xc0, 0x04, 0x07, 0x0e, 0xc7, 0x02, 0x00, 0x00, 0x02, 0xc8, 0x02, 0x00, 0x00, 0x82, 0x02, 0xff, 0x00, 0x00, 0x19, 0xb2, 0x00, 0xc0, 0x04, 0x07, 0x0e, 0xc9, 0x02, 0x00, 0x00, 0x02, 0xc8, 0x02, 0x00, 0x00, 0x82, 0x02, 0xff, 0x01, 0x00, 0x19, 0xb2, 0x00, 0xc0, 0x05, 0x03, 0x0b, 0x02, 0x00, 0x00, 0x02, 0x00, 0x05, 0x08
};

const u8 BellyDrumLeft[] = {
    0x02, 0xca, 0x02, 0x00, 0x00, 0x83, 0x03, 0xff, 0x00, 0x00, 0x03, 0x5e, 0x01, 0x00, 0x00, 0x02, 0xff, 0x00, 0x00, 0x0f
};

const u8 BellyDrumRight[] = {
    0x02, 0xca, 0x02, 0x00, 0x00, 0x83, 0x03, 0xff, 0x01, 0x00, 0x03, 0x5e, 0x01, 0x00, 0x00, 0x02, 0xff, 0x00, 0x00, 0x0f
};

const u8 Move_MIND_READER[] = {
    0x00, 0xcd, 0x27, 0x00, 0xce, 0x27, 0x00, 0xcf, 0x27, 0x0a, 0x04, 0x19, 0xbd, 0x00, 0x3f, 0x02, 0xcb, 0x02, 0x00, 0x00, 0x85, 0x05, 0xff, 0x00, 0x00, 0x02, 0xcc, 0x02, 0x00, 0x00, 0x85, 0x05, 0x00, 0x04, 0x28, 0x19, 0xb9, 0x00, 0x3f, 0x03, 0xa5, 0x01, 0x00, 0x00, 0x02, 0xff, 0x01, 0x00, 0x0e, 0xcd, 0x02, 0x00, 0x00, 0x05, 0x0b, 0x04, 0x08
};

const u8 MindReaderEyeSpikeEffect[] = {
    0x02, 0xce, 0x02, 0x00, 0x00, 0x84, 0x04, 0xff, 0x46, 0x00, 0x02, 0xce, 0x02, 0x00, 0x00, 0x84, 0x04, 0xff, 0x28, 0x00, 0x02, 0xce, 0x02, 0x00, 0x00, 0x84, 0x04, 0xff, 0x0a, 0x00, 0x02, 0xce, 0x02, 0x00, 0x00, 0x84, 0x04, 0xff, 0xce, 0xff, 0x02, 0xce, 0x02, 0x00, 0x00, 0x84, 0x04, 0xff, 0xd8, 0xff, 0x02, 0xce, 0x02, 0x00, 0x00, 0x84, 0x04, 0xff, 0x32, 0x00, 0x04, 0x02, 0x02, 0xce, 0x02, 0x00, 0x00, 0x84, 0x04, 0xff, 0x32, 0x00, 0x02, 0xce, 0x02, 0x00, 0x00, 0x84, 0x04, 0xff, 0x3c, 0x00, 0x02, 0xce, 0x02, 0x00, 0x00, 0x84, 0x04, 0xff, 0x00, 0x00, 0x02, 0xce, 0x02, 0x00, 0x00, 0x84, 0x04, 0xff, 0x00, 0x00, 0x02, 0xce, 0x02, 0x00, 0x00, 0x84, 0x04, 0xff, 0xc4, 0xff, 0x02, 0xce, 0x02, 0x00, 0x00, 0x84, 0x04, 0xff, 0xc4, 0xff, 0x04, 0x02, 0x02, 0xce, 0x02, 0x00, 0x00, 0x84, 0x04, 0xff, 0xce, 0xff, 0x02, 0xce, 0x02, 0x00, 0x00, 0x84, 0x04, 0xff, 0xc4, 0xff, 0x02, 0xce, 0x02, 0x00, 0x00, 0x84, 0x04, 0xff, 0xd8, 0xff, 0x02, 0xce, 0x02, 0x00, 0x00, 0x84, 0x04, 0xff, 0x14, 0x00, 0x02, 0xce, 0x02, 0x00, 0x00, 0x84, 0x04, 0xff, 0x32, 0x00, 0x02, 0xce, 0x02, 0x00, 0x00, 0x84, 0x04, 0xff, 0x23, 0x00, 0x04, 0x02, 0x0f
};

const u8 Move_ICE_PUNCH[] = {
    0x0a, 0x03, 0x0c, 0x0c, 0x08, 0x00, 0x9d, 0x27, 0x00, 0x97, 0x27, 0x00, 0x9f, 0x27, 0x02, 0x7a, 0x01, 0x00, 0x00, 0x82, 0x02, 0xff, 0x01, 0x00, 0x03, 0x81, 0x01, 0x00, 0x00, 0x0a, 0xff, 0x04, 0x00, 0x04, 0x14, 0x19, 0x7a, 0x00, 0x3f, 0x02, 0xcf, 0x02, 0x00, 0x00, 0x82, 0x02, 0xff, 0x00, 0x00, 0x02, 0xcf, 0x02, 0x00, 0x00, 0x82, 0x02, 0xff, 0x40, 0x00, 0x02, 0xcf, 0x02, 0x00, 0x00, 0x82, 0x02, 0xff, 0x80, 0x00, 0x02, 0xcf, 0x02, 0x00, 0x00, 0x82, 0x02, 0xff, 0xc0, 0x00, 0x04, 0x05, 0x02, 0xd0, 0x02, 0x00, 0x00, 0x82, 0x02, 0xff, 0x20, 0x00, 0x02, 0xd0, 0x02, 0x00, 0x00, 0x82, 0x02, 0xff, 0x60, 0x00, 0x02, 0xd0, 0x02, 0x00, 0x00, 0x82, 0x02, 0xff, 0xa0, 0x00, 0x02, 0xd0, 0x02, 0x00, 0x00, 0x82, 0x02, 0xff, 0xe0, 0x00, 0x04, 0x11, 0x02, 0x93, 0x01, 0x00, 0x00, 0x84, 0x04, 0xff, 0x00, 0x00, 0x02, 0x5d, 0x01, 0x00, 0x00, 0x83, 0x03, 0xff, 0x00, 0x00, 0x19, 0x84, 0x00, 0x3f, 0x04, 0x02, 0x03, 0x5e, 0x01, 0x00, 0x00, 0x05, 0xff, 0x01, 0x00, 0x05, 0x04, 0x0f, 0x0e, 0xd1, 0x02, 0x00, 0x00, 0x04, 0x05, 0x03, 0x81, 0x01, 0x00, 0x00, 0x0a, 0xff, 0x04, 0x00, 0x05, 0x02, 0x7a, 0x01, 0x00, 0x00, 0x82, 0x02, 0xff, 0x01, 0x00, 0x05, 0x0b, 0x03, 0x0d, 0x08
};

const u8 Move_REST[] = {
    0x19, 0xbe, 0x00, 0xc0, 0x00, 0xf4, 0x27, 0x02, 0xd2, 0x02, 0x00, 0x00, 0x82, 0x02, 0xff, 0x04, 0x00, 0x04, 0x14, 0x02, 0xd2, 0x02, 0x00, 0x00, 0x82, 0x02, 0xff, 0x04, 0x00, 0x04, 0x14, 0x02, 0xd2, 0x02, 0x00, 0x00, 0x82, 0x02, 0xff, 0x04, 0x00, 0x05, 0x08
};

const u8 Move_CONFUSION[] = {
    0x0a, 0x03, 0x0e, 0x18, 0x02, 0x00, 0x00, 0x0c, 0x08, 0x08, 0x03, 0x66, 0x01, 0x00, 0x00, 0x02, 0xff, 0x00, 0x00, 0x03, 0xa5, 0x01, 0x00, 0x00, 0x02, 0xff, 0x02, 0x00, 0x05, 0x19, 0xb1, 0x00, 0x3f, 0x03, 0x5e, 0x01, 0x00, 0x00, 0x02, 0xff, 0x01, 0x00, 0x03, 0xa2, 0x01, 0x00, 0x00, 0x05, 0xff, 0xfc, 0xff, 0x05, 0x0b, 0x03, 0x0d, 0x04, 0x01, 0x0e, 0x1a, 0x02, 0x00, 0x00, 0x08
};

const u8 Move_PSYCHIC[] = {
    0x0a, 0x03, 0x0e, 0x18, 0x02, 0x00, 0x00, 0x0c, 0x08, 0x08, 0x03, 0x66, 0x01, 0x00, 0x00, 0x02, 0xff, 0x00, 0x00, 0x03, 0xa5, 0x01, 0x00, 0x00, 0x02, 0xff, 0x02, 0x00, 0x05, 0x1c, 0xb1, 0x00, 0x3f, 0x0a, 0x03, 0x03, 0x5e, 0x01, 0x00, 0x00, 0x02, 0xff, 0x01, 0x00, 0x03, 0xa2, 0x01, 0x00, 0x00, 0x05, 0xff, 0xfa, 0xff, 0x05, 0x0b, 0x03, 0x0d, 0x04, 0x01, 0x0e, 0x1a, 0x02, 0x00, 0x00, 0x08
};

const u8 Move_FUTURE_SIGHT[] = {
    0x13, 0xd3, 0x02, 0x00, 0x00
};

const u8 FutureSightContinue[] = {
    0x05, 0x04, 0x01, 0x0e, 0x1a, 0x02, 0x00, 0x00, 0x08
};

const u8 FutureSight[] = {
    0x0a, 0x02, 0x19, 0xb6, 0x00, 0xc0, 0x0e, 0x18, 0x02, 0x00, 0x00, 0x0c, 0x08, 0x08, 0x19, 0xb1, 0x00, 0xc0, 0x03, 0xa5, 0x01, 0x00, 0x00, 0x02, 0xff, 0x02, 0x00, 0x03, 0xa2, 0x01, 0x00, 0x00, 0x05, 0xff, 0xfc, 0xff, 0x05, 0x0b, 0x02, 0x0d, 0x13, 0xd4, 0x02, 0x00, 0x00
};

const u8 UnusedFutureSightHit[] = {
    0x0a, 0x03, 0x19, 0xb6, 0x00, 0xc0, 0x0e, 0x18, 0x02, 0x00, 0x00, 0x0c, 0x08, 0x08, 0x19, 0xb1, 0x00, 0x3f, 0x1d, 0xb1, 0x00, 0x3f, 0x08, 0x03, 0x5e, 0x01, 0x00, 0x00, 0x02, 0xff, 0x01, 0x00, 0x03, 0xa2, 0x01, 0x00, 0x00, 0x05, 0xff, 0xfb, 0xff, 0x05, 0x03, 0x5e, 0x01, 0x00, 0x00, 0x02, 0xff, 0x01, 0x00, 0x05, 0x0b, 0x03, 0x0d, 0x13, 0xd4, 0x02, 0x00, 0x00
};

const u8 Move_THUNDER[] = {
    0x00, 0x35, 0x27, 0x14, 0x0b, 0x16, 0x03, 0x04, 0x02, 0x00, 0x00, 0x05, 0xff, 0x00, 0xff, 0x17, 0x02, 0x7a, 0x01, 0x00, 0x00, 0x82, 0x02, 0xff, 0x01, 0x00, 0x04, 0x10, 0x03, 0xd5, 0x02, 0x00, 0x00, 0x02, 0xff, 0x01, 0x01, 0x19, 0x83, 0x00, 0x3f, 0x04, 0x01, 0x02, 0xd6, 0x02, 0x00, 0x00, 0x82, 0x02, 0xff, 0x10, 0x00, 0x04, 0x01, 0x02, 0xd6, 0x02, 0x00, 0x00, 0x82, 0x02, 0xff, 0x10, 0x00, 0x04, 0x01, 0x02, 0xd6, 0x02, 0x00, 0x00, 0x82, 0x02, 0xff, 0x10, 0x00, 0x04, 0x14, 0x02, 0xd6, 0x02, 0x00, 0x00, 0x86, 0x06, 0xff, 0xf0, 0xff, 0x19, 0x83, 0x00, 0x3f, 0x04, 0x01, 0x02, 0xd6, 0x02, 0x00, 0x00, 0x86, 0x06, 0xff, 0xf0, 0xff, 0x04, 0x01, 0x02, 0xd6, 0x02, 0x00, 0x00, 0x86, 0x06, 0xff, 0xf0, 0xff, 0x19, 0x83, 0x00, 0x3f, 0x04, 0x05, 0x03, 0xd5, 0x02, 0x00, 0x00, 0x02, 0xff, 0x01, 0x01, 0x04, 0x01, 0x02, 0xd6, 0x02, 0x00, 0x00, 0x82, 0x02, 0xff, 0x18, 0x00, 0x04, 0x01, 0x02, 0xd6, 0x02, 0x00, 0x00, 0x82, 0x02, 0xff, 0x18, 0x00, 0x04, 0x01, 0x02, 0xd6, 0x02, 0x00, 0x00, 0x82, 0x02, 0xff, 0x18, 0x00, 0x04, 0x1e, 0x03, 0xd5, 0x02, 0x00, 0x00, 0x02, 0xff, 0x01, 0x01, 0x04, 0x05, 0x03, 0xd5, 0x02, 0x00, 0x00, 0x02, 0xff, 0x01, 0x01, 0x04, 0x01, 0x02, 0xd6, 0x02, 0x00, 0x00, 0x82, 0x02, 0xff, 0x00, 0x00, 0x19, 0xd6, 0x00, 0x3f, 0x04, 0x01, 0x02, 0xd6, 0x02, 0x00, 0x00, 0x82, 0x02, 0xff, 0x00, 0x00, 0x04, 0x01, 0x02, 0xd6, 0x02, 0x00, 0x00, 0x82, 0x02, 0xff, 0x00, 0x00, 0x04, 0x0a, 0x03, 0xd5, 0x02, 0x00, 0x00, 0x02, 0xff, 0x01, 0x01, 0x04, 0x01, 0x03, 0x2d, 0x02, 0x00, 0x00, 0x02, 0xff, 0x1e, 0x00, 0x04, 0x02, 0x03, 0xd5, 0x02, 0x00, 0x00, 0x02, 0xff, 0x01, 0x01, 0x04, 0x01, 0x02, 0x7a, 0x01, 0x00, 0x00, 0x82, 0x02, 0xff, 0x01, 0x00, 0x05, 0x15, 0x16, 0x10, 0x07, 0xff, 0xff, 0x17, 0x08
};

const u8 Move_THUNDER_PUNCH[] = {
    0x00, 0x97, 0x27, 0x00, 0x9f, 0x27, 0x00, 0x35, 0x27, 0x0a, 0x01, 0x0c, 0x0c, 0x08, 0x02, 0x7a, 0x01, 0x00, 0x00, 0x82, 0x02, 0xff, 0x01, 0x00, 0x05, 0x19, 0x84, 0x00, 0x3f, 0x02, 0x93, 0x01, 0x00, 0x00, 0x84, 0x04, 0xff, 0x00, 0x00, 0x02, 0x5d, 0x01, 0x00, 0x00, 0x83, 0x03, 0xff, 0x00, 0x00, 0x04, 0x01, 0x03, 0xd5, 0x02, 0x00, 0x00, 0x02, 0xff, 0x01, 0x01, 0x04, 0x01, 0x02, 0xd6, 0x02, 0x00, 0x00, 0x82, 0x02, 0xff, 0x00, 0x00, 0x04, 0x01, 0x02, 0xd6, 0x02, 0x00, 0x00, 0x82, 0x02, 0xff, 0x00, 0x00, 0x04, 0x01, 0x02, 0xd6, 0x02, 0x00, 0x00, 0x82, 0x02, 0xff, 0x00, 0x00, 0x04, 0x01, 0x19, 0xd6, 0x00, 0x3f, 0x03, 0xd5, 0x02, 0x00, 0x00, 0x02, 0xff, 0x01, 0x01, 0x04, 0x02, 0x03, 0x5e, 0x01, 0x00, 0x00, 0x02, 0xff, 0x01, 0x00, 0x02, 0x5d, 0x01, 0x00, 0x00, 0x83, 0x03, 0xff, 0x00, 0x00, 0x04, 0x01, 0x02, 0x7a, 0x01, 0x00, 0x00, 0x82, 0x02, 0xff, 0x01, 0x00, 0x04, 0x14, 0x05, 0x0b, 0x01, 0x0d, 0x08
};

const u8 Move_SACRED_FIRE[] = {
    0x00, 0x31, 0x27, 0x00, 0x33, 0x27, 0x1c, 0x8e, 0x00, 0xc0, 0x07, 0x05, 0x02, 0xd7, 0x02, 0x00, 0x00, 0x82, 0x02, 0xff, 0xe0, 0xff, 0x04, 0x01, 0x02, 0xd7, 0x02, 0x00, 0x00, 0xc2, 0x42, 0xff, 0xec, 0xff, 0x04, 0x01, 0x02, 0xd7, 0x02, 0x00, 0x00, 0xc2, 0x42, 0xff, 0x00, 0x00, 0x04, 0x01, 0x02, 0xd7, 0x02, 0x00, 0x00, 0xc2, 0x42, 0xff, 0x14, 0x00, 0x04, 0x01, 0x02, 0xd7, 0x02, 0x00, 0x00, 0x82, 0x02, 0xff, 0x20, 0x00, 0x04, 0x01, 0x02, 0xd7, 0x02, 0x00, 0x00, 0x82, 0x02, 0xff, 0x14, 0x00, 0x04, 0x01, 0x03, 0xd5, 0x02, 0x00, 0x00, 0x02, 0xff, 0x01, 0x01, 0x04, 0x01, 0x02, 0xd7, 0x02, 0x00, 0x00, 0x82, 0x02, 0xff, 0x00, 0x00, 0x04, 0x01, 0x02, 0xd7, 0x02, 0x00, 0x00, 0x82, 0x02, 0xff, 0xec, 0xff, 0x03, 0xd5, 0x02, 0x00, 0x00, 0x02, 0xff, 0x01, 0x01, 0x04, 0x01, 0x05, 0x19, 0x8f, 0x00, 0x3f, 0x02, 0xd8, 0x02, 0x00, 0x00, 0x82, 0x02, 0xff, 0xf0, 0xff, 0x04, 0x0a, 0x19, 0x8f, 0x00, 0x3f, 0x02, 0xd8, 0x02, 0x00, 0x00, 0x82, 0x02, 0xff, 0x00, 0x00, 0x04, 0x0a, 0x19, 0x8f, 0x00, 0x3f, 0x02, 0xd8, 0x02, 0x00, 0x00, 0x82, 0x02, 0xff, 0x10, 0x00, 0x04, 0x01, 0x03, 0xd5, 0x02, 0x00, 0x00, 0x02, 0xff, 0x01, 0x01, 0x04, 0x01, 0x05, 0x03, 0xd5, 0x02, 0x00, 0x00, 0x02, 0xff, 0x01, 0x01, 0x04, 0x01, 0x19, 0x8a, 0x00, 0x3f, 0x02, 0xd9, 0x02, 0x00, 0x00, 0x82, 0x02, 0xff, 0x00, 0x00, 0x04, 0x01, 0x02, 0xd9, 0x02, 0x00, 0x00, 0x82, 0x02, 0xff, 0x00, 0x00, 0x04, 0x01, 0x02, 0xd9, 0x02, 0x00, 0x00, 0x82, 0x02, 0xff, 0x00, 0x00, 0x04, 0x01, 0x02, 0xd9, 0x02, 0x00, 0x00, 0x82, 0x02, 0xff, 0x00, 0x00, 0x04, 0x01, 0x02, 0xd9, 0x02, 0x00, 0x00, 0x82, 0x02, 0xff, 0x00, 0x00, 0x04, 0x01, 0x02, 0xd9, 0x02, 0x00, 0x00, 0x82, 0x02, 0xff, 0x00, 0x00, 0x04, 0x01, 0x02, 0xd9, 0x02, 0x00, 0x00, 0x82, 0x02, 0xff, 0x00, 0x00, 0x04, 0x01, 0x02, 0xd9, 0x02, 0x00, 0x00, 0x82, 0x02, 0xff, 0x00, 0x00, 0x05, 0x08
};

const u8 Move_SCRATCH[] = {
    0x00, 0x99, 0x27, 0x0a, 0x01, 0x0c, 0x0c, 0x08, 0x19, 0x94, 0x00, 0x3f, 0x02, 0xda, 0x02, 0x00, 0x00, 0x82, 0x02, 0xff, 0x00, 0x00, 0x03, 0x5e, 0x01, 0x00, 0x00, 0x02, 0xff, 0x01, 0x00, 0x05, 0x0b, 0x01, 0x0d, 0x05, 0x08
};

const u8 Move_DRAGON_BREATH[] = {
    0x00, 0x2d, 0x27, 0x0a, 0x03, 0x28, 0x01, 0x1c, 0x89, 0x00, 0xc0, 0x07, 0x07, 0x02, 0xdb, 0x02, 0x00, 0x00, 0x82, 0x02, 0xff, 0x00, 0x00, 0x04, 0x02, 0x02, 0xdb, 0x02, 0x00, 0x00, 0x82, 0x02, 0xff, 0x00, 0x00, 0x04, 0x02, 0x03, 0x81, 0x01, 0x00, 0x00, 0x0a, 0xff, 0x04, 0x00, 0x02, 0xdb, 0x02, 0x00, 0x00, 0x82, 0x02, 0xff, 0x00, 0x00, 0x04, 0x02, 0x03, 0x66, 0x01, 0x00, 0x00, 0x02, 0xff, 0x01, 0x00, 0x02, 0xdb, 0x02, 0x00, 0x00, 0x82, 0x02, 0xff, 0x00, 0x00, 0x04, 0x02, 0x02, 0xdb, 0x02, 0x00, 0x00, 0x82, 0x02, 0xff, 0x00, 0x00, 0x04, 0x02, 0x02, 0xdb, 0x02, 0x00, 0x00, 0x82, 0x02, 0xff, 0x00, 0x00, 0x04, 0x02, 0x02, 0xdb, 0x02, 0x00, 0x00, 0x82, 0x02, 0xff, 0x00, 0x00, 0x04, 0x02, 0x02, 0xdb, 0x02, 0x00, 0x00, 0x82, 0x02, 0xff, 0x00, 0x00, 0x04, 0x02, 0x02, 0xdb, 0x02, 0x00, 0x00, 0x82, 0x02, 0xff, 0x00, 0x00, 0x04, 0x02, 0x02, 0xdb, 0x02, 0x00, 0x00, 0x82, 0x02, 0xff, 0x00, 0x00, 0x04, 0x02, 0x02, 0xdb, 0x02, 0x00, 0x00, 0x82, 0x02, 0xff, 0x00, 0x00, 0x05, 0x03, 0x81, 0x01, 0x00, 0x00, 0x0a, 0xff, 0x04, 0x00, 0x05, 0x0b, 0x03, 0x08
};

const u8 Move_ROAR[] = {
    0x00, 0x45, 0x27, 0x0a, 0x00, 0x28, 0x00, 0x0c, 0x08, 0x08, 0x03, 0xdc, 0x02, 0x00, 0x00, 0x02, 0xff, 0x00, 0x00, 0x03, 0xa2, 0x01, 0x00, 0x00, 0x05, 0xff, 0xfb, 0xff, 0x0e, 0xb7, 0x02, 0x00, 0x00, 0x04, 0x14, 0x03, 0xe5, 0x01, 0x00, 0x00, 0x05, 0xff, 0x01, 0x00, 0x05, 0x0b, 0x00, 0x0d, 0x05, 0x03, 0xdd, 0x02, 0x00, 0x00, 0x05, 0x00, 0x05, 0x08
};

const u8 RoarEffect[] = {
    0x02, 0xde, 0x02, 0x00, 0x00, 0x82, 0x02, 0xff, 0x18, 0x00, 0x02, 0xde, 0x02, 0x00, 0x00, 0x82, 0x02, 0xff, 0x18, 0x00, 0x02, 0xde, 0x02, 0x00, 0x00, 0x82, 0x02, 0xff, 0x18, 0x00, 0x04, 0x0f, 0x02, 0xde, 0x02, 0x00, 0x00, 0x82, 0x02, 0xff, 0x18, 0x00, 0x02, 0xde, 0x02, 0x00, 0x00, 0x82, 0x02, 0xff, 0x18, 0x00, 0x02, 0xde, 0x02, 0x00, 0x00, 0x82, 0x02, 0xff, 0x18, 0x00, 0x0f
};

const u8 Move_GROWL[] = {
    0x00, 0x45, 0x27, 0x03, 0xdc, 0x02, 0x00, 0x00, 0x02, 0xff, 0x00, 0x00, 0x0e, 0xb7, 0x02, 0x00, 0x00, 0x04, 0x0a, 0x03, 0x66, 0x01, 0x00, 0x00, 0x02, 0xff, 0x01, 0x00, 0x03, 0x66, 0x01, 0x00, 0x00, 0x02, 0xff, 0x03, 0x00, 0x05, 0x03, 0xdd, 0x02, 0x00, 0x00, 0x05, 0x00, 0x05, 0x08
};

const u8 Move_SNORE[] = {
    0x00, 0xd5, 0x27, 0x0a, 0x02, 0x0c, 0x08, 0x08, 0x0e, 0xdf, 0x02, 0x00, 0x00, 0x04, 0x1e, 0x0e, 0xdf, 0x02, 0x00, 0x00, 0x05, 0x0b, 0x02, 0x0d, 0x08
};

const u8 SnoreEffect[] = {
    0x19, 0xbe, 0x00, 0xc0, 0x03, 0xa2, 0x01, 0x00, 0x00, 0x05, 0xff, 0xf9, 0xff, 0x03, 0x66, 0x01, 0x00, 0x00, 0x02, 0xff, 0x01, 0x00, 0x02, 0xed, 0x01, 0x00, 0x00, 0x82, 0x02, 0xff, 0x06, 0x00, 0x02, 0xe0, 0x02, 0x00, 0x00, 0x82, 0x02, 0xff, 0x00, 0x00, 0x02, 0xe0, 0x02, 0x00, 0x00, 0x82, 0x02, 0xff, 0x00, 0x00, 0x02, 0xe0, 0x02, 0x00, 0x00, 0x82, 0x02, 0xff, 0x00, 0x00, 0x0f
};

const u8 Move_LIGHT_SCREEN[] = {
    0x00, 0x56, 0x27, 0x00, 0xb6, 0x27, 0x0c, 0x00, 0x10, 0x1d, 0xc8, 0x00, 0xc0, 0x0f, 0x02, 0xe1, 0x02, 0x00, 0x00, 0x81, 0x01, 0xff, 0x28, 0x00, 0x04, 0x0a, 0x0e, 0xe2, 0x02, 0x00, 0x00, 0x05, 0x04, 0x01, 0x0d, 0x08
};

const u8 SpecialScreenSparkle[] = {
    0x02, 0xe3, 0x02, 0x00, 0x00, 0x82, 0x02, 0xff, 0x17, 0x00, 0x04, 0x06, 0x02, 0xe3, 0x02, 0x00, 0x00, 0x82, 0x02, 0xff, 0x1f, 0x00, 0x04, 0x05, 0x02, 0xe3, 0x02, 0x00, 0x00, 0x82, 0x02, 0xff, 0x1e, 0x00, 0x04, 0x07, 0x02, 0xe3, 0x02, 0x00, 0x00, 0x82, 0x02, 0xff, 0x0a, 0x00, 0x04, 0x06, 0x02, 0xe3, 0x02, 0x00, 0x00, 0x82, 0x02, 0xff, 0x14, 0x00, 0x04, 0x06, 0x02, 0xe3, 0x02, 0x00, 0x00, 0x82, 0x02, 0xff, 0x0a, 0x00, 0x0f
};

const u8 Move_MIRROR_COAT[] = {
    0x00, 0x56, 0x27, 0x00, 0xb8, 0x27, 0x0c, 0x00, 0x10, 0x02, 0xe4, 0x02, 0x00, 0x00, 0x81, 0x01, 0xff, 0x28, 0x00, 0x04, 0x0a, 0x19, 0xc8, 0x00, 0xc0, 0x0e, 0xe2, 0x02, 0x00, 0x00, 0x05, 0x04, 0x01, 0x0d, 0x08
};

const u8 Move_REFLECT[] = {
    0x00, 0x57, 0x27, 0x00, 0xb7, 0x27, 0x0c, 0x00, 0x10, 0x1d, 0xc8, 0x00, 0xc0, 0x0f, 0x02, 0xe5, 0x02, 0x00, 0x00, 0x81, 0x01, 0xff, 0x28, 0x00, 0x04, 0x14, 0x02, 0xe6, 0x02, 0x00, 0x00, 0x82, 0x02, 0xff, 0x1e, 0x00, 0x04, 0x07, 0x02, 0xe6, 0x02, 0x00, 0x00, 0x82, 0x02, 0xff, 0x13, 0x00, 0x04, 0x07, 0x02, 0xe6, 0x02, 0x00, 0x00, 0x82, 0x02, 0xff, 0x0a, 0x00, 0x05, 0x04, 0x01, 0x0d, 0x08
};

const u8 Move_BARRIER[] = {
    0x00, 0xb9, 0x27, 0x0c, 0x00, 0x10, 0x1d, 0xc9, 0x00, 0xc0, 0x0f, 0x02, 0xe7, 0x02, 0x00, 0x00, 0x83, 0x03, 0xff, 0x28, 0x00, 0x05, 0x04, 0x01, 0x0d, 0x08
};

const u8 Move_BUBBLE[] = {
    0x00, 0xa2, 0x27, 0x00, 0xab, 0x27, 0x0a, 0x01, 0x0c, 0x0c, 0x08, 0x04, 0x01, 0x02, 0xf2, 0x01, 0x00, 0x00, 0x82, 0x02, 0xff, 0x12, 0x00, 0x19, 0x75, 0x00, 0xc0, 0x1d, 0x76, 0x00, 0x3f, 0x64, 0x04, 0x06, 0x02, 0xf2, 0x01, 0x00, 0x00, 0x82, 0x02, 0xff, 0x12, 0x00, 0x19, 0x75, 0x00, 0xc0, 0x1d, 0x76, 0x00, 0x3f, 0x64, 0x04, 0x06, 0x02, 0xf2, 0x01, 0x00, 0x00, 0x82, 0x02, 0xff, 0x12, 0x00, 0x19, 0x75, 0x00, 0xc0, 0x1d, 0x76, 0x00, 0x3f, 0x64, 0x04, 0x06, 0x02, 0xf2, 0x01, 0x00, 0x00, 0x82, 0x02, 0xff, 0x12, 0x00, 0x19, 0x75, 0x00, 0xc0, 0x1d, 0x76, 0x00, 0x3f, 0x64, 0x04, 0x06, 0x02, 0xf2, 0x01, 0x00, 0x00, 0x82, 0x02, 0xff, 0x12, 0x00, 0x19, 0x75, 0x00, 0xc0, 0x1d, 0x76, 0x00, 0x3f, 0x64, 0x04, 0x06, 0x02, 0xf2, 0x01, 0x00, 0x00, 0x82, 0x02, 0xff, 0x12, 0x00, 0x19, 0x75, 0x00, 0xc0, 0x1d, 0x76, 0x00, 0x3f, 0x64, 0x05, 0x0e, 0xe8, 0x02, 0x00, 0x00, 0x05, 0x0b, 0x01, 0x0d, 0x08
};

const u8 Move_SMOG[] = {
    0x00, 0xbc, 0x27, 0x0a, 0x03, 0x29, 0x0c, 0x0c, 0x08, 0x1c, 0xa1, 0x00, 0x3f, 0x11, 0x0a, 0x0e, 0xe9, 0x02, 0x00, 0x00, 0x0e, 0xe9, 0x02, 0x00, 0x00, 0x0e, 0xe9, 0x02, 0x00, 0x00, 0x0e, 0xe9, 0x02, 0x00, 0x00, 0x0e, 0xe9, 0x02, 0x00, 0x00, 0x0e, 0xe9, 0x02, 0x00, 0x00, 0x0e, 0xe9, 0x02, 0x00, 0x00, 0x04, 0x78, 0x1c, 0x8d, 0x00, 0x3f, 0x12, 0x02, 0x03, 0xa5, 0x01, 0x00, 0x00, 0x02, 0xff, 0x04, 0x00, 0x04, 0x0a, 0x03, 0x66, 0x01, 0x00, 0x00, 0x02, 0xff, 0x01, 0x00, 0x05, 0x0b, 0x03, 0x0d, 0x08
};

const u8 SmogCloud[] = {
    0x02, 0xea, 0x02, 0x00, 0x00, 0x82, 0x02, 0xff, 0x00, 0x00, 0x04, 0x07, 0x0f
};

const u8 Move_FAINT_ATTACK[] = {
    0x00, 0x97, 0x27, 0x0a, 0x00, 0x14, 0x01, 0x17, 0x04, 0x00, 0x19, 0xb7, 0x00, 0xc0, 0x03, 0x69, 0x01, 0x00, 0x00, 0x02, 0xff, 0x00, 0x00, 0x03, 0x37, 0x02, 0x00, 0x00, 0x02, 0xff, 0x01, 0x00, 0x05, 0x0b, 0x00, 0x2b, 0x00, 0x04, 0x01, 0x03, 0x6a, 0x02, 0x00, 0x00, 0x02, 0x00, 0x0a, 0x01, 0x0c, 0x0c, 0x08, 0x04, 0x01, 0x19, 0x74, 0x00, 0x3f, 0x02, 0x5d, 0x01, 0x00, 0x00, 0x82, 0x02, 0xff, 0x00, 0x00, 0x03, 0x66, 0x01, 0x00, 0x00, 0x02, 0xff, 0x01, 0x00, 0x05, 0x0b, 0x01, 0x0d, 0x04, 0x01, 0x10, 0x07, 0x00, 0x10, 0x04, 0x20, 0x03, 0xeb, 0x02, 0x00, 0x00, 0x02, 0x00, 0x0a, 0x00, 0x03, 0x3b, 0x02, 0x00, 0x00, 0x02, 0xff, 0x01, 0x00, 0x05, 0x0b, 0x00, 0x04, 0x01, 0x15, 0x17, 0x08
};

const u8 Move_SAND_ATTACK[] = {
    0x00, 0x5a, 0x27, 0x0a, 0x02, 0x28, 0x00, 0x0c, 0x0c, 0x08, 0x19, 0x98, 0x00, 0xc0, 0x02, 0x6c, 0x01, 0x00, 0x00, 0x82, 0x02, 0xff, 0x00, 0x00, 0x05, 0x02, 0x68, 0x01, 0x00, 0x00, 0x82, 0x02, 0xff, 0x00, 0x00, 0x0e, 0xec, 0x02, 0x00, 0x00, 0x0e, 0xec, 0x02, 0x00, 0x00, 0x0e, 0xec, 0x02, 0x00, 0x00, 0x0e, 0xec, 0x02, 0x00, 0x00, 0x0e, 0xec, 0x02, 0x00, 0x00, 0x0e, 0xec, 0x02, 0x00, 0x00, 0x05, 0x0b, 0x02, 0x0d, 0x08
};

const u8 SandAttackDirt[] = {
    0x02, 0xed, 0x02, 0x00, 0x00, 0x82, 0x02, 0xff, 0x0f, 0x00, 0x02, 0xed, 0x02, 0x00, 0x00, 0x82, 0x02, 0xff, 0x0f, 0x00, 0x02, 0xed, 0x02, 0x00, 0x00, 0x82, 0x02, 0xff, 0x0f, 0x00, 0x02, 0xed, 0x02, 0x00, 0x00, 0x82, 0x02, 0xff, 0x0f, 0x00, 0x02, 0xed, 0x02, 0x00, 0x00, 0x82, 0x02, 0xff, 0x0f, 0x00, 0x04, 0x02, 0x0f
};

const u8 Move_MUD_SLAP[] = {
    0x00, 0x5a, 0x27, 0x19, 0x98, 0x00, 0xc0, 0x02, 0x6c, 0x01, 0x00, 0x00, 0x82, 0x02, 0xff, 0x00, 0x00, 0x05, 0x02, 0x68, 0x01, 0x00, 0x00, 0x82, 0x02, 0xff, 0x00, 0x00, 0x0e, 0xee, 0x02, 0x00, 0x00, 0x0e, 0xee, 0x02, 0x00, 0x00, 0x0e, 0xee, 0x02, 0x00, 0x00, 0x0e, 0xee, 0x02, 0x00, 0x00, 0x0e, 0xee, 0x02, 0x00, 0x00, 0x0e, 0xee, 0x02, 0x00, 0x00, 0x05, 0x08
};

const u8 MudSlapMud[] = {
    0x02, 0xef, 0x02, 0x00, 0x00, 0x82, 0x02, 0xff, 0x0f, 0x00, 0x02, 0xef, 0x02, 0x00, 0x00, 0x82, 0x02, 0xff, 0x0f, 0x00, 0x02, 0xef, 0x02, 0x00, 0x00, 0x82, 0x02, 0xff, 0x0f, 0x00, 0x02, 0xef, 0x02, 0x00, 0x00, 0x82, 0x02, 0xff, 0x0f, 0x00, 0x02, 0xef, 0x02, 0x00, 0x00, 0x82, 0x02, 0xff, 0x0f, 0x00, 0x04, 0x02, 0x0f
};

const u8 Move_DRAGON_RAGE[] = {
    0x00, 0x2d, 0x27, 0x00, 0x33, 0x27, 0x19, 0xa4, 0x00, 0xc0, 0x03, 0x5e, 0x01, 0x00, 0x00, 0x05, 0xff, 0x00, 0x00, 0x05, 0x02, 0x6c, 0x01, 0x00, 0x00, 0x82, 0x02, 0xff, 0x00, 0x00, 0x05, 0x02, 0xf0, 0x02, 0x00, 0x00, 0x82, 0x02, 0xff, 0x1e, 0x00, 0x05, 0x1c, 0x8a, 0x00, 0x3f, 0x0b, 0x03, 0x03, 0x5e, 0x01, 0x00, 0x00, 0x05, 0xff, 0x01, 0x00, 0x02, 0xf1, 0x02, 0x00, 0x00, 0xc2, 0x42, 0xff, 0x01, 0x00, 0x04, 0x01, 0x02, 0xf1, 0x02, 0x00, 0x00, 0xc2, 0x42, 0xff, 0x01, 0x00, 0x04, 0x01, 0x02, 0xf1, 0x02, 0x00, 0x00, 0x82, 0x02, 0xff, 0x01, 0x00, 0x04, 0x01, 0x02, 0xf1, 0x02, 0x00, 0x00, 0xc2, 0x42, 0xff, 0x01, 0x00, 0x04, 0x01, 0x02, 0xf1, 0x02, 0x00, 0x00, 0xc2, 0x42, 0xff, 0x01, 0x00, 0x04, 0x01, 0x02, 0xf1, 0x02, 0x00, 0x00, 0x82, 0x02, 0xff, 0x01, 0x00, 0x04, 0x01, 0x02, 0xf1, 0x02, 0x00, 0x00, 0x82, 0x02, 0xff, 0x01, 0x00, 0x04, 0x01, 0x02, 0xf1, 0x02, 0x00, 0x00, 0xc2, 0x42, 0xff, 0x01, 0x00, 0x05, 0x02, 0x68, 0x01, 0x00, 0x00, 0xc2, 0x42, 0xff, 0x00, 0x00, 0x05, 0x08
};

const u8 Move_RAIN_DANCE[] = {
    0x00, 0x83, 0x27, 0x19, 0x78, 0x00, 0xc0, 0x03, 0x81, 0x01, 0x00, 0x00, 0x0a, 0xff, 0x81, 0x07, 0x05, 0x03, 0xf2, 0x02, 0x00, 0x00, 0x02, 0xff, 0x00, 0x00, 0x03, 0xf2, 0x02, 0x00, 0x00, 0x02, 0xff, 0x00, 0x00, 0x04, 0x78, 0x04, 0x1e, 0x05, 0x03, 0x81, 0x01, 0x00, 0x00, 0x0a, 0xff, 0x81, 0x07, 0x05, 0x08
};

const u8 Move_BITE[] = {
    0x00, 0x9b, 0x27, 0x00, 0x97, 0x27, 0x0a, 0x01, 0x0c, 0x0c, 0x08, 0x19, 0x9a, 0x00, 0x3f, 0x02, 0xf3, 0x02, 0x00, 0x00, 0x82, 0x02, 0xff, 0x00, 0x00, 0x02, 0xf3, 0x02, 0x00, 0x00, 0x82, 0x02, 0xff, 0x00, 0x00, 0x04, 0x0a, 0x02, 0x5d, 0x01, 0x00, 0x00, 0x82, 0x02, 0xff, 0x00, 0x00, 0x03, 0x5e, 0x01, 0x00, 0x00, 0x05, 0xff, 0x01, 0x00, 0x05, 0x0b, 0x01, 0x0d, 0x04, 0x01, 0x08
};

const u8 Move_CRUNCH[] = {
    0x00, 0x9b, 0x27, 0x00, 0x97, 0x27, 0x0a, 0x01, 0x14, 0x01, 0x17, 0x0c, 0x0c, 0x08, 0x19, 0x9a, 0x00, 0x3f, 0x02, 0xf3, 0x02, 0x00, 0x00, 0x82, 0x02, 0xff, 0xe0, 0xff, 0x02, 0xf3, 0x02, 0x00, 0x00, 0x82, 0x02, 0xff, 0x20, 0x00, 0x04, 0x0a, 0x02, 0x5d, 0x01, 0x00, 0x00, 0x82, 0x02, 0xff, 0xf8, 0xff, 0x03, 0x5e, 0x01, 0x00, 0x00, 0x05, 0xff, 0x01, 0x00, 0x05, 0x19, 0x9a, 0x00, 0x3f, 0x02, 0xf3, 0x02, 0x00, 0x00, 0x82, 0x02, 0xff, 0x20, 0x00, 0x02, 0xf3, 0x02, 0x00, 0x00, 0x82, 0x02, 0xff, 0xe0, 0xff, 0x04, 0x0a, 0x02, 0x5d, 0x01, 0x00, 0x00, 0x82, 0x02, 0xff, 0x08, 0x00, 0x03, 0x5e, 0x01, 0x00, 0x00, 0x05, 0xff, 0x01, 0x00, 0x05, 0x0b, 0x01, 0x0d, 0x04, 0x01, 0x15, 0x17, 0x08
};

const u8 Move_CLAMP[] = {
    0x00, 0xa1, 0x27, 0x00, 0x97, 0x27, 0x0a, 0x01, 0x0c, 0x0c, 0x08, 0x19, 0x95, 0x00, 0x3f, 0x02, 0xf4, 0x02, 0x00, 0x00, 0x82, 0x02, 0xff, 0xe0, 0xff, 0x02, 0xf4, 0x02, 0x00, 0x00, 0x82, 0x02, 0xff, 0x20, 0x00, 0x04, 0x0a, 0x02, 0x5d, 0x01, 0x00, 0x00, 0x82, 0x02, 0xff, 0x00, 0x00, 0x03, 0x5e, 0x01, 0x00, 0x00, 0x05, 0xff, 0x01, 0x00, 0x05, 0x0b, 0x01, 0x0d, 0x05, 0x08
};

const u8 Move_ICE_BEAM[] = {
    0x0a, 0x01, 0x28, 0x01, 0x0c, 0x0c, 0x08, 0x00, 0x9d, 0x27, 0x02, 0x7a, 0x01, 0x00, 0x00, 0x82, 0x02, 0xff, 0x01, 0x00, 0x05, 0x1f, 0xf5, 0x02, 0x00, 0x00, 0xff, 0xb0, 0x00, 0x02, 0xf6, 0x02, 0x00, 0x00, 0x82, 0x02, 0xff, 0x14, 0x00, 0x02, 0xf6, 0x02, 0x00, 0x00, 0x82, 0x02, 0xff, 0x14, 0x00, 0x04, 0x01, 0x0e, 0xf7, 0x02, 0x00, 0x00, 0x0e, 0xf7, 0x02, 0x00, 0x00, 0x0e, 0xf7, 0x02, 0x00, 0x00, 0x02, 0x7a, 0x01, 0x00, 0x00, 0x82, 0x02, 0xff, 0x04, 0x00, 0x03, 0x66, 0x01, 0x00, 0x00, 0x02, 0xff, 0x01, 0x00, 0x0e, 0xf7, 0x02, 0x00, 0x00, 0x0e, 0xf7, 0x02, 0x00, 0x00, 0x0e, 0xf7, 0x02, 0x00, 0x00, 0x0e, 0xf7, 0x02, 0x00, 0x00, 0x0e, 0xf7, 0x02, 0x00, 0x00, 0x0e, 0xf7, 0x02, 0x00, 0x00, 0x0e, 0xf7, 0x02, 0x00, 0x00, 0x0e, 0xf7, 0x02, 0x00, 0x00, 0x02, 0xf8, 0x02, 0x00, 0x00, 0x82, 0x02, 0xff, 0x14, 0x00, 0x04, 0x01, 0x02, 0xf8, 0x02, 0x00, 0x00, 0x82, 0x02, 0xff, 0x14, 0x00, 0x05, 0x04, 0x14, 0x0e, 0xd1, 0x02, 0x00, 0x00, 0x02, 0x7a, 0x01, 0x00, 0x00, 0x82, 0x02, 0xff, 0x04, 0x00, 0x05, 0x02, 0x7a, 0x01, 0x00, 0x00, 0x82, 0x02, 0xff, 0x01, 0x00, 0x05, 0x0b, 0x01, 0x0d, 0x08
};

const u8 IceBeamCreateCrystals[] = {
    0x02, 0xf6, 0x02, 0x00, 0x00, 0x82, 0x02, 0xff, 0x14, 0x00, 0x02, 0xf6, 0x02, 0x00, 0x00, 0x82, 0x02, 0xff, 0x14, 0x00, 0x02, 0xf8, 0x02, 0x00, 0x00, 0x82, 0x02, 0xff, 0x14, 0x00, 0x04, 0x01, 0x0f
};

const u8 Move_WITHDRAW[] = {
    0x19, 0x9b, 0x00, 0xc0, 0x03, 0xf9, 0x02, 0x00, 0x00, 0x05, 0x00, 0x05, 0x08
};

const u8 Move_AURORA_BEAM[] = {
    0x00, 0x9c, 0x27, 0x14, 0x14, 0x17, 0x19, 0xaf, 0x00, 0xc0, 0x10, 0x07, 0x00, 0x00, 0x03, 0xfa, 0x02, 0x00, 0x00, 0x0a, 0xff, 0x82, 0x00, 0x0e, 0xfb, 0x02, 0x00, 0x00, 0x03, 0x66, 0x01, 0x00, 0x00, 0x05, 0xff, 0x01, 0x00, 0x0e, 0xfb, 0x02, 0x00, 0x00, 0x0e, 0xfb, 0x02, 0x00, 0x00, 0x0e, 0xfb, 0x02, 0x00, 0x00, 0x10, 0x07, 0xff, 0xff, 0x1f, 0xf5, 0x02, 0x00, 0x00, 0xff, 0xb0, 0x00, 0x03, 0x66, 0x01, 0x00, 0x00, 0x05, 0xff, 0x01, 0x00, 0x0e, 0xfb, 0x02, 0x00, 0x00, 0x0e, 0xfb, 0x02, 0x00, 0x00, 0x0e, 0xfb, 0x02, 0x00, 0x00, 0x0e, 0xfb, 0x02, 0x00, 0x00, 0x0e, 0xfb, 0x02, 0x00, 0x00, 0x0e, 0xfb, 0x02, 0x00, 0x00, 0x05, 0x15, 0x17, 0x08
};

const u8 AuroraBeamCreateRings[] = {
    0x02, 0xfc, 0x02, 0x00, 0x00, 0x82, 0x02, 0xff, 0x14, 0x00, 0x04, 0x01, 0x02, 0xfc, 0x02, 0x00, 0x00, 0x82, 0x02, 0xff, 0x14, 0x00, 0x04, 0x01, 0x02, 0xfc, 0x02, 0x00, 0x00, 0x82, 0x02, 0xff, 0x14, 0x00, 0x04, 0x01, 0x02, 0xfc, 0x02, 0x00, 0x00, 0x82, 0x02, 0xff, 0x14, 0x00, 0x04, 0x01, 0x0f
};

const u8 Move_SOLAR_BEAM[] = {
    0x00, 0xa3, 0x27, 0x11, 0xfd, 0x02, 0x00, 0x00, 0xfe, 0x02, 0x00, 0x00
};

const u8 SolarBeamEnd[] = {
    0x05, 0x08
};

const u8 SolarBeamSetUp[] = {
    0x0a, 0x02, 0x0c, 0x0c, 0x08, 0x03, 0xa5, 0x01, 0x00, 0x00, 0x02, 0xff, 0x02, 0x00, 0x19, 0x85, 0x00, 0xc0, 0x0e, 0xff, 0x02, 0x00, 0x00, 0x05, 0x0b, 0x02, 0x0d, 0x13, 0x00, 0x03, 0x00, 0x00
};

const u8 SolarBeamAbsorbEffect[] = {
    0x02, 0x01, 0x03, 0x00, 0x00, 0x82, 0x02, 0xff, 0x28, 0x00, 0x04, 0x02, 0x02, 0x01, 0x03, 0x00, 0x00, 0x82, 0x02, 0xff, 0xd8, 0xff, 0x04, 0x02, 0x02, 0x01, 0x03, 0x00, 0x00, 0x82, 0x02, 0xff, 0x00, 0x00, 0x04, 0x02, 0x02, 0x01, 0x03, 0x00, 0x00, 0x82, 0x02, 0xff, 0x00, 0x00, 0x04, 0x02, 0x02, 0x01, 0x03, 0x00, 0x00, 0x82, 0x02, 0xff, 0x28, 0x00, 0x04, 0x02, 0x02, 0x01, 0x03, 0x00, 0x00, 0x82, 0x02, 0xff, 0x28, 0x00, 0x04, 0x02, 0x02, 0x01, 0x03, 0x00, 0x00, 0x82, 0x02, 0xff, 0xd8, 0xff, 0x04, 0x02, 0x02, 0x01, 0x03, 0x00, 0x00, 0x82, 0x02, 0xff, 0xd8, 0xff, 0x04, 0x02, 0x02, 0x01, 0x03, 0x00, 0x00, 0x82, 0x02, 0xff, 0xec, 0xff, 0x04, 0x02, 0x02, 0x01, 0x03, 0x00, 0x00, 0x82, 0x02, 0xff, 0x14, 0x00, 0x04, 0x02, 0x02, 0x01, 0x03, 0x00, 0x00, 0x82, 0x02, 0xff, 0xec, 0xff, 0x04, 0x02, 0x02, 0x01, 0x03, 0x00, 0x00, 0x82, 0x02, 0xff, 0x14, 0x00, 0x04, 0x02, 0x02, 0x01, 0x03, 0x00, 0x00, 0x82, 0x02, 0xff, 0xd8, 0xff, 0x04, 0x02, 0x02, 0x01, 0x03, 0x00, 0x00, 0x82, 0x02, 0xff, 0x28, 0x00, 0x04, 0x02, 0x0f
};

const u8 SolarBeamUnleash[] = {
    0x0e, 0x02, 0x03, 0x00, 0x00, 0x1b, 0xc2, 0x00, 0xc0, 0x3f, 0x02, 0x00, 0x03, 0x03, 0x03, 0x00, 0x00, 0x05, 0x00, 0x02, 0x04, 0x03, 0x00, 0x00, 0x83, 0x03, 0xff, 0x0f, 0x00, 0x04, 0x04, 0x02, 0x04, 0x03, 0x00, 0x00, 0x83, 0x03, 0xff, 0x0f, 0x00, 0x04, 0x04, 0x03, 0x81, 0x01, 0x00, 0x00, 0x0a, 0xff, 0x04, 0x00, 0x02, 0x04, 0x03, 0x00, 0x00, 0x83, 0x03, 0xff, 0x0f, 0x00, 0x04, 0x04, 0x03, 0x66, 0x01, 0x00, 0x00, 0x05, 0xff, 0x01, 0x00, 0x02, 0x04, 0x03, 0x00, 0x00, 0x83, 0x03, 0xff, 0x0f, 0x00, 0x04, 0x04, 0x02, 0x04, 0x03, 0x00, 0x00, 0x83, 0x03, 0xff, 0x0f, 0x00, 0x04, 0x04, 0x02, 0x04, 0x03, 0x00, 0x00, 0x83, 0x03, 0xff, 0x0f, 0x00, 0x04, 0x04, 0x02, 0x04, 0x03, 0x00, 0x00, 0x83, 0x03, 0xff, 0x0f, 0x00, 0x04, 0x04, 0x0e, 0x05, 0x03, 0x00, 0x00, 0x0e, 0x05, 0x03, 0x00, 0x00, 0x05, 0x03, 0x81, 0x01, 0x00, 0x00, 0x0a, 0xff, 0x04, 0x00, 0x0e, 0x06, 0x03, 0x00, 0x00, 0x13, 0x00, 0x03, 0x00, 0x00
};

const u8 SolarBeamUnleash1[] = {
    0x02, 0x04, 0x03, 0x00, 0x00, 0x83, 0x03, 0xff, 0x0f, 0x00, 0x04, 0x04, 0x02, 0x04, 0x03, 0x00, 0x00, 0x83, 0x03, 0xff, 0x0f, 0x00, 0x04, 0x04, 0x02, 0x04, 0x03, 0x00, 0x00, 0x83, 0x03, 0xff, 0x0f, 0x00, 0x04, 0x04, 0x02, 0x04, 0x03, 0x00, 0x00, 0x83, 0x03, 0xff, 0x0f, 0x00, 0x04, 0x04, 0x02, 0x04, 0x03, 0x00, 0x00, 0x83, 0x03, 0xff, 0x0f, 0x00, 0x04, 0x04, 0x02, 0x04, 0x03, 0x00, 0x00, 0x83, 0x03, 0xff, 0x0f, 0x00, 0x04, 0x04, 0x02, 0x04, 0x03, 0x00, 0x00, 0x83, 0x03, 0xff, 0x0f, 0x00, 0x04, 0x04, 0x0f
};

const u8 Move_BLIZZARD[] = {
    0x00, 0x9d, 0x27, 0x0a, 0x03, 0x03, 0x4b, 0x02, 0x00, 0x00, 0x02, 0x00, 0x21, 0x07, 0x01, 0x00, 0x07, 0x03, 0x00, 0x00, 0x14, 0x09
};

const u8 BlizzardContinue[] = {
    0x16, 0x03, 0x04, 0x02, 0x00, 0x00, 0x05, 0xff, 0x00, 0xf7, 0x17, 0x05, 0x1b, 0x92, 0x00, 0xc0, 0x3f, 0x02, 0x00, 0x0e, 0x08, 0x03, 0x00, 0x00, 0x0e, 0x08, 0x03, 0x00, 0x00, 0x19, 0x93, 0x00, 0x3f, 0x05, 0x0e, 0x09, 0x03, 0x00, 0x00, 0x05, 0x0b, 0x03, 0x04, 0x14, 0x15, 0x16, 0x10, 0x07, 0xff, 0xff, 0x17, 0x08
};

const u8 BlizzardIceCrystals[] = {
    0x02, 0xf5, 0x01, 0x00, 0x00, 0xa8, 0x28, 0xff, 0x00, 0x00, 0x02, 0x0a, 0x03, 0x00, 0x00, 0xa8, 0x28, 0xff, 0x00, 0x00, 0x04, 0x03, 0x02, 0xf5, 0x01, 0x00, 0x00, 0xa8, 0x28, 0xff, 0x00, 0x00, 0x02, 0x0a, 0x03, 0x00, 0x00, 0xa8, 0x28, 0xff, 0x00, 0x00, 0x04, 0x03, 0x02, 0xf5, 0x01, 0x00, 0x00, 0xa8, 0x28, 0xff, 0x00, 0x00, 0x02, 0x0a, 0x03, 0x00, 0x00, 0xa8, 0x28, 0xff, 0x00, 0x00, 0x04, 0x03, 0x02, 0xf5, 0x01, 0x00, 0x00, 0xa8, 0x28, 0xff, 0x00, 0x00, 0x02, 0x0a, 0x03, 0x00, 0x00, 0xa8, 0x28, 0xff, 0x00, 0x00, 0x04, 0x03, 0x02, 0xf5, 0x01, 0x00, 0x00, 0xa8, 0x28, 0xff, 0x00, 0x00, 0x02, 0x0a, 0x03, 0x00, 0x00, 0xa8, 0x28, 0xff, 0x00, 0x00, 0x04, 0x03, 0x02, 0xf5, 0x01, 0x00, 0x00, 0xa8, 0x28, 0xff, 0x00, 0x00, 0x02, 0x0a, 0x03, 0x00, 0x00, 0xa8, 0x28, 0xff, 0x00, 0x00, 0x04, 0x03, 0x02, 0xf5, 0x01, 0x00, 0x00, 0xa8, 0x28, 0xff, 0x00, 0x00, 0x02, 0x0a, 0x03, 0x00, 0x00, 0xa8, 0x28, 0xff, 0x00, 0x00, 0x04, 0x03, 0x0f
};

const u8 BlizzardAgainstPlayer[] = {
    0x14, 0x0a, 0x13, 0x0b, 0x03, 0x00, 0x00
};

const u8 Move_POWDER_SNOW[] = {
    0x00, 0x9d, 0x27, 0x0a, 0x03, 0x02, 0x7a, 0x01, 0x00, 0x00, 0x82, 0x02, 0xff, 0x1f, 0x00, 0x05, 0x1b, 0x7d, 0x00, 0xc0, 0x3f, 0x02, 0x00, 0x0e, 0x0c, 0x03, 0x00, 0x00, 0x0e, 0x0c, 0x03, 0x00, 0x00, 0x19, 0x7e, 0x00, 0x3f, 0x05, 0x20, 0x0e, 0x09, 0x03, 0x00, 0x00, 0x05, 0x0b, 0x03, 0x04, 0x14, 0x02, 0x7a, 0x01, 0x00, 0x00, 0x82, 0x02, 0xff, 0x1f, 0x00, 0x08
};

const u8 PowderSnowSnowballs[] = {
    0x02, 0x0d, 0x03, 0x00, 0x00, 0xa8, 0x28, 0xff, 0x00, 0x00, 0x04, 0x03, 0x02, 0x0d, 0x03, 0x00, 0x00, 0xa8, 0x28, 0xff, 0x00, 0x00, 0x04, 0x03, 0x02, 0x0d, 0x03, 0x00, 0x00, 0xa8, 0x28, 0xff, 0x00, 0x00, 0x04, 0x03, 0x02, 0x0d, 0x03, 0x00, 0x00, 0xa8, 0x28, 0xff, 0x00, 0x00, 0x04, 0x03, 0x02, 0x0d, 0x03, 0x00, 0x00, 0xa8, 0x28, 0xff, 0x00, 0x00, 0x04, 0x03, 0x02, 0x0d, 0x03, 0x00, 0x00, 0xa8, 0x28, 0xff, 0x00, 0x00, 0x04, 0x03, 0x02, 0x0d, 0x03, 0x00, 0x00, 0xa8, 0x28, 0xff, 0x00, 0x00, 0x04, 0x03, 0x0f
};

const u8 Move_HYDRO_PUMP[] = {
    0x00, 0xa5, 0x27, 0x00, 0xa4, 0x27, 0x0a, 0x03, 0x28, 0x01, 0x0c, 0x0c, 0x08, 0x03, 0x5e, 0x01, 0x00, 0x00, 0x05, 0xff, 0x00, 0x00, 0x04, 0x06, 0x1b, 0x9d, 0x00, 0xc0, 0x3f, 0x02, 0x00, 0x03, 0x0e, 0x03, 0x00, 0x00, 0x05, 0xff, 0x64, 0x00, 0x0e, 0x0f, 0x03, 0x00, 0x00, 0x0e, 0x0f, 0x03, 0x00, 0x00, 0x0e, 0x0f, 0x03, 0x00, 0x00, 0x03, 0x5e, 0x01, 0x00, 0x00, 0x05, 0xff, 0x01, 0x00, 0x0e, 0x10, 0x03, 0x00, 0x00, 0x0e, 0x0f, 0x03, 0x00, 0x00, 0x0e, 0x0f, 0x03, 0x00, 0x00, 0x0e, 0x10, 0x03, 0x00, 0x00, 0x0e, 0x0f, 0x03, 0x00, 0x00, 0x0e, 0x0f, 0x03, 0x00, 0x00, 0x0e, 0x10, 0x03, 0x00, 0x00, 0x0e, 0x0f, 0x03, 0x00, 0x00, 0x0e, 0x0f, 0x03, 0x00, 0x00, 0x0e, 0x10, 0x03, 0x00, 0x00, 0x0e, 0x0f, 0x03, 0x00, 0x00, 0x0e, 0x0f, 0x03, 0x00, 0x00, 0x0e, 0x10, 0x03, 0x00, 0x00, 0x04, 0x01, 0x04, 0x01, 0x0e, 0x10, 0x03, 0x00, 0x00, 0x05, 0x0b, 0x03, 0x0d, 0x08
};

const u8 HydroPumpBeams[] = {
    0x02, 0x11, 0x03, 0x00, 0x00, 0x83, 0x03, 0xff, 0x0a, 0x00, 0x02, 0x11, 0x03, 0x00, 0x00, 0x83, 0x03, 0xff, 0x0a, 0x00, 0x04, 0x01, 0x02, 0x11, 0x03, 0x00, 0x00, 0x83, 0x03, 0xff, 0x0a, 0x00, 0x02, 0x11, 0x03, 0x00, 0x00, 0x83, 0x03, 0xff, 0x0a, 0x00, 0x04, 0x01, 0x0f
};

const u8 HydroPumpHitSplats[] = {
    0x02, 0xc4, 0x01, 0x00, 0x00, 0x84, 0x04, 0xff, 0x00, 0x00, 0x02, 0xc4, 0x01, 0x00, 0x00, 0x84, 0x04, 0xff, 0x00, 0x00, 0x0f
};

const u8 Move_SIGNAL_BEAM[] = {
    0x00, 0x18, 0x28, 0x00, 0x19, 0x28, 0x00, 0x59, 0x27, 0x03, 0x5e, 0x01, 0x00, 0x00, 0x05, 0xff, 0x00, 0x00, 0x04, 0x06, 0x1b, 0xaf, 0x00, 0xc0, 0x3f, 0x01, 0x00, 0x03, 0x0e, 0x03, 0x00, 0x00, 0x05, 0xff, 0x64, 0x00, 0x0e, 0x12, 0x03, 0x00, 0x00, 0x0e, 0x12, 0x03, 0x00, 0x00, 0x0e, 0x12, 0x03, 0x00, 0x00, 0x0e, 0x12, 0x03, 0x00, 0x00, 0x0e, 0x12, 0x03, 0x00, 0x00, 0x0e, 0x12, 0x03, 0x00, 0x00, 0x03, 0x5e, 0x01, 0x00, 0x00, 0x05, 0xff, 0x01, 0x00, 0x02, 0x79, 0x01, 0x00, 0x00, 0x82, 0x02, 0xff, 0x04, 0x00, 0x0e, 0x12, 0x03, 0x00, 0x00, 0x0e, 0x12, 0x03, 0x00, 0x00, 0x0e, 0x12, 0x03, 0x00, 0x00, 0x0e, 0x12, 0x03, 0x00, 0x00, 0x0e, 0x12, 0x03, 0x00, 0x00, 0x0e, 0x12, 0x03, 0x00, 0x00, 0x0e, 0x12, 0x03, 0x00, 0x00, 0x0e, 0x12, 0x03, 0x00, 0x00, 0x0e, 0x12, 0x03, 0x00, 0x00, 0x0e, 0x12, 0x03, 0x00, 0x00, 0x0e, 0x12, 0x03, 0x00, 0x00, 0x0e, 0x12, 0x03, 0x00, 0x00, 0x0e, 0x12, 0x03, 0x00, 0x00, 0x0e, 0x12, 0x03, 0x00, 0x00, 0x0e, 0x12, 0x03, 0x00, 0x00, 0x0e, 0x12, 0x03, 0x00, 0x00, 0x0e, 0x12, 0x03, 0x00, 0x00, 0x05, 0x08
};

const u8 SignalBeamOrbs[] = {
    0x02, 0x13, 0x03, 0x00, 0x00, 0x83, 0x03, 0xff, 0x0a, 0x00, 0x02, 0x14, 0x03, 0x00, 0x00, 0x83, 0x03, 0xff, 0x0a, 0x00, 0x04, 0x01, 0x0f
};

const u8 Move_ABSORB[] = {
    0x00, 0xa3, 0x27, 0x00, 0x2f, 0x27, 0x00, 0x97, 0x27, 0x0a, 0x03, 0x2a, 0x01, 0x0c, 0x0c, 0x08, 0x02, 0x7a, 0x01, 0x00, 0x00, 0x82, 0x02, 0xff, 0x01, 0x00, 0x05, 0x19, 0xad, 0x00, 0x3f, 0x02, 0x5d, 0x01, 0x00, 0x00, 0x82, 0x02, 0xff, 0x00, 0x00, 0x04, 0x02, 0x03, 0x5e, 0x01, 0x00, 0x00, 0x05, 0xff, 0x01, 0x00, 0x05, 0x04, 0x03, 0x0e, 0x15, 0x03, 0x00, 0x00, 0x05, 0x04, 0x0f, 0x0e, 0x67, 0x02, 0x00, 0x00, 0x05, 0x02, 0x7a, 0x01, 0x00, 0x00, 0x82, 0x02, 0xff, 0x01, 0x00, 0x05, 0x0b, 0x03, 0x0d, 0x08
};

const u8 AbsorbEffect[] = {
    0x19, 0x87, 0x00, 0x3f, 0x02, 0x16, 0x03, 0x00, 0x00, 0x83, 0x03, 0xff, 0x00, 0x00, 0x04, 0x04, 0x19, 0x87, 0x00, 0x3f, 0x02, 0x16, 0x03, 0x00, 0x00, 0x83, 0x03, 0xff, 0x0a, 0x00, 0x04, 0x04, 0x19, 0x87, 0x00, 0x3f, 0x02, 0x16, 0x03, 0x00, 0x00, 0x83, 0x03, 0xff, 0xfb, 0xff, 0x04, 0x04, 0x19, 0x87, 0x00, 0x3f, 0x02, 0x16, 0x03, 0x00, 0x00, 0x83, 0x03, 0xff, 0x00, 0x00, 0x04, 0x04, 0x19, 0x87, 0x00, 0x3f, 0x02, 0x16, 0x03, 0x00, 0x00, 0x83, 0x03, 0xff, 0x00, 0x00, 0x04, 0x04, 0x19, 0x87, 0x00, 0x3f, 0x02, 0x16, 0x03, 0x00, 0x00, 0x83, 0x03, 0xff, 0x0a, 0x00, 0x04, 0x04, 0x19, 0x87, 0x00, 0x3f, 0x02, 0x16, 0x03, 0x00, 0x00, 0x83, 0x03, 0xff, 0xf6, 0xff, 0x04, 0x04, 0x19, 0x87, 0x00, 0x3f, 0x02, 0x16, 0x03, 0x00, 0x00, 0x83, 0x03, 0xff, 0x05, 0x00, 0x04, 0x04, 0x0f
};

const u8 Move_MEGA_DRAIN[] = {
    0x00, 0xa3, 0x27, 0x00, 0x2f, 0x27, 0x00, 0x97, 0x27, 0x0a, 0x03, 0x2a, 0x01, 0x0c, 0x0c, 0x08, 0x02, 0x7a, 0x01, 0x00, 0x00, 0x82, 0x02, 0xff, 0x01, 0x00, 0x05, 0x19, 0xad, 0x00, 0x3f, 0x02, 0x5d, 0x01, 0x00, 0x00, 0x82, 0x02, 0xff, 0x00, 0x00, 0x04, 0x02, 0x03, 0x5e, 0x01, 0x00, 0x00, 0x05, 0xff, 0x01, 0x00, 0x05, 0x04, 0x03, 0x0e, 0x17, 0x03, 0x00, 0x00, 0x05, 0x04, 0x0f, 0x0e, 0x67, 0x02, 0x00, 0x00, 0x05, 0x02, 0x7a, 0x01, 0x00, 0x00, 0x82, 0x02, 0xff, 0x01, 0x00, 0x05, 0x0b, 0x03, 0x0d, 0x08
};

const u8 MegaDrainAbsorbEffect[] = {
    0x19, 0x77, 0x00, 0x3f, 0x02, 0x16, 0x03, 0x00, 0x00, 0x83, 0x03, 0xff, 0x00, 0x00, 0x02, 0x16, 0x03, 0x00, 0x00, 0x83, 0x03, 0xff, 0x05, 0x00, 0x04, 0x04, 0x19, 0x77, 0x00, 0x3f, 0x02, 0x16, 0x03, 0x00, 0x00, 0x83, 0x03, 0xff, 0x0a, 0x00, 0x02, 0x16, 0x03, 0x00, 0x00, 0x83, 0x03, 0xff, 0xf6, 0xff, 0x04, 0x04, 0x19, 0x77, 0x00, 0x3f, 0x02, 0x16, 0x03, 0x00, 0x00, 0x83, 0x03, 0xff, 0xfb, 0xff, 0x02, 0x16, 0x03, 0x00, 0x00, 0x83, 0x03, 0xff, 0x0a, 0x00, 0x04, 0x04, 0x19, 0x77, 0x00, 0x3f, 0x02, 0x16, 0x03, 0x00, 0x00, 0x83, 0x03, 0xff, 0x00, 0x00, 0x02, 0x16, 0x03, 0x00, 0x00, 0x83, 0x03, 0xff, 0x00, 0x00, 0x04, 0x04, 0x19, 0x77, 0x00, 0x3f, 0x02, 0x16, 0x03, 0x00, 0x00, 0x83, 0x03, 0xff, 0x00, 0x00, 0x02, 0x16, 0x03, 0x00, 0x00, 0x83, 0x03, 0xff, 0x00, 0x00, 0x04, 0x04, 0x19, 0x77, 0x00, 0x3f, 0x02, 0x16, 0x03, 0x00, 0x00, 0x83, 0x03, 0xff, 0x0a, 0x00, 0x02, 0x16, 0x03, 0x00, 0x00, 0x83, 0x03, 0xff, 0xfb, 0xff, 0x04, 0x04, 0x19, 0x77, 0x00, 0x3f, 0x02, 0x16, 0x03, 0x00, 0x00, 0x83, 0x03, 0xff, 0xf6, 0xff, 0x02, 0x16, 0x03, 0x00, 0x00, 0x83, 0x03, 0xff, 0x0a, 0x00, 0x04, 0x04, 0x19, 0x77, 0x00, 0x3f, 0x02, 0x16, 0x03, 0x00, 0x00, 0x83, 0x03, 0xff, 0x00, 0x00, 0x02, 0x16, 0x03, 0x00, 0x00, 0x83, 0x03, 0xff, 0x05, 0x00, 0x04, 0x04, 0x0f
};

const u8 Move_GIGA_DRAIN[] = {
    0x00, 0xa3, 0x27, 0x00, 0x2f, 0x27, 0x00, 0x97, 0x27, 0x0a, 0x03, 0x2a, 0x01, 0x0c, 0x0c, 0x08, 0x02, 0x7a, 0x01, 0x00, 0x00, 0x82, 0x02, 0xff, 0x01, 0x00, 0x05, 0x19, 0xad, 0x00, 0x3f, 0x02, 0x5d, 0x01, 0x00, 0x00, 0x82, 0x02, 0xff, 0x00, 0x00, 0x04, 0x02, 0x03, 0x5e, 0x01, 0x00, 0x00, 0x05, 0xff, 0x01, 0x00, 0x05, 0x04, 0x03, 0x0e, 0x18, 0x03, 0x00, 0x00, 0x05, 0x04, 0x0f, 0x0e, 0x67, 0x02, 0x00, 0x00, 0x05, 0x02, 0x7a, 0x01, 0x00, 0x00, 0x82, 0x02, 0xff, 0x01, 0x00, 0x05, 0x0b, 0x03, 0x0d, 0x08
};

const u8 GigaDrainAbsorbEffect[] = {
    0x19, 0xc0, 0x00, 0x3f, 0x02, 0x16, 0x03, 0x00, 0x00, 0x83, 0x03, 0xff, 0x00, 0x00, 0x02, 0x16, 0x03, 0x00, 0x00, 0x83, 0x03, 0xff, 0x05, 0x00, 0x02, 0x16, 0x03, 0x00, 0x00, 0x83, 0x03, 0xff, 0xf6, 0xff, 0x04, 0x04, 0x19, 0xc0, 0x00, 0x3f, 0x02, 0x16, 0x03, 0x00, 0x00, 0x83, 0x03, 0xff, 0x00, 0x00, 0x02, 0x16, 0x03, 0x00, 0x00, 0x83, 0x03, 0xff, 0x0a, 0x00, 0x02, 0x16, 0x03, 0x00, 0x00, 0x83, 0x03, 0xff, 0xf6, 0xff, 0x04, 0x04, 0x19, 0xc0, 0x00, 0x3f, 0x02, 0x16, 0x03, 0x00, 0x00, 0x83, 0x03, 0xff, 0x0a, 0x00, 0x02, 0x16, 0x03, 0x00, 0x00, 0x83, 0x03, 0xff, 0xfb, 0xff, 0x02, 0x16, 0x03, 0x00, 0x00, 0x83, 0x03, 0xff, 0x0a, 0x00, 0x04, 0x04, 0x19, 0xc0, 0x00, 0x3f, 0x02, 0x16, 0x03, 0x00, 0x00, 0x83, 0x03, 0xff, 0x00, 0x00, 0x02, 0x16, 0x03, 0x00, 0x00, 0x83, 0x03, 0xff, 0x00, 0x00, 0x02, 0x16, 0x03, 0x00, 0x00, 0x83, 0x03, 0xff, 0x0a, 0x00, 0x04, 0x04, 0x19, 0xc0, 0x00, 0x3f, 0x02, 0x16, 0x03, 0x00, 0x00, 0x83, 0x03, 0xff, 0xfb, 0xff, 0x02, 0x16, 0x03, 0x00, 0x00, 0x83, 0x03, 0xff, 0x00, 0x00, 0x02, 0x16, 0x03, 0x00, 0x00, 0x83, 0x03, 0xff, 0x00, 0x00, 0x04, 0x04, 0x19, 0xc0, 0x00, 0x3f, 0x02, 0x16, 0x03, 0x00, 0x00, 0x83, 0x03, 0xff, 0x00, 0x00, 0x02, 0x16, 0x03, 0x00, 0x00, 0x83, 0x03, 0xff, 0xfb, 0xff, 0x02, 0x16, 0x03, 0x00, 0x00, 0x83, 0x03, 0xff, 0x0a, 0x00, 0x04, 0x04, 0x19, 0xc0, 0x00, 0x3f, 0x02, 0x16, 0x03, 0x00, 0x00, 0x83, 0x03, 0xff, 0xfb, 0xff, 0x02, 0x16, 0x03, 0x00, 0x00, 0x83, 0x03, 0xff, 0x0a, 0x00, 0x02, 0x16, 0x03, 0x00, 0x00, 0x83, 0x03, 0xff, 0xf6, 0xff, 0x04, 0x04, 0x19, 0xc0, 0x00, 0x3f, 0x02, 0x16, 0x03, 0x00, 0x00, 0x83, 0x03, 0xff, 0x00, 0x00, 0x02, 0x16, 0x03, 0x00, 0x00, 0x83, 0x03, 0xff, 0x00, 0x00, 0x02, 0x16, 0x03, 0x00, 0x00, 0x83, 0x03, 0xff, 0x05, 0x00, 0x04, 0x04, 0x0f
};

const u8 Move_LEECH_LIFE[] = {
    0x00, 0xb1, 0x27, 0x00, 0xa3, 0x27, 0x04, 0x01, 0x00, 0x2f, 0x27, 0x00, 0x97, 0x27, 0x0a, 0x03, 0x2a, 0x01, 0x0c, 0x0c, 0x08, 0x04, 0x01, 0x02, 0x19, 0x03, 0x00, 0x00, 0x82, 0x02, 0xff, 0xec, 0xff, 0x05, 0x02, 0x5d, 0x01, 0x00, 0x00, 0x82, 0x02, 0xff, 0x00, 0x00, 0x19, 0xad, 0x00, 0x3f, 0x04, 0x02, 0x03, 0x5e, 0x01, 0x00, 0x00, 0x05, 0xff, 0x01, 0x00, 0x05, 0x02, 0x7a, 0x01, 0x00, 0x00, 0x82, 0x02, 0xff, 0x01, 0x00, 0x05, 0x0e, 0x15, 0x03, 0x00, 0x00, 0x05, 0x04, 0x0f, 0x0e, 0x67, 0x02, 0x00, 0x00, 0x05, 0x02, 0x7a, 0x01, 0x00, 0x00, 0x82, 0x02, 0xff, 0x01, 0x00, 0x05, 0x0b, 0x03, 0x0d, 0x08
};

const u8 Move_SYNTHESIS[] = {
    0x00, 0x2f, 0x27, 0x00, 0x41, 0x27, 0x03, 0xa5, 0x01, 0x00, 0x00, 0x02, 0xff, 0x02, 0x00, 0x19, 0x85, 0x00, 0xc0, 0x0e, 0x1a, 0x03, 0x00, 0x00, 0x05, 0x0e, 0x67, 0x02, 0x00, 0x00, 0x05, 0x08
};

const u8 Move_TOXIC[] = {
    0x00, 0xa7, 0x27, 0x00, 0xa6, 0x27, 0x0e, 0x1b, 0x03, 0x00, 0x00, 0x0e, 0x1b, 0x03, 0x00, 0x00, 0x05, 0x04, 0x0f, 0x0e, 0x7d, 0x01, 0x00, 0x00, 0x05, 0x08
};

const u8 ToxicBubbles[] = {
    0x02, 0x1c, 0x03, 0x00, 0x00, 0x82, 0x02, 0xff, 0xe8, 0xff, 0x19, 0x8d, 0x00, 0x3f, 0x04, 0x0f, 0x02, 0x1c, 0x03, 0x00, 0x00, 0x82, 0x02, 0xff, 0x08, 0x00, 0x19, 0x8d, 0x00, 0x3f, 0x04, 0x0f, 0x02, 0x1c, 0x03, 0x00, 0x00, 0x82, 0x02, 0xff, 0xf8, 0xff, 0x19, 0x8d, 0x00, 0x3f, 0x04, 0x0f, 0x02, 0x1c, 0x03, 0x00, 0x00, 0x82, 0x02, 0xff, 0x18, 0x00, 0x19, 0x8d, 0x00, 0x3f, 0x04, 0x0f, 0x0f
};

const u8 Move_SLUDGE[] = {
    0x00, 0xa6, 0x27, 0x19, 0x77, 0x00, 0xc0, 0x02, 0x1d, 0x03, 0x00, 0x00, 0x82, 0x02, 0xff, 0x14, 0x00, 0x05, 0x03, 0x5e, 0x01, 0x00, 0x00, 0x05, 0xff, 0x01, 0x00, 0x03, 0xa5, 0x01, 0x00, 0x00, 0x02, 0xff, 0x04, 0x00, 0x0e, 0x7d, 0x01, 0x00, 0x00, 0x05, 0x08
};

const u8 Move_SLUDGE_BOMB[] = {
    0x00, 0xa6, 0x27, 0x0e, 0x1e, 0x03, 0x00, 0x00, 0x0e, 0x1e, 0x03, 0x00, 0x00, 0x0e, 0x1e, 0x03, 0x00, 0x00, 0x0e, 0x1e, 0x03, 0x00, 0x00, 0x0e, 0x1e, 0x03, 0x00, 0x00, 0x0e, 0x1e, 0x03, 0x00, 0x00, 0x0e, 0x1e, 0x03, 0x00, 0x00, 0x0e, 0x1e, 0x03, 0x00, 0x00, 0x0e, 0x1e, 0x03, 0x00, 0x00, 0x0e, 0x1e, 0x03, 0x00, 0x00, 0x03, 0x66, 0x01, 0x00, 0x00, 0x05, 0xff, 0x01, 0x00, 0x03, 0xa5, 0x01, 0x00, 0x00, 0x02, 0xff, 0x04, 0x00, 0x02, 0x1f, 0x03, 0x00, 0x00, 0x82, 0x02, 0xff, 0x2a, 0x00, 0x02, 0x1f, 0x03, 0x00, 0x00, 0x82, 0x02, 0xff, 0xe5, 0xff, 0x02, 0x1f, 0x03, 0x00, 0x00, 0x82, 0x02, 0xff, 0x27, 0x00, 0x02, 0x1f, 0x03, 0x00, 0x00, 0x82, 0x02, 0xff, 0xd6, 0xff, 0x19, 0xa8, 0x00, 0x3f, 0x04, 0x05, 0x02, 0x1f, 0x03, 0x00, 0x00, 0x82, 0x02, 0xff, 0x00, 0x00, 0x02, 0x1f, 0x03, 0x00, 0x00, 0x82, 0x02, 0xff, 0xf8, 0xff, 0x02, 0x1f, 0x03, 0x00, 0x00, 0x82, 0x02, 0xff, 0xd2, 0xff, 0x02, 0x1f, 0x03, 0x00, 0x00, 0x82, 0x02, 0xff, 0x2e, 0x00, 0x19, 0xa8, 0x00, 0x3f, 0x04, 0x05, 0x02, 0x1f, 0x03, 0x00, 0x00, 0x82, 0x02, 0xff, 0x2a, 0x00, 0x02, 0x1f, 0x03, 0x00, 0x00, 0x82, 0x02, 0xff, 0xd5, 0xff, 0x02, 0x1f, 0x03, 0x00, 0x00, 0x82, 0x02, 0xff, 0x10, 0x00, 0x02, 0x1f, 0x03, 0x00, 0x00, 0x82, 0x02, 0xff, 0xf0, 0xff, 0x19, 0xa8, 0x00, 0x3f, 0x04, 0x00, 0x20, 0x05, 0x0e, 0x7d, 0x01, 0x00, 0x00, 0x05, 0x08
};

const u8 SludgeBombProjectile[] = {
    0x19, 0x77, 0x00, 0xc0, 0x02, 0x1d, 0x03, 0x00, 0x00, 0x82, 0x02, 0xff, 0x14, 0x00, 0x04, 0x03, 0x0f
};

const u8 Move_ACID[] = {
    0x00, 0xa6, 0x27, 0x0a, 0x03, 0x02, 0x20, 0x03, 0x00, 0x00, 0x82, 0x02, 0xff, 0x14, 0x00, 0x19, 0x77, 0x00, 0xc0, 0x04, 0x05, 0x02, 0x20, 0x03, 0x00, 0x00, 0x82, 0x02, 0xff, 0x14, 0x00, 0x19, 0x77, 0x00, 0xc0, 0x04, 0x05, 0x02, 0x20, 0x03, 0x00, 0x00, 0x82, 0x02, 0xff, 0x14, 0x00, 0x19, 0x77, 0x00, 0xc0, 0x04, 0x0f, 0x03, 0x66, 0x01, 0x00, 0x00, 0x05, 0xff, 0x01, 0x00, 0x03, 0x66, 0x01, 0x00, 0x00, 0x05, 0xff, 0x03, 0x00, 0x03, 0xa5, 0x01, 0x00, 0x00, 0x02, 0xff, 0x14, 0x00, 0x02, 0x21, 0x03, 0x00, 0x00, 0x82, 0x02, 0xff, 0x00, 0x00, 0x19, 0x75, 0x00, 0x3f, 0x04, 0x0a, 0x02, 0x21, 0x03, 0x00, 0x00, 0x82, 0x02, 0xff, 0xe6, 0xff, 0x19, 0x75, 0x00, 0x3f, 0x04, 0x0a, 0x02, 0x21, 0x03, 0x00, 0x00, 0x82, 0x02, 0xff, 0x0f, 0x00, 0x19, 0x75, 0x00, 0x3f, 0x04, 0x0a, 0x02, 0x21, 0x03, 0x00, 0x00, 0x82, 0x02, 0xff, 0xf1, 0xff, 0x19, 0x75, 0x00, 0x3f, 0x04, 0x0a, 0x02, 0x21, 0x03, 0x00, 0x00, 0x82, 0x02, 0xff, 0x1b, 0x00, 0x19, 0x75, 0x00, 0x3f, 0x05, 0x0b, 0x03, 0x08
};

const u8 Move_BONEMERANG[] = {
    0x00, 0x10, 0x27, 0x00, 0x97, 0x27, 0x0a, 0x03, 0x28, 0x01, 0x0c, 0x0c, 0x08, 0x19, 0xb4, 0x00, 0xc0, 0x02, 0x22, 0x03, 0x00, 0x00, 0x82, 0x02, 0x00, 0x04, 0x14, 0x19, 0x9f, 0x00, 0x3f, 0x02, 0x5d, 0x01, 0x00, 0x00, 0x82, 0x02, 0xff, 0x00, 0x00, 0x03, 0x5e, 0x01, 0x00, 0x00, 0x05, 0xff, 0x01, 0x00, 0x04, 0x11, 0x19, 0x73, 0x00, 0xc0, 0x02, 0x6a, 0x01, 0x00, 0x00, 0x82, 0x02, 0xff, 0x06, 0x00, 0x05, 0x0b, 0x03, 0x0d, 0x08
};

const u8 Move_BONE_CLUB[] = {
    0x00, 0x10, 0x27, 0x00, 0x97, 0x27, 0x0a, 0x03, 0x28, 0x01, 0x0c, 0x0c, 0x08, 0x19, 0xb4, 0x00, 0x3f, 0x02, 0x23, 0x03, 0x00, 0x00, 0x82, 0x02, 0xff, 0xd6, 0xff, 0x04, 0x0c, 0x02, 0x5d, 0x01, 0x00, 0x00, 0x82, 0x02, 0xff, 0x00, 0x00, 0x03, 0x5e, 0x01, 0x00, 0x00, 0x05, 0xff, 0x01, 0x00, 0x02, 0x79, 0x01, 0x00, 0x00, 0x82, 0x02, 0xff, 0x07, 0x00, 0x19, 0x74, 0x00, 0x3f, 0x05, 0x0b, 0x03, 0x0d, 0x08
};

const u8 Move_BONE_RUSH[] = {
    0x00, 0x10, 0x27, 0x00, 0x97, 0x27, 0x0a, 0x03, 0x0c, 0x0c, 0x08, 0x19, 0xb4, 0x00, 0x3f, 0x02, 0x23, 0x03, 0x00, 0x00, 0x82, 0x02, 0xff, 0xd6, 0xff, 0x04, 0x0c, 0x02, 0x5d, 0x01, 0x00, 0x00, 0x82, 0x02, 0xff, 0x00, 0x00, 0x03, 0x5e, 0x01, 0x00, 0x00, 0x05, 0xff, 0x01, 0x00, 0x19, 0x9f, 0x00, 0x3f, 0x05, 0x0b, 0x03, 0x0d, 0x08
};

const u8 Move_SPIKES[] = {
    0x00, 0xa8, 0x27, 0x0a, 0x03, 0x19, 0x88, 0x00, 0xc0, 0x1d, 0x9f, 0x00, 0x3f, 0x1c, 0x02, 0x24, 0x03, 0x00, 0x00, 0x82, 0x02, 0xff, 0x14, 0x00, 0x04, 0x0a, 0x19, 0x88, 0x00, 0xc0, 0x1d, 0x9f, 0x00, 0x3f, 0x1c, 0x02, 0x24, 0x03, 0x00, 0x00, 0x82, 0x02, 0xff, 0x14, 0x00, 0x04, 0x0a, 0x1d, 0x9f, 0x00, 0x3f, 0x1c, 0x02, 0x24, 0x03, 0x00, 0x00, 0x82, 0x02, 0xff, 0x14, 0x00, 0x05, 0x0b, 0x03, 0x08
};

const u8 Move_MEGAHORN[] = {
    0x00, 0xa9, 0x27, 0x00, 0x97, 0x27, 0x0a, 0x03, 0x19, 0xa4, 0x00, 0xc0, 0x24, 0x25, 0x03, 0x00, 0x00, 0x14, 0x07, 0x16, 0x03, 0x04, 0x02, 0x00, 0x00, 0x05, 0xff, 0x00, 0xf7
};

const u8 MegahornContinue[] = {
    0x17, 0x0c, 0x0c, 0x08, 0x03, 0x5e, 0x01, 0x00, 0x00, 0x05, 0xff, 0x00, 0x00, 0x05, 0x04, 0x0a, 0x02, 0x6c, 0x01, 0x00, 0x00, 0x82, 0x02, 0xff, 0x00, 0x00, 0x04, 0x03, 0x02, 0x26, 0x03, 0x00, 0x00, 0x83, 0x03, 0xff, 0xd6, 0xff, 0x04, 0x04, 0x19, 0x95, 0x00, 0x3f, 0x02, 0x5d, 0x01, 0x00, 0x00, 0x82, 0x02, 0xff, 0x00, 0x00, 0x02, 0x6c, 0x01, 0x00, 0x00, 0x82, 0x02, 0xff, 0x01, 0x00, 0x05, 0x03, 0x6d, 0x01, 0x00, 0x00, 0x02, 0xff, 0x01, 0x00, 0x02, 0x79, 0x01, 0x00, 0x00, 0x82, 0x02, 0xff, 0x07, 0x00, 0x04, 0x0a, 0x02, 0x68, 0x01, 0x00, 0x00, 0x82, 0x02, 0xff, 0x00, 0x00, 0x04, 0x03, 0x02, 0x68, 0x01, 0x00, 0x00, 0x82, 0x02, 0xff, 0x01, 0x00, 0x05, 0x05, 0x0b, 0x03, 0x0d, 0x15, 0x16, 0x10, 0x07, 0xff, 0xff, 0x17, 0x08
};

const u8 MegahornInContest[] = {
    0x14, 0x08, 0x16, 0x03, 0x04, 0x02, 0x00, 0x00, 0x05, 0xff, 0x00, 0x09, 0x13, 0x27, 0x03, 0x00, 0x00
};

const u8 Move_GUST[] = {
    0x00, 0x19, 0x27, 0x00, 0x97, 0x27, 0x0a, 0x03, 0x28, 0x01, 0x0c, 0x0c, 0x08, 0x19, 0x7d, 0x00, 0x3f, 0x02, 0x28, 0x03, 0x00, 0x00, 0x82, 0x02, 0xff, 0x00, 0x00, 0x03, 0x29, 0x03, 0x00, 0x00, 0x05, 0xff, 0x01, 0x00, 0x05, 0x03, 0x66, 0x01, 0x00, 0x00, 0x05, 0xff, 0x01, 0x00, 0x02, 0x5d, 0x01, 0x00, 0x00, 0x82, 0x02, 0xff, 0x00, 0x00, 0x19, 0x7e, 0x00, 0x3f, 0x05, 0x0b, 0x03, 0x0d, 0x08
};

const u8 Move_WING_ATTACK[] = {
    0x00, 0x19, 0x27, 0x00, 0x97, 0x27, 0x0a, 0x03, 0x28, 0x01, 0x0c, 0x0c, 0x08, 0x1c, 0x96, 0x00, 0xc0, 0x14, 0x02, 0x03, 0x2a, 0x03, 0x00, 0x00, 0x02, 0xff, 0x00, 0x00, 0x03, 0x29, 0x03, 0x00, 0x00, 0x05, 0xff, 0x01, 0x00, 0x02, 0x2b, 0x03, 0x00, 0x00, 0x82, 0x02, 0xff, 0xe7, 0xff, 0x02, 0x2b, 0x03, 0x00, 0x00, 0x82, 0x02, 0xff, 0x19, 0x00, 0x04, 0x18, 0x02, 0x6c, 0x01, 0x00, 0x00, 0x82, 0x02, 0xff, 0x00, 0x00, 0x04, 0x11, 0x02, 0x5d, 0x01, 0x00, 0x00, 0x82, 0x02, 0xff, 0x10, 0x00, 0x02, 0x5d, 0x01, 0x00, 0x00, 0x82, 0x02, 0xff, 0xf0, 0xff, 0x1c, 0x7f, 0x00, 0x3f, 0x05, 0x02, 0x05, 0x02, 0x68, 0x01, 0x00, 0x00, 0x82, 0x02, 0xff, 0x00, 0x00, 0x05, 0x0b, 0x03, 0x0d, 0x08
};

const u8 Move_PECK[] = {
    0x00, 0x97, 0x27, 0x19, 0x9f, 0x00, 0x3f, 0x03, 0x2c, 0x03, 0x00, 0x00, 0x02, 0xff, 0x03, 0x00, 0x02, 0xfe, 0x01, 0x00, 0x00, 0x83, 0x03, 0xff, 0xf4, 0xff, 0x05, 0x08
};

const u8 Move_AEROBLAST[] = {
    0x00, 0xaa, 0x27, 0x00, 0x97, 0x27, 0x0a, 0x03, 0x0e, 0x36, 0x02, 0x00, 0x00, 0x28, 0x01, 0x0c, 0x0c, 0x08, 0x0e, 0x2d, 0x03, 0x00, 0x00, 0x03, 0x5e, 0x01, 0x00, 0x00, 0x05, 0xff, 0x01, 0x00, 0x0e, 0x2d, 0x03, 0x00, 0x00, 0x0e, 0x2d, 0x03, 0x00, 0x00, 0x0e, 0x2d, 0x03, 0x00, 0x00, 0x0e, 0x2d, 0x03, 0x00, 0x00, 0x05, 0x02, 0x5d, 0x01, 0x00, 0x00, 0x82, 0x02, 0xff, 0x00, 0x00, 0x19, 0x81, 0x00, 0x3f, 0x05, 0x0b, 0x03, 0x0d, 0x04, 0x00, 0x0e, 0x3c, 0x02, 0x00, 0x00, 0x08
};

const u8 AeroblastBeam[] = {
    0x19, 0x88, 0x00, 0xc0, 0x02, 0x2e, 0x03, 0x00, 0x00, 0x82, 0x02, 0xff, 0x0e, 0x00, 0x02, 0x2e, 0x03, 0x00, 0x00, 0x82, 0x02, 0xff, 0x1a, 0x00, 0x04, 0x03, 0x19, 0x88, 0x00, 0xc0, 0x02, 0x2e, 0x03, 0x00, 0x00, 0x82, 0x02, 0xff, 0x0e, 0x00, 0x02, 0x2e, 0x03, 0x00, 0x00, 0x82, 0x02, 0xff, 0x1a, 0x00, 0x04, 0x03, 0x19, 0x88, 0x00, 0xc0, 0x02, 0x2e, 0x03, 0x00, 0x00, 0x82, 0x02, 0xff, 0x0e, 0x00, 0x02, 0x2e, 0x03, 0x00, 0x00, 0x82, 0x02, 0xff, 0x1a, 0x00, 0x04, 0x03, 0x19, 0x88, 0x00, 0xc0, 0x02, 0x2e, 0x03, 0x00, 0x00, 0x82, 0x02, 0xff, 0x0e, 0x00, 0x02, 0x2e, 0x03, 0x00, 0x00, 0x82, 0x02, 0xff, 0x1a, 0x00, 0x04, 0x03, 0x0f
};

const u8 Move_WATER_GUN[] = {
    0x00, 0xab, 0x27, 0x00, 0xa4, 0x27, 0x0a, 0x03, 0x28, 0x01, 0x0c, 0x0c, 0x08, 0x02, 0x2f, 0x03, 0x00, 0x00, 0x82, 0x02, 0xff, 0x14, 0x00, 0x19, 0x75, 0x00, 0xc0, 0x05, 0x03, 0x66, 0x01, 0x00, 0x00, 0x05, 0xff, 0x01, 0x00, 0x02, 0xc4, 0x01, 0x00, 0x00, 0x84, 0x04, 0xff, 0x00, 0x00, 0x02, 0x30, 0x03, 0x00, 0x00, 0x82, 0x02, 0xff, 0x00, 0x00, 0x19, 0x87, 0x00, 0x3f, 0x04, 0x0a, 0x02, 0x30, 0x03, 0x00, 0x00, 0x82, 0x02, 0xff, 0x0f, 0x00, 0x19, 0x87, 0x00, 0x3f, 0x04, 0x0a, 0x02, 0x30, 0x03, 0x00, 0x00, 0x82, 0x02, 0xff, 0xf1, 0xff, 0x19, 0x87, 0x00, 0x3f, 0x05, 0x0b, 0x03, 0x0d, 0x08
};

const u8 Move_CRABHAMMER[] = {
    0x00, 0x9d, 0x27, 0x00, 0xa4, 0x27, 0x0a, 0x03, 0x0c, 0x0c, 0x08, 0x02, 0xc4, 0x01, 0x00, 0x00, 0x84, 0x04, 0xff, 0x00, 0x00, 0x19, 0x74, 0x00, 0x3f, 0x04, 0x01, 0x02, 0x79, 0x01, 0x00, 0x00, 0x82, 0x02, 0xff, 0x1f, 0x00, 0x02, 0x6c, 0x01, 0x00, 0x00, 0x82, 0x02, 0xff, 0x01, 0x00, 0x05, 0x04, 0x08, 0x05, 0x02, 0x68, 0x01, 0x00, 0x00, 0x82, 0x02, 0xff, 0x01, 0x00, 0x05, 0x1c, 0x87, 0x00, 0x3f, 0x14, 0x03, 0x03, 0x5e, 0x01, 0x00, 0x00, 0x05, 0xff, 0x01, 0x00, 0x02, 0xc2, 0x01, 0x00, 0x00, 0x82, 0x02, 0xff, 0x0a, 0x00, 0x04, 0x04, 0x02, 0xc2, 0x01, 0x00, 0x00, 0x82, 0x02, 0xff, 0x14, 0x00, 0x04, 0x04, 0x02, 0xc2, 0x01, 0x00, 0x00, 0x82, 0x02, 0xff, 0xf1, 0xff, 0x04, 0x04, 0x02, 0xc2, 0x01, 0x00, 0x00, 0x82, 0x02, 0xff, 0x00, 0x00, 0x04, 0x04, 0x02, 0xc2, 0x01, 0x00, 0x00, 0x82, 0x02, 0xff, 0xf6, 0xff, 0x04, 0x04, 0x02, 0xc2, 0x01, 0x00, 0x00, 0x82, 0x02, 0xff, 0x10, 0x00, 0x04, 0x04, 0x02, 0xc2, 0x01, 0x00, 0x00, 0x82, 0x02, 0xff, 0x05, 0x00, 0x04, 0x04, 0x02, 0xc2, 0x01, 0x00, 0x00, 0x82, 0x02, 0xff, 0xf0, 0xff, 0x05, 0x0b, 0x03, 0x0d, 0x08
};

const u8 Move_SURF[] = {
    0x03, 0x31, 0x03, 0x00, 0x00, 0x02, 0xff, 0x00, 0x00, 0x04, 0x18, 0x1b, 0x9c, 0x00, 0xc0, 0x3f, 0x02, 0x00, 0x05, 0x08
};

const u8 Move_FLAMETHROWER[] = {
    0x00, 0x2d, 0x27, 0x0a, 0x03, 0x28, 0x01, 0x0c, 0x0c, 0x08, 0x03, 0x5e, 0x01, 0x00, 0x00, 0x05, 0xff, 0x00, 0x00, 0x04, 0x06, 0x03, 0x0e, 0x03, 0x00, 0x00, 0x05, 0xff, 0x64, 0x00, 0x1b, 0x8b, 0x00, 0xc0, 0x3f, 0x02, 0x00, 0x0e, 0x32, 0x03, 0x00, 0x00, 0x0e, 0x32, 0x03, 0x00, 0x00, 0x0e, 0x32, 0x03, 0x00, 0x00, 0x03, 0x5e, 0x01, 0x00, 0x00, 0x05, 0xff, 0x01, 0x00, 0x0e, 0x32, 0x03, 0x00, 0x00, 0x0e, 0x32, 0x03, 0x00, 0x00, 0x0e, 0x32, 0x03, 0x00, 0x00, 0x0e, 0x32, 0x03, 0x00, 0x00, 0x0e, 0x32, 0x03, 0x00, 0x00, 0x0e, 0x32, 0x03, 0x00, 0x00, 0x0e, 0x32, 0x03, 0x00, 0x00, 0x0e, 0x32, 0x03, 0x00, 0x00, 0x05, 0x0b, 0x03, 0x0d, 0x08
};

const u8 FlamethrowerCreateFlames[] = {
    0x02, 0x33, 0x03, 0x00, 0x00, 0x83, 0x03, 0xff, 0x0a, 0x00, 0x04, 0x02, 0x02, 0x33, 0x03, 0x00, 0x00, 0x83, 0x03, 0xff, 0x0a, 0x00, 0x04, 0x02, 0x0f
};

const u8 Move_SANDSTORM[] = {
    0x00, 0x15, 0x28, 0x19, 0xd4, 0x00, 0x00, 0x03, 0x74, 0x02, 0x00, 0x00, 0x05, 0xff, 0x00, 0x00, 0x04, 0x10, 0x02, 0x77, 0x02, 0x00, 0x00, 0xa8, 0x28, 0xff, 0x0a, 0x00, 0x04, 0x0a, 0x02, 0x77, 0x02, 0x00, 0x00, 0xa8, 0x28, 0xff, 0x5a, 0x00, 0x04, 0x0a, 0x02, 0x77, 0x02, 0x00, 0x00, 0xa8, 0x28, 0xff, 0x32, 0x00, 0x04, 0x0a, 0x02, 0x77, 0x02, 0x00, 0x00, 0xa8, 0x28, 0xff, 0x14, 0x00, 0x04, 0x0a, 0x02, 0x77, 0x02, 0x00, 0x00, 0xa8, 0x28, 0xff, 0x46, 0x00, 0x04, 0x0a, 0x02, 0x77, 0x02, 0x00, 0x00, 0xa8, 0x28, 0xff, 0x00, 0x00, 0x04, 0x0a, 0x02, 0x77, 0x02, 0x00, 0x00, 0xa8, 0x28, 0xff, 0x3c, 0x00, 0x08
};

const u8 Move_WHIRLPOOL[] = {
    0x00, 0xa5, 0x27, 0x0a, 0x03, 0x28, 0x01, 0x0c, 0x0c, 0x08, 0x04, 0x00, 0x02, 0x7a, 0x01, 0x00, 0x00, 0x80, 0x00, 0xff, 0x04, 0x00, 0x19, 0x9e, 0x00, 0x3f, 0x03, 0x5e, 0x01, 0x00, 0x00, 0x05, 0xff, 0x01, 0x00, 0x0e, 0x34, 0x03, 0x00, 0x00, 0x0e, 0x34, 0x03, 0x00, 0x00, 0x0e, 0x34, 0x03, 0x00, 0x00, 0x04, 0x0c, 0x02, 0x7a, 0x01, 0x00, 0x00, 0x80, 0x00, 0xff, 0x04, 0x00, 0x05, 0x0b, 0x03, 0x08
};

const u8 WhirlpoolEffect[] = {
    0x02, 0x35, 0x03, 0x00, 0x00, 0x82, 0x02, 0xff, 0x00, 0x00, 0x04, 0x02, 0x02, 0x35, 0x03, 0x00, 0x00, 0x82, 0x02, 0xff, 0x00, 0x00, 0x04, 0x02, 0x02, 0x35, 0x03, 0x00, 0x00, 0x82, 0x02, 0xff, 0x00, 0x00, 0x04, 0x02, 0x02, 0x35, 0x03, 0x00, 0x00, 0x82, 0x02, 0xff, 0x00, 0x00, 0x04, 0x02, 0x02, 0x35, 0x03, 0x00, 0x00, 0x82, 0x02, 0xff, 0x00, 0x00, 0x04, 0x02, 0x02, 0x35, 0x03, 0x00, 0x00, 0x82, 0x02, 0xff, 0x00, 0x00, 0x04, 0x02, 0x0f
};

const u8 Move_FLY[] = {
    0x00, 0xac, 0x27, 0x00, 0x97, 0x27, 0x11, 0x36, 0x03, 0x00, 0x00, 0x37, 0x03, 0x00, 0x00
};

const u8 FlyEnd[] = {
    0x05, 0x08
};

const u8 FlySetUp[] = {
    0x19, 0x97, 0x00, 0xc0, 0x02, 0x38, 0x03, 0x00, 0x00, 0x82, 0x02, 0xff, 0x00, 0x00, 0x13, 0x39, 0x03, 0x00, 0x00
};

const u8 FlyUnleash[] = {
    0x0a, 0x03, 0x0c, 0x0c, 0x08, 0x19, 0x80, 0x00, 0xc0, 0x02, 0x3a, 0x03, 0x00, 0x00, 0x82, 0x02, 0xff, 0x14, 0x00, 0x04, 0x14, 0x02, 0x5d, 0x01, 0x00, 0x00, 0x82, 0x02, 0xff, 0x00, 0x00, 0x03, 0x5e, 0x01, 0x00, 0x00, 0x05, 0xff, 0x01, 0x00, 0x19, 0x81, 0x00, 0x3f, 0x05, 0x0b, 0x03, 0x0d, 0x13, 0x39, 0x03, 0x00, 0x00
};

const u8 Move_BOUNCE[] = {
    0x00, 0xac, 0x27, 0x00, 0x97, 0x27, 0x11, 0x3b, 0x03, 0x00, 0x00, 0x3c, 0x03, 0x00, 0x00
};

const u8 BounceEnd[] = {
    0x08
};

const u8 BounceSetUp[] = {
    0x19, 0xc4, 0x00, 0xc0, 0x02, 0x3d, 0x03, 0x00, 0x00, 0x82, 0x02, 0xff, 0x00, 0x00, 0x13, 0x3e, 0x03, 0x00, 0x00
};

const u8 BounceUnleash[] = {
    0x0a, 0x03, 0x0c, 0x0c, 0x08, 0x19, 0xba, 0x00, 0x3f, 0x02, 0x3f, 0x03, 0x00, 0x00, 0x83, 0x03, 0x00, 0x04, 0x07, 0x19, 0x86, 0x00, 0x3f, 0x02, 0x5d, 0x01, 0x00, 0x00, 0x82, 0x02, 0xff, 0x00, 0x00, 0x03, 0x5e, 0x01, 0x00, 0x00, 0x05, 0xff, 0x01, 0x00, 0x05, 0x0b, 0x03, 0x0d, 0x13, 0x3e, 0x03, 0x00, 0x00
};

const u8 Move_KARATE_CHOP[] = {
    0x00, 0x9f, 0x27, 0x00, 0x97, 0x27, 0x0a, 0x03, 0x28, 0x01, 0x0c, 0x0c, 0x08, 0x19, 0x80, 0x00, 0x3f, 0x02, 0x40, 0x03, 0x00, 0x00, 0x82, 0x02, 0xff, 0xf0, 0xff, 0x05, 0x19, 0x84, 0x00, 0x3f, 0x02, 0x5d, 0x01, 0x00, 0x00, 0x83, 0x03, 0xff, 0x00, 0x00, 0x03, 0x5e, 0x01, 0x00, 0x00, 0x05, 0xff, 0x01, 0x00, 0x05, 0x0b, 0x03, 0x0d, 0x08
};

const u8 Move_CROSS_CHOP[] = {
    0x00, 0x9f, 0x27, 0x00, 0x2d, 0x28, 0x0a, 0x03, 0x0c, 0x0c, 0x08, 0x19, 0x85, 0x00, 0x3f, 0x02, 0x41, 0x03, 0x00, 0x00, 0x82, 0x02, 0xff, 0x00, 0x00, 0x02, 0x41, 0x03, 0x00, 0x00, 0x82, 0x02, 0xff, 0x00, 0x00, 0x04, 0x28, 0x19, 0x81, 0x00, 0x3f, 0x02, 0x79, 0x01, 0x00, 0x00, 0x82, 0x02, 0xff, 0x1f, 0x00, 0x02, 0xc0, 0x02, 0x00, 0x00, 0x83, 0x03, 0xff, 0x00, 0x00, 0x03, 0x5e, 0x01, 0x00, 0x00, 0x05, 0xff, 0x01, 0x00, 0x05, 0x0b, 0x03, 0x0d, 0x08
};

const u8 Move_JUMP_KICK[] = {
    0x00, 0x9f, 0x27, 0x00, 0x97, 0x27, 0x0a, 0x03, 0x0c, 0x0c, 0x08, 0x02, 0x6a, 0x01, 0x00, 0x00, 0x82, 0x02, 0xff, 0x04, 0x00, 0x04, 0x03, 0x02, 0x42, 0x03, 0x00, 0x00, 0x82, 0x02, 0xff, 0xf0, 0xff, 0x19, 0x88, 0x00, 0x3f, 0x05, 0x02, 0x5d, 0x01, 0x00, 0x00, 0x81, 0x01, 0xff, 0x00, 0x00, 0x03, 0x5e, 0x01, 0x00, 0x00, 0x05, 0xff, 0x01, 0x00, 0x19, 0x84, 0x00, 0x3f, 0x05, 0x0b, 0x03, 0x0d, 0x08
};

const u8 Move_HI_JUMP_KICK[] = {
    0x00, 0x9f, 0x27, 0x00, 0x97, 0x27, 0x0a, 0x03, 0x0c, 0x0c, 0x08, 0x02, 0x6c, 0x01, 0x00, 0x00, 0x82, 0x02, 0xff, 0x00, 0x00, 0x05, 0x04, 0x0a, 0x02, 0x68, 0x01, 0x00, 0x00, 0x82, 0x02, 0xff, 0x00, 0x00, 0x04, 0x02, 0x02, 0x42, 0x03, 0x00, 0x00, 0x82, 0x02, 0xff, 0xf0, 0xff, 0x19, 0x88, 0x00, 0x3f, 0x05, 0x02, 0x5d, 0x01, 0x00, 0x00, 0x82, 0x02, 0xff, 0x00, 0x00, 0x19, 0x74, 0x00, 0x3f, 0x02, 0x6c, 0x01, 0x00, 0x00, 0x82, 0x02, 0xff, 0x01, 0x00, 0x04, 0x03, 0x03, 0x6d, 0x01, 0x00, 0x00, 0x02, 0xff, 0x01, 0x00, 0x05, 0x04, 0x05, 0x02, 0x68, 0x01, 0x00, 0x00, 0x82, 0x02, 0xff, 0x01, 0x00, 0x05, 0x0b, 0x03, 0x0d, 0x08
};

const u8 Move_DOUBLE_KICK[] = {
    0x00, 0x9f, 0x27, 0x00, 0x97, 0x27, 0x0a, 0x03, 0x0c, 0x0c, 0x08, 0x02, 0x08, 0x02, 0x00, 0x00, 0x83, 0x03, 0xff, 0x01, 0x00, 0x03, 0x5e, 0x01, 0x00, 0x00, 0x05, 0xff, 0x01, 0x00, 0x19, 0x74, 0x00, 0x3f, 0x05, 0x05, 0x0b, 0x03, 0x0d, 0x08
};

const u8 Move_TRIPLE_KICK[] = {
    0x00, 0x9f, 0x27, 0x00, 0x97, 0x27, 0x0a, 0x03, 0x0c, 0x0c, 0x08, 0x19, 0x74, 0x00, 0x3f, 0x12, 0x00, 0x43, 0x03, 0x00, 0x00, 0x12, 0x01, 0x44, 0x03, 0x00, 0x00, 0x13, 0x45, 0x03, 0x00, 0x00
};

const u8 TripleKickContinue[] = {
    0x05, 0x0b, 0x03, 0x0d, 0x08
};

const u8 TripleKickLeft[] = {
    0x02, 0x93, 0x01, 0x00, 0x00, 0x84, 0x04, 0xff, 0xf0, 0xff, 0x02, 0x5d, 0x01, 0x00, 0x00, 0x83, 0x03, 0xff, 0xf0, 0xff, 0x03, 0x5e, 0x01, 0x00, 0x00, 0x05, 0xff, 0x01, 0x00, 0x13, 0x46, 0x03, 0x00, 0x00
};

const u8 TripleKickRight[] = {
    0x02, 0x93, 0x01, 0x00, 0x00, 0x84, 0x04, 0xff, 0x08, 0x00, 0x02, 0x5d, 0x01, 0x00, 0x00, 0x83, 0x03, 0xff, 0x08, 0x00, 0x03, 0x5e, 0x01, 0x00, 0x00, 0x05, 0xff, 0x01, 0x00, 0x13, 0x46, 0x03, 0x00, 0x00
};

const u8 TripleKickCenter[] = {
    0x02, 0x93, 0x01, 0x00, 0x00, 0x84, 0x04, 0xff, 0x00, 0x00, 0x02, 0x5d, 0x01, 0x00, 0x00, 0x83, 0x03, 0xff, 0x00, 0x00, 0x03, 0x5e, 0x01, 0x00, 0x00, 0x05, 0xff, 0x01, 0x00, 0x13, 0x46, 0x03, 0x00, 0x00
};

const u8 Move_DYNAMIC_PUNCH[] = {
    0x00, 0x9f, 0x27, 0x00, 0x97, 0x27, 0x00, 0xd6, 0x27, 0x00, 0x17, 0x27, 0x04, 0x01, 0x0a, 0x03, 0x0c, 0x0c, 0x08, 0x19, 0x74, 0x00, 0x3f, 0x02, 0x93, 0x01, 0x00, 0x00, 0x83, 0x03, 0xff, 0x00, 0x00, 0x02, 0x5d, 0x01, 0x00, 0x00, 0x82, 0x02, 0xff, 0x00, 0x00, 0x03, 0x5e, 0x01, 0x00, 0x00, 0x05, 0xff, 0x01, 0x00, 0x04, 0x01, 0x20, 0x19, 0xaa, 0x00, 0x3f, 0x03, 0x66, 0x01, 0x00, 0x00, 0x05, 0xff, 0x01, 0x00, 0x02, 0xbd, 0x01, 0x00, 0x00, 0x83, 0x03, 0xff, 0x00, 0x00, 0x04, 0x06, 0x19, 0xaa, 0x00, 0x3f, 0x02, 0xbd, 0x01, 0x00, 0x00, 0x83, 0x03, 0xff, 0x18, 0x00, 0x04, 0x06, 0x19, 0xaa, 0x00, 0x3f, 0x02, 0xbd, 0x01, 0x00, 0x00, 0x83, 0x03, 0xff, 0xf0, 0xff, 0x04, 0x06, 0x19, 0xaa, 0x00, 0x3f, 0x02, 0xbd, 0x01, 0x00, 0x00, 0x83, 0x03, 0xff, 0xe8, 0xff, 0x04, 0x06, 0x19, 0xaa, 0x00, 0x3f, 0x02, 0xbd, 0x01, 0x00, 0x00, 0x83, 0x03, 0xff, 0x10, 0x00, 0x05, 0x0b, 0x03, 0x0d, 0x08
};

const u8 Move_COUNTER[] = {
    0x00, 0x97, 0x27, 0x00, 0x9f, 0x27, 0x0a, 0x03, 0x0c, 0x0c, 0x08, 0x03, 0x69, 0x01, 0x00, 0x00, 0x02, 0xff, 0x00, 0x00, 0x19, 0x73, 0x00, 0xc0, 0x05, 0x02, 0x6c, 0x01, 0x00, 0x00, 0x82, 0x02, 0xff, 0x00, 0x00, 0x04, 0x04, 0x02, 0x5d, 0x01, 0x00, 0x00, 0x82, 0x02, 0xff, 0xf1, 0xff, 0x19, 0x74, 0x00, 0x3f, 0x04, 0x01, 0x03, 0x5e, 0x01, 0x00, 0x00, 0x02, 0xff, 0x01, 0x00, 0x02, 0x93, 0x01, 0x00, 0x00, 0x83, 0x03, 0xff, 0xf1, 0xff, 0x04, 0x03, 0x02, 0x5d, 0x01, 0x00, 0x00, 0x82, 0x02, 0xff, 0x00, 0x00, 0x19, 0x74, 0x00, 0x3f, 0x04, 0x01, 0x02, 0x93, 0x01, 0x00, 0x00, 0x83, 0x03, 0xff, 0x00, 0x00, 0x04, 0x03, 0x02, 0x5d, 0x01, 0x00, 0x00, 0x82, 0x02, 0xff, 0x0f, 0x00, 0x19, 0x74, 0x00, 0x3f, 0x04, 0x01, 0x02, 0x93, 0x01, 0x00, 0x00, 0x83, 0x03, 0xff, 0x0f, 0x00, 0x04, 0x05, 0x02, 0x68, 0x01, 0x00, 0x00, 0x82, 0x02, 0xff, 0x00, 0x00, 0x05, 0x0b, 0x03, 0x0d, 0x08
};

const u8 Move_VITAL_THROW[] = {
    0x00, 0x97, 0x27, 0x0a, 0x03, 0x0c, 0x0c, 0x08, 0x19, 0x73, 0x00, 0xc0, 0x03, 0x69, 0x01, 0x00, 0x00, 0x02, 0xff, 0x00, 0x00, 0x05, 0x02, 0x6c, 0x01, 0x00, 0x00, 0x82, 0x02, 0xff, 0x00, 0x00, 0x04, 0x02, 0x02, 0x5d, 0x01, 0x00, 0x00, 0x83, 0x03, 0xff, 0x00, 0x00, 0x19, 0x74, 0x00, 0x3f, 0x04, 0x01, 0x02, 0x6c, 0x01, 0x00, 0x00, 0x82, 0x02, 0xff, 0x01, 0x00, 0x05, 0x04, 0x03, 0x02, 0x68, 0x01, 0x00, 0x00, 0x82, 0x02, 0xff, 0x00, 0x00, 0x04, 0x0b, 0x02, 0x68, 0x01, 0x00, 0x00, 0x82, 0x02, 0xff, 0x01, 0x00, 0x05, 0x0b, 0x03, 0x0d, 0x08
};

const u8 Move_ROCK_SMASH[] = {
    0x00, 0x4a, 0x27, 0x00, 0x97, 0x27, 0x00, 0x9f, 0x27, 0x0a, 0x03, 0x0c, 0x0c, 0x08, 0x04, 0x01, 0x02, 0x5d, 0x01, 0x00, 0x00, 0x83, 0x03, 0xff, 0x00, 0x00, 0x02, 0x93, 0x01, 0x00, 0x00, 0x82, 0x02, 0xff, 0x00, 0x00, 0x19, 0x74, 0x00, 0x3f, 0x03, 0x5e, 0x01, 0x00, 0x00, 0x02, 0xff, 0x01, 0x00, 0x05, 0x19, 0x7c, 0x00, 0x3f, 0x02, 0x47, 0x03, 0x00, 0x00, 0x82, 0x02, 0xff, 0x00, 0x00, 0x02, 0x47, 0x03, 0x00, 0x00, 0x82, 0x02, 0xff, 0x05, 0x00, 0x02, 0x47, 0x03, 0x00, 0x00, 0x82, 0x02, 0xff, 0x00, 0x00, 0x02, 0x47, 0x03, 0x00, 0x00, 0x82, 0x02, 0xff, 0xfb, 0xff, 0x02, 0x47, 0x03, 0x00, 0x00, 0x82, 0x02, 0xff, 0x00, 0x00, 0x02, 0x47, 0x03, 0x00, 0x00, 0x82, 0x02, 0xff, 0x00, 0x00, 0x02, 0x47, 0x03, 0x00, 0x00, 0x82, 0x02, 0xff, 0x00, 0x00, 0x02, 0x47, 0x03, 0x00, 0x00, 0x82, 0x02, 0xff, 0x00, 0x00, 0x03, 0x5e, 0x01, 0x00, 0x00, 0x02, 0xff, 0x01, 0x00, 0x05, 0x0b, 0x03, 0x0d, 0x08
};

const u8 Move_SUBMISSION[] = {
    0x00, 0x97, 0x27, 0x0a, 0x03, 0x0c, 0x0c, 0x08, 0x19, 0x80, 0x00, 0xc0, 0x1d, 0x84, 0x00, 0x3f, 0x0a, 0x1d, 0x80, 0x00, 0xc0, 0x14, 0x1d, 0x84, 0x00, 0x3f, 0x1e, 0x1d, 0x80, 0x00, 0xc0, 0x28, 0x1d, 0x84, 0x00, 0x3f, 0x32, 0x1d, 0x80, 0x00, 0xc0, 0x3c, 0x1d, 0x84, 0x00, 0x3f, 0x46, 0x1d, 0x80, 0x00, 0xc0, 0x50, 0x1d, 0x84, 0x00, 0x3f, 0x5a, 0x03, 0x2a, 0x03, 0x00, 0x00, 0x02, 0xff, 0x00, 0x00, 0x03, 0x2a, 0x03, 0x00, 0x00, 0x02, 0xff, 0x01, 0x00, 0x0e, 0x48, 0x03, 0x00, 0x00, 0x0e, 0x48, 0x03, 0x00, 0x00, 0x0e, 0x48, 0x03, 0x00, 0x00, 0x05, 0x0b, 0x03, 0x0d, 0x08
};

const u8 SubmissionHit[] = {
    0x02, 0x5d, 0x01, 0x00, 0x00, 0x83, 0x03, 0xff, 0x00, 0x00, 0x04, 0x08, 0x02, 0x5d, 0x01, 0x00, 0x00, 0x83, 0x03, 0xff, 0xf4, 0xff, 0x04, 0x08, 0x02, 0x5d, 0x01, 0x00, 0x00, 0x83, 0x03, 0xff, 0x0c, 0x00, 0x04, 0x08, 0x0f
};

const u8 Move_SUNNY_DAY[] = {
    0x00, 0xad, 0x27, 0x0a, 0x02, 0x0c, 0x0d, 0x03, 0x03, 0x81, 0x01, 0x00, 0x00, 0x0a, 0xff, 0x81, 0x07, 0x05, 0x26, 0xc3, 0x00, 0xc0, 0x3f, 0x01, 0x00, 0x0e, 0x49, 0x03, 0x00, 0x00, 0x0e, 0x49, 0x03, 0x00, 0x00, 0x0e, 0x49, 0x03, 0x00, 0x00, 0x0e, 0x49, 0x03, 0x00, 0x00, 0x05, 0x03, 0x81, 0x01, 0x00, 0x00, 0x0a, 0xff, 0x81, 0x07, 0x05, 0x0b, 0x02, 0x0d, 0x08
};

const u8 SunnyDayLightRay[] = {
    0x02, 0x4a, 0x03, 0x00, 0x00, 0xa8, 0x28, 0x00, 0x04, 0x06, 0x0f
};

const u8 Move_COTTON_SPORE[] = {
    0x00, 0xae, 0x27, 0x0a, 0x03, 0x28, 0x01, 0x1c, 0xa2, 0x00, 0x3f, 0x12, 0x0a, 0x0e, 0x4b, 0x03, 0x00, 0x00, 0x0e, 0x4b, 0x03, 0x00, 0x00, 0x0e, 0x4b, 0x03, 0x00, 0x00, 0x05, 0x0b, 0x03, 0x08
};

const u8 CreateCottonSpores[] = {
    0x02, 0x4c, 0x03, 0x00, 0x00, 0x82, 0x02, 0xff, 0x00, 0x00, 0x04, 0x0c, 0x02, 0x4c, 0x03, 0x00, 0x00, 0x82, 0x02, 0xff, 0x00, 0x00, 0x04, 0x0c, 0x02, 0x4c, 0x03, 0x00, 0x00, 0x82, 0x02, 0xff, 0x00, 0x00, 0x04, 0x0c, 0x0f
};

const u8 Move_SPORE[] = {
    0x00, 0xae, 0x27, 0x0a, 0x03, 0x0c, 0x0c, 0x08, 0x03, 0x4d, 0x03, 0x00, 0x00, 0x02, 0x00, 0x1c, 0xa2, 0x00, 0x3f, 0x10, 0x0b, 0x0e, 0x4e, 0x03, 0x00, 0x00, 0x0e, 0x4e, 0x03, 0x00, 0x00, 0x0e, 0x4e, 0x03, 0x00, 0x00, 0x05, 0x04, 0x01, 0x0b, 0x03, 0x0d, 0x08
};

const u8 CreateSpore[] = {
    0x02, 0x4c, 0x03, 0x00, 0x00, 0x82, 0x02, 0xff, 0x00, 0x00, 0x04, 0x0c, 0x02, 0x4c, 0x03, 0x00, 0x00, 0x82, 0x02, 0xff, 0x00, 0x00, 0x04, 0x0c, 0x02, 0x4c, 0x03, 0x00, 0x00, 0x82, 0x02, 0xff, 0x00, 0x00, 0x04, 0x0c, 0x0f
};

const u8 Move_PETAL_DANCE[] = {
    0x00, 0xaf, 0x27, 0x00, 0x97, 0x27, 0x0a, 0x03, 0x0c, 0x0c, 0x08, 0x19, 0xc3, 0x00, 0xc0, 0x03, 0x69, 0x01, 0x00, 0x00, 0x02, 0xff, 0x00, 0x00, 0x02, 0x4f, 0x03, 0x00, 0x00, 0x82, 0x02, 0xff, 0x00, 0x00, 0x02, 0x50, 0x03, 0x00, 0x00, 0x82, 0x02, 0xff, 0x10, 0x00, 0x02, 0x50, 0x03, 0x00, 0x00, 0x82, 0x02, 0xff, 0xf0, 0xff, 0x04, 0x0f, 0x02, 0x4f, 0x03, 0x00, 0x00, 0x82, 0x02, 0xff, 0x00, 0x00, 0x02, 0x50, 0x03, 0x00, 0x00, 0x82, 0x02, 0xff, 0x20, 0x00, 0x02, 0x50, 0x03, 0x00, 0x00, 0x82, 0x02, 0xff, 0xe0, 0xff, 0x04, 0x0f, 0x02, 0x4f, 0x03, 0x00, 0x00, 0x82, 0x02, 0xff, 0x00, 0x00, 0x02, 0x50, 0x03, 0x00, 0x00, 0x82, 0x02, 0xff, 0x18, 0x00, 0x02, 0x50, 0x03, 0x00, 0x00, 0x82, 0x02, 0xff, 0xe8, 0xff, 0x04, 0x1e, 0x02, 0x50, 0x03, 0x00, 0x00, 0x82, 0x02, 0xff, 0x10, 0x00, 0x02, 0x50, 0x03, 0x00, 0x00, 0x82, 0x02, 0xff, 0xf0, 0xff, 0x04, 0x1e, 0x02, 0x50, 0x03, 0x00, 0x00, 0x82, 0x02, 0xff, 0x14, 0x00, 0x02, 0x50, 0x03, 0x00, 0x00, 0x82, 0x02, 0xff, 0xec, 0xff, 0x05, 0x02, 0x6c, 0x01, 0x00, 0x00, 0x82, 0x02, 0xff, 0x00, 0x00, 0x04, 0x03, 0x19, 0x86, 0x00, 0x3f, 0x02, 0x5d, 0x01, 0x00, 0x00, 0x83, 0x03, 0xff, 0x00, 0x00, 0x03, 0x5e, 0x01, 0x00, 0x00, 0x02, 0xff, 0x01, 0x00, 0x05, 0x04, 0x08, 0x02, 0x68, 0x01, 0x00, 0x00, 0x82, 0x02, 0xff, 0x00, 0x00, 0x05, 0x0b, 0x03, 0x0d, 0x08
};

const u8 Move_RAZOR_LEAF[] = {
    0x00, 0x4f, 0x27, 0x00, 0xb0, 0x27, 0x00, 0x97, 0x27, 0x0a, 0x03, 0x0c, 0x0c, 0x08, 0x04, 0x01, 0x1c, 0xa2, 0x00, 0xc0, 0x0a, 0x05, 0x02, 0x51, 0x03, 0x00, 0x00, 0x82, 0x02, 0xff, 0xfd, 0xff, 0x04, 0x02, 0x02, 0x51, 0x03, 0x00, 0x00, 0x82, 0x02, 0xff, 0xff, 0xff, 0x04, 0x02, 0x02, 0x51, 0x03, 0x00, 0x00, 0x82, 0x02, 0xff, 0xfc, 0xff, 0x04, 0x02, 0x02, 0x51, 0x03, 0x00, 0x00, 0x82, 0x02, 0xff, 0x03, 0x00, 0x04, 0x02, 0x02, 0x51, 0x03, 0x00, 0x00, 0x82, 0x02, 0xff, 0xff, 0xff, 0x04, 0x02, 0x02, 0x51, 0x03, 0x00, 0x00, 0x82, 0x02, 0xff, 0x02, 0x00, 0x04, 0x02, 0x02, 0x51, 0x03, 0x00, 0x00, 0x82, 0x02, 0xff, 0xfd, 0xff, 0x04, 0x02, 0x02, 0x51, 0x03, 0x00, 0x00, 0x82, 0x02, 0xff, 0x04, 0x00, 0x04, 0x02, 0x02, 0x51, 0x03, 0x00, 0x00, 0x82, 0x02, 0xff, 0x02, 0x00, 0x04, 0x02, 0x02, 0x51, 0x03, 0x00, 0x00, 0x82, 0x02, 0xff, 0xfd, 0xff, 0x04, 0x3c, 0x19, 0x99, 0x00, 0xc0, 0x02, 0x52, 0x03, 0x00, 0x00, 0x83, 0x03, 0xff, 0x14, 0x00, 0x02, 0x52, 0x03, 0x00, 0x00, 0x83, 0x03, 0xff, 0x14, 0x00, 0x04, 0x14, 0x19, 0x81, 0x00, 0x3f, 0x03, 0x66, 0x01, 0x00, 0x00, 0x02, 0xff, 0x01, 0x00, 0x03, 0x66, 0x01, 0x00, 0x00, 0x02, 0xff, 0x03, 0x00, 0x05, 0x0b, 0x03, 0x0d, 0x08
};

const u8 Move_NATURE_POWER[] = {
    
};

const u8 Move_ANCIENT_POWER[] = {
    0x00, 0x4a, 0x27, 0x00, 0x97, 0x27, 0x0a, 0x03, 0x0c, 0x0c, 0x08, 0x02, 0xed, 0x01, 0x00, 0x00, 0x82, 0x02, 0xff, 0x04, 0x00, 0x02, 0x53, 0x03, 0x00, 0x00, 0x82, 0x02, 0xff, 0x14, 0x00, 0x02, 0x53, 0x03, 0x00, 0x00, 0x82, 0x02, 0xff, 0x00, 0x00, 0x02, 0x53, 0x03, 0x00, 0x00, 0x82, 0x02, 0xff, 0x20, 0x00, 0x02, 0x53, 0x03, 0x00, 0x00, 0x82, 0x02, 0xff, 0xec, 0xff, 0x02, 0x53, 0x03, 0x00, 0x00, 0x82, 0x02, 0xff, 0x14, 0x00, 0x02, 0x53, 0x03, 0x00, 0x00, 0x82, 0x02, 0xff, 0x00, 0x00, 0x03, 0x66, 0x01, 0x00, 0x00, 0x02, 0xff, 0x00, 0x00, 0x19, 0xa4, 0x00, 0xc0, 0x04, 0x0a, 0x02, 0x53, 0x03, 0x00, 0x00, 0x82, 0x02, 0xff, 0x0f, 0x00, 0x02, 0x53, 0x03, 0x00, 0x00, 0x82, 0x02, 0xff, 0xf6, 0xff, 0x04, 0x0a, 0x02, 0x53, 0x03, 0x00, 0x00, 0x82, 0x02, 0xff, 0x00, 0x00, 0x02, 0x53, 0x03, 0x00, 0x00, 0x82, 0x02, 0xff, 0xe7, 0xff, 0x05, 0x02, 0x6c, 0x01, 0x00, 0x00, 0x82, 0x02, 0xff, 0x00, 0x00, 0x04, 0x03, 0x19, 0xaa, 0x00, 0x3f, 0x02, 0x5d, 0x01, 0x00, 0x00, 0x83, 0x03, 0xff, 0x00, 0x00, 0x03, 0x66, 0x01, 0x00, 0x00, 0x02, 0xff, 0x01, 0x00, 0x05, 0x02, 0x68, 0x01, 0x00, 0x00, 0x82, 0x02, 0xff, 0x00, 0x00, 0x05, 0x0b, 0x03, 0x0d, 0x08
};

const u8 Move_OCTAZOOKA[] = {
    0x00, 0x2e, 0x27, 0x00, 0x21, 0x27, 0x19, 0x86, 0x00, 0xc0, 0x02, 0x54, 0x03, 0x00, 0x00, 0x82, 0x02, 0xff, 0x14, 0x00, 0x05, 0x19, 0xaa, 0x00, 0x3f, 0x02, 0x55, 0x03, 0x00, 0x00, 0x82, 0x02, 0xff, 0x08, 0x00, 0x04, 0x02, 0x02, 0x55, 0x03, 0x00, 0x00, 0x82, 0x02, 0xff, 0xf8, 0xff, 0x04, 0x02, 0x02, 0x55, 0x03, 0x00, 0x00, 0x82, 0x02, 0xff, 0x08, 0x00, 0x04, 0x02, 0x02, 0x55, 0x03, 0x00, 0x00, 0x82, 0x02, 0xff, 0xf8, 0xff, 0x05, 0x08
};

const u8 Move_MIST[] = {
    0x00, 0xa0, 0x27, 0x0a, 0x02, 0x0c, 0x0c, 0x08, 0x1c, 0xa1, 0x00, 0xc0, 0x14, 0x0f, 0x0e, 0x56, 0x03, 0x00, 0x00, 0x0e, 0x56, 0x03, 0x00, 0x00, 0x0e, 0x56, 0x03, 0x00, 0x00, 0x0e, 0x56, 0x03, 0x00, 0x00, 0x0e, 0x56, 0x03, 0x00, 0x00, 0x0e, 0x56, 0x03, 0x00, 0x00, 0x0e, 0x56, 0x03, 0x00, 0x00, 0x04, 0x20, 0x03, 0xa5, 0x01, 0x00, 0x00, 0x02, 0xff, 0x0a, 0x00, 0x05, 0x0b, 0x02, 0x0d, 0x08
};

const u8 MistCloud[] = {
    0x02, 0x57, 0x03, 0x00, 0x00, 0x82, 0x02, 0xff, 0x00, 0x00, 0x04, 0x07, 0x0f
};

const u8 Move_HAZE[] = {
    0x05, 0x19, 0xef, 0x00, 0x00, 0x03, 0x58, 0x03, 0x00, 0x00, 0x05, 0x00, 0x04, 0x1e, 0x03, 0x81, 0x01, 0x00, 0x00, 0x0a, 0xff, 0x80, 0x07, 0x04, 0x5a, 0x03, 0x81, 0x01, 0x00, 0x00, 0x0a, 0xff, 0x80, 0x07, 0x08
};

const u8 Move_FIRE_PUNCH[] = {
    0x00, 0x9f, 0x27, 0x00, 0x2d, 0x27, 0x00, 0x97, 0x27, 0x0a, 0x03, 0x0c, 0x0c, 0x08, 0x03, 0x81, 0x01, 0x00, 0x00, 0x0a, 0xff, 0x04, 0x00, 0x02, 0x59, 0x03, 0x00, 0x00, 0x81, 0x01, 0xff, 0x00, 0x00, 0x02, 0x59, 0x03, 0x00, 0x00, 0x81, 0x01, 0xff, 0x40, 0x00, 0x02, 0x59, 0x03, 0x00, 0x00, 0x81, 0x01, 0xff, 0x80, 0x00, 0x02, 0x59, 0x03, 0x00, 0x00, 0x81, 0x01, 0xff, 0xc4, 0x00, 0x19, 0x89, 0x00, 0x3f, 0x05, 0x02, 0x93, 0x01, 0x00, 0x00, 0x83, 0x03, 0xff, 0x00, 0x00, 0x02, 0x5d, 0x01, 0x00, 0x00, 0x82, 0x02, 0xff, 0x00, 0x00, 0x03, 0x5e, 0x01, 0x00, 0x00, 0x02, 0xff, 0x01, 0x00, 0x0e, 0x75, 0x01, 0x00, 0x00, 0x04, 0x04, 0x19, 0x8c, 0x00, 0x3f, 0x05, 0x03, 0x81, 0x01, 0x00, 0x00, 0x0a, 0xff, 0x04, 0x00, 0x05, 0x0b, 0x03, 0x0d, 0x08
};

const u8 FireSpreadEffect[] = {
    0x02, 0x5a, 0x03, 0x00, 0x00, 0x81, 0x01, 0xff, 0x00, 0x00, 0x02, 0x5a, 0x03, 0x00, 0x00, 0x81, 0x01, 0xff, 0x00, 0x00, 0x02, 0x5a, 0x03, 0x00, 0x00, 0x81, 0x01, 0xff, 0x00, 0x00, 0x02, 0x5a, 0x03, 0x00, 0x00, 0x81, 0x01, 0xff, 0x00, 0x00, 0x02, 0x5a, 0x03, 0x00, 0x00, 0x81, 0x01, 0xff, 0x00, 0x00, 0x02, 0x5a, 0x03, 0x00, 0x00, 0x81, 0x01, 0xff, 0x00, 0x00, 0x02, 0x5a, 0x03, 0x00, 0x00, 0x81, 0x01, 0xff, 0x00, 0x00, 0x0f
};

const u8 Move_LEER[] = {
    0x00, 0x2b, 0x27, 0x0a, 0x00, 0x28, 0x00, 0x0c, 0x08, 0x08, 0x19, 0xb9, 0x00, 0xc0, 0x02, 0x5b, 0x03, 0x00, 0x00, 0x82, 0x02, 0xff, 0x18, 0x00, 0x03, 0xa2, 0x01, 0x00, 0x00, 0x05, 0xff, 0xfb, 0xff, 0x05, 0x04, 0x0a, 0x03, 0x66, 0x01, 0x00, 0x00, 0x02, 0xff, 0x01, 0x00, 0x03, 0x66, 0x01, 0x00, 0x00, 0x02, 0xff, 0x03, 0x00, 0x05, 0x0b, 0x00, 0x0d, 0x04, 0x01, 0x05, 0x08
};

const u8 Move_DREAM_EATER[] = {
    0x00, 0xa3, 0x27, 0x00, 0x2f, 0x27, 0x0a, 0x03, 0x2a, 0x01, 0x19, 0xb6, 0x00, 0xc0, 0x0e, 0x18, 0x02, 0x00, 0x00, 0x0c, 0x08, 0x08, 0x19, 0xc5, 0x00, 0x3f, 0x03, 0x5e, 0x01, 0x00, 0x00, 0x02, 0xff, 0x01, 0x00, 0x03, 0xa2, 0x01, 0x00, 0x00, 0x05, 0xff, 0xfa, 0xff, 0x05, 0x0c, 0x0c, 0x08, 0x03, 0x5e, 0x01, 0x00, 0x00, 0x02, 0xff, 0x01, 0x00, 0x0e, 0x5c, 0x03, 0x00, 0x00, 0x05, 0x04, 0x0f, 0x0e, 0x67, 0x02, 0x00, 0x00, 0x05, 0x0b, 0x03, 0x0d, 0x04, 0x01, 0x0e, 0x1a, 0x02, 0x00, 0x00, 0x08
};

const u8 DreamEaterAbsorb[] = {
    0x19, 0xba, 0x00, 0x3f, 0x02, 0x16, 0x03, 0x00, 0x00, 0x83, 0x03, 0xff, 0x00, 0x00, 0x02, 0x16, 0x03, 0x00, 0x00, 0x83, 0x03, 0xff, 0x05, 0x00, 0x02, 0x16, 0x03, 0x00, 0x00, 0x83, 0x03, 0xff, 0xf6, 0xff, 0x04, 0x04, 0x19, 0xba, 0x00, 0x3f, 0x02, 0x16, 0x03, 0x00, 0x00, 0x83, 0x03, 0xff, 0x00, 0x00, 0x02, 0x16, 0x03, 0x00, 0x00, 0x83, 0x03, 0xff, 0x0a, 0x00, 0x02, 0x16, 0x03, 0x00, 0x00, 0x83, 0x03, 0xff, 0xf6, 0xff, 0x04, 0x04, 0x19, 0xba, 0x00, 0x3f, 0x02, 0x16, 0x03, 0x00, 0x00, 0x83, 0x03, 0xff, 0x0a, 0x00, 0x02, 0x16, 0x03, 0x00, 0x00, 0x83, 0x03, 0xff, 0xfb, 0xff, 0x02, 0x16, 0x03, 0x00, 0x00, 0x83, 0x03, 0xff, 0x0a, 0x00, 0x04, 0x04, 0x19, 0xba, 0x00, 0x3f, 0x02, 0x16, 0x03, 0x00, 0x00, 0x83, 0x03, 0xff, 0x00, 0x00, 0x02, 0x16, 0x03, 0x00, 0x00, 0x83, 0x03, 0xff, 0x00, 0x00, 0x02, 0x16, 0x03, 0x00, 0x00, 0x83, 0x03, 0xff, 0x0a, 0x00, 0x04, 0x04, 0x19, 0xba, 0x00, 0x3f, 0x02, 0x16, 0x03, 0x00, 0x00, 0x83, 0x03, 0xff, 0xfb, 0xff, 0x02, 0x16, 0x03, 0x00, 0x00, 0x83, 0x03, 0xff, 0x00, 0x00, 0x02, 0x16, 0x03, 0x00, 0x00, 0x83, 0x03, 0xff, 0x00, 0x00, 0x04, 0x04, 0x19, 0xba, 0x00, 0x3f, 0x02, 0x16, 0x03, 0x00, 0x00, 0x83, 0x03, 0xff, 0x00, 0x00, 0x02, 0x16, 0x03, 0x00, 0x00, 0x83, 0x03, 0xff, 0xfb, 0xff, 0x02, 0x16, 0x03, 0x00, 0x00, 0x83, 0x03, 0xff, 0x0a, 0x00, 0x04, 0x04, 0x19, 0xba, 0x00, 0x3f, 0x02, 0x16, 0x03, 0x00, 0x00, 0x83, 0x03, 0xff, 0xfb, 0xff, 0x02, 0x16, 0x03, 0x00, 0x00, 0x83, 0x03, 0xff, 0x0a, 0x00, 0x02, 0x16, 0x03, 0x00, 0x00, 0x83, 0x03, 0xff, 0xf6, 0xff, 0x04, 0x04, 0x19, 0xba, 0x00, 0x3f, 0x02, 0x16, 0x03, 0x00, 0x00, 0x83, 0x03, 0xff, 0x00, 0x00, 0x02, 0x16, 0x03, 0x00, 0x00, 0x83, 0x03, 0xff, 0x00, 0x00, 0x02, 0x16, 0x03, 0x00, 0x00, 0x83, 0x03, 0xff, 0x05, 0x00, 0x04, 0x04, 0x0f
};

const u8 Move_POISON_GAS[] = {
    0x00, 0xbc, 0x27, 0x00, 0xa6, 0x27, 0x04, 0x00, 0x0a, 0x03, 0x29, 0x0c, 0x0c, 0x08, 0x04, 0x00, 0x19, 0xa1, 0x00, 0xc0, 0x02, 0x5d, 0x03, 0x00, 0x00, 0x80, 0x00, 0xff, 0x40, 0x00, 0x04, 0x04, 0x19, 0xa1, 0x00, 0xc0, 0x02, 0x5d, 0x03, 0x00, 0x00, 0x80, 0x00, 0xff, 0x40, 0x00, 0x04, 0x04, 0x19, 0xa1, 0x00, 0xc0, 0x02, 0x5d, 0x03, 0x00, 0x00, 0x80, 0x00, 0xff, 0x40, 0x00, 0x04, 0x04, 0x19, 0xa1, 0x00, 0xc0, 0x02, 0x5d, 0x03, 0x00, 0x00, 0x80, 0x00, 0xff, 0x40, 0x00, 0x04, 0x04, 0x19, 0xa1, 0x00, 0xc0, 0x02, 0x5d, 0x03, 0x00, 0x00, 0x80, 0x00, 0xff, 0x40, 0x00, 0x04, 0x04, 0x19, 0xa1, 0x00, 0xc0, 0x02, 0x5d, 0x03, 0x00, 0x00, 0x80, 0x00, 0xff, 0x40, 0x00, 0x04, 0x28, 0x1c, 0xa1, 0x00, 0x3f, 0x1c, 0x06, 0x03, 0xa5, 0x01, 0x00, 0x00, 0x02, 0xff, 0x04, 0x00, 0x05, 0x0d, 0x0b, 0x03, 0x04, 0x00, 0x08
};

const u8 Move_BIND[] = {
    0x03, 0x71, 0x01, 0x00, 0x00, 0x05, 0xff, 0x00, 0x00, 0x13, 0x5e, 0x03, 0x00, 0x00
};

const u8 BindWrap[] = {
    0x19, 0xa3, 0x00, 0x3f, 0x0e, 0x5f, 0x03, 0x00, 0x00, 0x0e, 0x5f, 0x03, 0x00, 0x00, 0x05, 0x08
};

const u8 BindWrapSqueezeTarget[] = {
    0x03, 0xa2, 0x01, 0x00, 0x00, 0x05, 0xff, 0x0a, 0x00, 0x04, 0x10, 0x0f
};

const u8 Move_WRAP[] = {
    0x03, 0x69, 0x01, 0x00, 0x00, 0x02, 0xff, 0x00, 0x00, 0x13, 0x5e, 0x03, 0x00, 0x00
};

const u8 Move_PSYBEAM[] = {
    0x00, 0xb3, 0x27, 0x19, 0xb6, 0x00, 0xc0, 0x0e, 0x18, 0x02, 0x00, 0x00, 0x1f, 0xf5, 0x02, 0x00, 0x00, 0xff, 0xc1, 0x00, 0x0e, 0x60, 0x03, 0x00, 0x00, 0x0e, 0x60, 0x03, 0x00, 0x00, 0x03, 0x71, 0x01, 0x00, 0x00, 0x05, 0xff, 0x00, 0x00, 0x03, 0xa5, 0x01, 0x00, 0x00, 0x02, 0xff, 0x04, 0x00, 0x0e, 0x60, 0x03, 0x00, 0x00, 0x0e, 0x60, 0x03, 0x00, 0x00, 0x0e, 0x60, 0x03, 0x00, 0x00, 0x0e, 0x60, 0x03, 0x00, 0x00, 0x0e, 0x60, 0x03, 0x00, 0x00, 0x0e, 0x60, 0x03, 0x00, 0x00, 0x0e, 0x60, 0x03, 0x00, 0x00, 0x0e, 0x60, 0x03, 0x00, 0x00, 0x0e, 0x60, 0x03, 0x00, 0x00, 0x05, 0x04, 0x01, 0x0e, 0x1a, 0x02, 0x00, 0x00, 0x08
};

const u8 PsybeamRings[] = {
    0x02, 0x61, 0x03, 0x00, 0x00, 0x82, 0x02, 0xff, 0x10, 0x00, 0x04, 0x04, 0x0f
};

const u8 Move_HYPNOSIS[] = {
    0x00, 0xb3, 0x27, 0x0e, 0x18, 0x02, 0x00, 0x00, 0x0e, 0x62, 0x03, 0x00, 0x00, 0x0e, 0x62, 0x03, 0x00, 0x00, 0x0e, 0x62, 0x03, 0x00, 0x00, 0x03, 0xa5, 0x01, 0x00, 0x00, 0x02, 0xff, 0x04, 0x00, 0x05, 0x04, 0x01, 0x0e, 0x1a, 0x02, 0x00, 0x00, 0x08
};

const u8 HypnosisRings[] = {
    0x19, 0xb1, 0x00, 0xc0, 0x02, 0x61, 0x03, 0x00, 0x00, 0x82, 0x02, 0xff, 0x00, 0x00, 0x02, 0x61, 0x03, 0x00, 0x00, 0x82, 0x02, 0xff, 0x10, 0x00, 0x04, 0x06, 0x0f
};

const u8 Move_PSYWAVE[] = {
    0x00, 0xb5, 0x27, 0x19, 0xb6, 0x00, 0xc0, 0x0e, 0x18, 0x02, 0x00, 0x00, 0x03, 0x0e, 0x03, 0x00, 0x00, 0x05, 0xff, 0x64, 0x00, 0x1f, 0xf5, 0x02, 0x00, 0x00, 0xff, 0xc4, 0x00, 0x0e, 0x63, 0x03, 0x00, 0x00, 0x0e, 0x63, 0x03, 0x00, 0x00, 0x03, 0xa5, 0x01, 0x00, 0x00, 0x02, 0xff, 0x04, 0x00, 0x0e, 0x63, 0x03, 0x00, 0x00, 0x0e, 0x63, 0x03, 0x00, 0x00, 0x0e, 0x63, 0x03, 0x00, 0x00, 0x0e, 0x63, 0x03, 0x00, 0x00, 0x05, 0x04, 0x01, 0x0e, 0x1a, 0x02, 0x00, 0x00, 0x08
};

const u8 PsywaveRings[] = {
    0x02, 0x64, 0x03, 0x00, 0x00, 0x83, 0x03, 0xff, 0x0a, 0x00, 0x04, 0x04, 0x02, 0x64, 0x03, 0x00, 0x00, 0x83, 0x03, 0xff, 0x0a, 0x00, 0x04, 0x04, 0x0f
};

const u8 Move_ZAP_CANNON[] = {
    0x00, 0xbb, 0x27, 0x00, 0x1b, 0x27, 0x19, 0x83, 0x00, 0xc0, 0x02, 0x65, 0x03, 0x00, 0x00, 0x83, 0x03, 0xff, 0x0a, 0x00, 0x02, 0x66, 0x03, 0x00, 0x00, 0x84, 0x04, 0xff, 0x0a, 0x00, 0x02, 0x66, 0x03, 0x00, 0x00, 0x84, 0x04, 0xff, 0x0a, 0x00, 0x02, 0x66, 0x03, 0x00, 0x00, 0x84, 0x04, 0xff, 0x0a, 0x00, 0x02, 0x66, 0x03, 0x00, 0x00, 0x84, 0x04, 0xff, 0x0a, 0x00, 0x02, 0x66, 0x03, 0x00, 0x00, 0x84, 0x04, 0xff, 0x0a, 0x00, 0x02, 0x66, 0x03, 0x00, 0x00, 0x84, 0x04, 0xff, 0x0a, 0x00, 0x02, 0x66, 0x03, 0x00, 0x00, 0x84, 0x04, 0xff, 0x0a, 0x00, 0x02, 0x66, 0x03, 0x00, 0x00, 0x84, 0x04, 0xff, 0x0a, 0x00, 0x05, 0x03, 0x66, 0x01, 0x00, 0x00, 0x02, 0xff, 0x01, 0x00, 0x04, 0x0f, 0x1d, 0x70, 0x00, 0x3f, 0x13, 0x0e, 0x99, 0x01, 0x00, 0x00, 0x05, 0x08
};

const u8 Move_STEEL_WING[] = {
    0x00, 0x19, 0x27, 0x00, 0x97, 0x27, 0x1c, 0x71, 0x00, 0xc0, 0x1c, 0x02, 0x03, 0xb5, 0x02, 0x00, 0x00, 0x05, 0xff, 0x00, 0x00, 0x05, 0x0a, 0x03, 0x28, 0x01, 0x0c, 0x0c, 0x08, 0x1c, 0x96, 0x00, 0xc0, 0x14, 0x02, 0x03, 0x2a, 0x03, 0x00, 0x00, 0x02, 0xff, 0x00, 0x00, 0x03, 0x29, 0x03, 0x00, 0x00, 0x05, 0xff, 0x01, 0x00, 0x02, 0x2b, 0x03, 0x00, 0x00, 0x82, 0x02, 0xff, 0xe7, 0xff, 0x02, 0x2b, 0x03, 0x00, 0x00, 0x82, 0x02, 0xff, 0x19, 0x00, 0x04, 0x18, 0x02, 0x6c, 0x01, 0x00, 0x00, 0x82, 0x02, 0xff, 0x00, 0x00, 0x04, 0x11, 0x02, 0x5d, 0x01, 0x00, 0x00, 0x82, 0x02, 0xff, 0x10, 0x00, 0x02, 0x5d, 0x01, 0x00, 0x00, 0x82, 0x02, 0xff, 0xf0, 0xff, 0x19, 0x81, 0x00, 0x3f, 0x05, 0x02, 0x68, 0x01, 0x00, 0x00, 0x82, 0x02, 0xff, 0x00, 0x00, 0x05, 0x0b, 0x03, 0x0d, 0x08
};

const u8 Move_IRON_TAIL[] = {
    0x00, 0x97, 0x27, 0x1c, 0x71, 0x00, 0xc0, 0x1c, 0x02, 0x03, 0xb5, 0x02, 0x00, 0x00, 0x05, 0xff, 0x01, 0x00, 0x05, 0x0a, 0x01, 0x0c, 0x0c, 0x08, 0x02, 0x6a, 0x01, 0x00, 0x00, 0x82, 0x02, 0xff, 0x04, 0x00, 0x04, 0x06, 0x02, 0x5d, 0x01, 0x00, 0x00, 0x82, 0x02, 0xff, 0x00, 0x00, 0x03, 0x5e, 0x01, 0x00, 0x00, 0x02, 0xff, 0x01, 0x00, 0x19, 0x74, 0x00, 0x3f, 0x05, 0x03, 0xc7, 0x01, 0x00, 0x00, 0x05, 0xff, 0x00, 0x00, 0x0b, 0x01, 0x0d, 0x05, 0x08
};

const u8 Move_POISON_TAIL[] = {
    0x00, 0x97, 0x27, 0x00, 0xa6, 0x27, 0x1c, 0x71, 0x00, 0xc0, 0x1c, 0x02, 0x03, 0xb5, 0x02, 0x00, 0x00, 0x05, 0xff, 0x01, 0x00, 0x05, 0x0a, 0x01, 0x0c, 0x0c, 0x08, 0x02, 0x6a, 0x01, 0x00, 0x00, 0x82, 0x02, 0xff, 0x04, 0x00, 0x04, 0x06, 0x02, 0x5d, 0x01, 0x00, 0x00, 0x82, 0x02, 0xff, 0x00, 0x00, 0x03, 0x5e, 0x01, 0x00, 0x00, 0x02, 0xff, 0x01, 0x00, 0x19, 0x74, 0x00, 0x3f, 0x05, 0x03, 0xc7, 0x01, 0x00, 0x00, 0x05, 0xff, 0x00, 0x00, 0x0b, 0x01, 0x0d, 0x0e, 0x7d, 0x01, 0x00, 0x00, 0x05, 0x08
};

const u8 Move_METAL_CLAW[] = {
    0x00, 0x37, 0x27, 0x1c, 0x71, 0x00, 0xc0, 0x1c, 0x02, 0x03, 0xb5, 0x02, 0x00, 0x00, 0x05, 0xff, 0x00, 0x00, 0x05, 0x02, 0x6a, 0x01, 0x00, 0x00, 0x82, 0x02, 0xff, 0x06, 0x00, 0x04, 0x02, 0x19, 0x81, 0x00, 0x3f, 0x02, 0xa7, 0x02, 0x00, 0x00, 0x82, 0x02, 0xff, 0xf6, 0xff, 0x02, 0xa7, 0x02, 0x00, 0x00, 0x82, 0x02, 0xff, 0xf6, 0xff, 0x02, 0xed, 0x01, 0x00, 0x00, 0x82, 0x02, 0xff, 0xfc, 0xff, 0x04, 0x08, 0x02, 0x6a, 0x01, 0x00, 0x00, 0x82, 0x02, 0xff, 0x06, 0x00, 0x04, 0x02, 0x19, 0x81, 0x00, 0x3f, 0x02, 0xa7, 0x02, 0x00, 0x00, 0x82, 0x02, 0xff, 0x0a, 0x00, 0x02, 0xa7, 0x02, 0x00, 0x00, 0x82, 0x02, 0xff, 0x0a, 0x00, 0x02, 0xed, 0x01, 0x00, 0x00, 0x82, 0x02, 0xff, 0xfc, 0xff, 0x05, 0x08
};

const u8 Move_NIGHT_SHADE[] = {
    0x0a, 0x00, 0x28, 0x00, 0x19, 0xb6, 0x00, 0xc0, 0x14, 0x02, 0x17, 0x04, 0x0a, 0x19, 0xb9, 0x00, 0xc0, 0x03, 0x67, 0x03, 0x00, 0x00, 0x05, 0xff, 0x55, 0x00, 0x04, 0x46, 0x03, 0x66, 0x01, 0x00, 0x00, 0x02, 0xff, 0x01, 0x00, 0x03, 0xa5, 0x01, 0x00, 0x00, 0x02, 0xff, 0x04, 0x00, 0x05, 0x0b, 0x00, 0x04, 0x01, 0x15, 0x17, 0x08
};

const u8 Move_EGG_BOMB[] = {
    0x00, 0xd6, 0x27, 0x00, 0xbf, 0x27, 0x19, 0xa0, 0x00, 0xc0, 0x02, 0x68, 0x03, 0x00, 0x00, 0x82, 0x02, 0xff, 0x0a, 0x00, 0x05, 0x03, 0x66, 0x01, 0x00, 0x00, 0x02, 0xff, 0x01, 0x00, 0x02, 0xbd, 0x01, 0x00, 0x00, 0x84, 0x04, 0xff, 0x06, 0x00, 0x19, 0xaa, 0x00, 0x3f, 0x04, 0x03, 0x02, 0xbd, 0x01, 0x00, 0x00, 0x84, 0x04, 0xff, 0xf0, 0xff, 0x19, 0xaa, 0x00, 0x3f, 0x04, 0x03, 0x02, 0xbd, 0x01, 0x00, 0x00, 0x84, 0x04, 0xff, 0x10, 0x00, 0x19, 0xaa, 0x00, 0x3f, 0x04, 0x03, 0x02, 0xbd, 0x01, 0x00, 0x00, 0x84, 0x04, 0xff, 0xf4, 0xff, 0x19, 0xaa, 0x00, 0x3f, 0x04, 0x03, 0x02, 0xbd, 0x01, 0x00, 0x00, 0x84, 0x04, 0xff, 0x00, 0x00, 0x19, 0xaa, 0x00, 0x3f, 0x04, 0x03, 0x05, 0x08
};

const u8 Move_SHADOW_BALL[] = {
    0x00, 0xc0, 0x27, 0x14, 0x02, 0x17, 0x04, 0x0f, 0x1f, 0xf5, 0x02, 0x00, 0x00, 0xff, 0xa1, 0x00, 0x02, 0x69, 0x03, 0x00, 0x00, 0x82, 0x02, 0xff, 0x10, 0x00, 0x05, 0x19, 0x98, 0x00, 0x3f, 0x03, 0x66, 0x01, 0x00, 0x00, 0x02, 0xff, 0x01, 0x00, 0x05, 0x15, 0x17, 0x08
};

const u8 Move_LICK[] = {
    0x00, 0xc1, 0x27, 0x04, 0x0f, 0x19, 0xb5, 0x00, 0x3f, 0x02, 0x6a, 0x03, 0x00, 0x00, 0x82, 0x02, 0xff, 0x00, 0x00, 0x03, 0x66, 0x01, 0x00, 0x00, 0x02, 0xff, 0x01, 0x00, 0x05, 0x08
};

const u8 Move_FOCUS_ENERGY[] = {
    0x00, 0xc8, 0x27, 0x19, 0xa4, 0x00, 0xc0, 0x0e, 0x51, 0x02, 0x00, 0x00, 0x04, 0x08, 0x03, 0xa5, 0x01, 0x00, 0x00, 0x02, 0xff, 0x02, 0x00, 0x03, 0x66, 0x01, 0x00, 0x00, 0x02, 0xff, 0x00, 0x00, 0x0e, 0x51, 0x02, 0x00, 0x00, 0x04, 0x08, 0x0e, 0x51, 0x02, 0x00, 0x00, 0x05, 0x08
};

const u8 Move_BIDE[] = {
    0x11, 0x6b, 0x03, 0x00, 0x00, 0x6c, 0x03, 0x00, 0x00, 0x08
};

const u8 BideSetUp[] = {
    0x1c, 0x91, 0x00, 0xc0, 0x09, 0x02, 0x03, 0xa5, 0x01, 0x00, 0x00, 0x02, 0xff, 0x02, 0x00, 0x03, 0x66, 0x01, 0x00, 0x00, 0x02, 0xff, 0x00, 0x00, 0x05, 0x08
};

const u8 BideUnleash[] = {
    0x00, 0x97, 0x27, 0x0a, 0x03, 0x0c, 0x0c, 0x08, 0x1c, 0x91, 0x00, 0xc0, 0x09, 0x02, 0x03, 0x81, 0x01, 0x00, 0x00, 0x0a, 0xff, 0x02, 0x00, 0x03, 0x66, 0x01, 0x00, 0x00, 0x02, 0xff, 0x00, 0x00, 0x05, 0x02, 0x6c, 0x01, 0x00, 0x00, 0x82, 0x02, 0xff, 0x00, 0x00, 0x05, 0x03, 0x6d, 0x01, 0x00, 0x00, 0x02, 0xff, 0x00, 0x00, 0x03, 0x66, 0x01, 0x00, 0x00, 0x02, 0xff, 0x01, 0x00, 0x19, 0x84, 0x00, 0x3f, 0x02, 0x5d, 0x01, 0x00, 0x00, 0x81, 0x01, 0xff, 0x12, 0x00, 0x04, 0x05, 0x19, 0x84, 0x00, 0x3f, 0x02, 0x5d, 0x01, 0x00, 0x00, 0x81, 0x01, 0xff, 0xee, 0xff, 0x04, 0x05, 0x19, 0x84, 0x00, 0x3f, 0x02, 0x5d, 0x01, 0x00, 0x00, 0x81, 0x01, 0xff, 0xf8, 0xff, 0x05, 0x04, 0x05, 0x02, 0x68, 0x01, 0x00, 0x00, 0x82, 0x02, 0xff, 0x00, 0x00, 0x05, 0x03, 0x81, 0x01, 0x00, 0x00, 0x0a, 0xff, 0x02, 0x00, 0x05, 0x0b, 0x03, 0x0d, 0x08
};

const u8 Move_STRING_SHOT[] = {
    0x00, 0xc3, 0x27, 0x00, 0xc4, 0x27, 0x0a, 0x03, 0x04, 0x00, 0x02, 0x7a, 0x01, 0x00, 0x00, 0x85, 0x05, 0xff, 0x01, 0x00, 0x05, 0x1c, 0x7a, 0x00, 0xc0, 0x09, 0x06, 0x0e, 0x6d, 0x03, 0x00, 0x00, 0x0e, 0x6d, 0x03, 0x00, 0x00, 0x0e, 0x6d, 0x03, 0x00, 0x00, 0x0e, 0x6d, 0x03, 0x00, 0x00, 0x0e, 0x6d, 0x03, 0x00, 0x00, 0x0e, 0x6d, 0x03, 0x00, 0x00, 0x0e, 0x6d, 0x03, 0x00, 0x00, 0x0e, 0x6d, 0x03, 0x00, 0x00, 0x0e, 0x6d, 0x03, 0x00, 0x00, 0x0e, 0x6d, 0x03, 0x00, 0x00, 0x0e, 0x6d, 0x03, 0x00, 0x00, 0x0e, 0x6d, 0x03, 0x00, 0x00, 0x0e, 0x6d, 0x03, 0x00, 0x00, 0x0e, 0x6d, 0x03, 0x00, 0x00, 0x0e, 0x6d, 0x03, 0x00, 0x00, 0x0e, 0x6d, 0x03, 0x00, 0x00, 0x0e, 0x6d, 0x03, 0x00, 0x00, 0x0e, 0x6d, 0x03, 0x00, 0x00, 0x05, 0x19, 0x7b, 0x00, 0x3f, 0x02, 0x6e, 0x03, 0x00, 0x00, 0x82, 0x02, 0xff, 0x00, 0x00, 0x04, 0x04, 0x02, 0x6e, 0x03, 0x00, 0x00, 0x82, 0x02, 0xff, 0x00, 0x00, 0x04, 0x04, 0x02, 0x6e, 0x03, 0x00, 0x00, 0x82, 0x02, 0xff, 0x00, 0x00, 0x05, 0x0b, 0x03, 0x04, 0x01, 0x05, 0x02, 0x7a, 0x01, 0x00, 0x00, 0x85, 0x05, 0xff, 0x01, 0x00, 0x08
};

const u8 StringShotThread[] = {
    0x02, 0x6f, 0x03, 0x00, 0x00, 0x82, 0x02, 0xff, 0x14, 0x00, 0x04, 0x01, 0x0f
};

const u8 Move_SPIDER_WEB[] = {
    0x00, 0xc5, 0x27, 0x00, 0xc4, 0x27, 0x0a, 0x03, 0x04, 0x00, 0x02, 0x7a, 0x01, 0x00, 0x00, 0x85, 0x05, 0xff, 0x01, 0x00, 0x05, 0x28, 0x01, 0x1c, 0x7a, 0x00, 0xc0, 0x09, 0x06, 0x0e, 0x70, 0x03, 0x00, 0x00, 0x0e, 0x70, 0x03, 0x00, 0x00, 0x0e, 0x70, 0x03, 0x00, 0x00, 0x0e, 0x70, 0x03, 0x00, 0x00, 0x0e, 0x70, 0x03, 0x00, 0x00, 0x0e, 0x70, 0x03, 0x00, 0x00, 0x0e, 0x70, 0x03, 0x00, 0x00, 0x0e, 0x70, 0x03, 0x00, 0x00, 0x0e, 0x70, 0x03, 0x00, 0x00, 0x0e, 0x70, 0x03, 0x00, 0x00, 0x0e, 0x70, 0x03, 0x00, 0x00, 0x0e, 0x70, 0x03, 0x00, 0x00, 0x0e, 0x70, 0x03, 0x00, 0x00, 0x0e, 0x70, 0x03, 0x00, 0x00, 0x05, 0x19, 0x7b, 0x00, 0x3f, 0x02, 0x71, 0x03, 0x00, 0x00, 0x82, 0x02, 0x00, 0x05, 0x0b, 0x03, 0x04, 0x01, 0x02, 0x7a, 0x01, 0x00, 0x00, 0x85, 0x05, 0xff, 0x01, 0x00, 0x08
};

const u8 SpiderWebThread[] = {
    0x02, 0x6f, 0x03, 0x00, 0x00, 0x82, 0x02, 0xff, 0x14, 0x00, 0x04, 0x01, 0x0f
};

const u8 Move_RAZOR_WIND[] = {
    0x11, 0x72, 0x03, 0x00, 0x00, 0x73, 0x03, 0x00, 0x00
};

const u8 RazorWindEnd[] = {
    0x05, 0x08
};

const u8 RazorWindSetUp[] = {
    0x00, 0x19, 0x27, 0x19, 0x7d, 0x00, 0xc0, 0x02, 0x74, 0x03, 0x00, 0x00, 0x82, 0x02, 0xff, 0x20, 0x00, 0x02, 0x74, 0x03, 0x00, 0x00, 0x82, 0x02, 0xff, 0x20, 0x00, 0x02, 0x74, 0x03, 0x00, 0x00, 0x82, 0x02, 0xff, 0x20, 0x00, 0x05, 0x19, 0x7e, 0x00, 0xc0, 0x13, 0x75, 0x03, 0x00, 0x00
};

const u8 RazorWindUnleash[] = {
    0x00, 0xaa, 0x27, 0x00, 0x97, 0x27, 0x0a, 0x01, 0x0c, 0x0c, 0x08, 0x19, 0x99, 0x00, 0xc0, 0x02, 0x2e, 0x03, 0x00, 0x00, 0x82, 0x02, 0xff, 0x0e, 0x00, 0x04, 0x02, 0x19, 0x99, 0x00, 0xc0, 0x02, 0x2e, 0x03, 0x00, 0x00, 0x82, 0x02, 0xff, 0x0e, 0x00, 0x04, 0x02, 0x19, 0x99, 0x00, 0xc0, 0x02, 0x2e, 0x03, 0x00, 0x00, 0x82, 0x02, 0xff, 0x0e, 0x00, 0x04, 0x11, 0x19, 0x81, 0x00, 0x3f, 0x03, 0x66, 0x01, 0x00, 0x00, 0x02, 0xff, 0x01, 0x00, 0x03, 0x66, 0x01, 0x00, 0x00, 0x02, 0xff, 0x03, 0x00, 0x05, 0x0b, 0x01, 0x0d, 0x13, 0x75, 0x03, 0x00, 0x00
};

const u8 Move_DISABLE[] = {
    0x00, 0x57, 0x27, 0x0a, 0x01, 0x28, 0x01, 0x0c, 0x08, 0x08, 0x19, 0xca, 0x00, 0xc0, 0x02, 0xcb, 0x01, 0x00, 0x00, 0x8d, 0x0d, 0xff, 0x18, 0x00, 0x05, 0x03, 0x76, 0x03, 0x00, 0x00, 0x05, 0x00, 0x1c, 0xa3, 0x00, 0x3f, 0x0f, 0x04, 0x05, 0x04, 0x01, 0x0b, 0x01, 0x0d, 0x08
};

const u8 Move_RECOVER[] = {
    0x00, 0xa3, 0x27, 0x00, 0x2f, 0x27, 0x0a, 0x02, 0x0c, 0x0c, 0x08, 0x1c, 0x85, 0x00, 0xc0, 0x0d, 0x03, 0x03, 0xa5, 0x01, 0x00, 0x00, 0x02, 0xff, 0x02, 0x00, 0x0e, 0x77, 0x03, 0x00, 0x00, 0x0e, 0x77, 0x03, 0x00, 0x00, 0x0e, 0x77, 0x03, 0x00, 0x00, 0x05, 0x0b, 0x02, 0x0d, 0x04, 0x01, 0x0e, 0x67, 0x02, 0x00, 0x00, 0x05, 0x08
};

const u8 RecoverAbsorbEffect[] = {
    0x02, 0x01, 0x03, 0x00, 0x00, 0x82, 0x02, 0xff, 0x28, 0x00, 0x04, 0x03, 0x02, 0x01, 0x03, 0x00, 0x00, 0x82, 0x02, 0xff, 0xdd, 0xff, 0x04, 0x03, 0x02, 0x01, 0x03, 0x00, 0x00, 0x82, 0x02, 0xff, 0x0f, 0x00, 0x04, 0x03, 0x02, 0x01, 0x03, 0x00, 0x00, 0x82, 0x02, 0xff, 0xf6, 0xff, 0x04, 0x03, 0x02, 0x01, 0x03, 0x00, 0x00, 0x82, 0x02, 0xff, 0x19, 0x00, 0x04, 0x03, 0x02, 0x01, 0x03, 0x00, 0x00, 0x82, 0x02, 0xff, 0xd8, 0xff, 0x04, 0x03, 0x02, 0x01, 0x03, 0x00, 0x00, 0x82, 0x02, 0xff, 0x05, 0x00, 0x04, 0x03, 0x0f
};

const u8 Move_MIMIC[] = {
    0x00, 0xa3, 0x27, 0x22, 0x03, 0x0c, 0x0b, 0x05, 0x1b, 0xc5, 0x00, 0x3f, 0xc0, 0xfd, 0x00, 0x03, 0x78, 0x03, 0x00, 0x00, 0x05, 0xff, 0x80, 0x00, 0x04, 0x0f, 0x02, 0x79, 0x03, 0x00, 0x00, 0x82, 0x02, 0xff, 0xf4, 0xff, 0x04, 0x0a, 0x10, 0x07, 0xff, 0xff, 0x05, 0x19, 0x91, 0x00, 0xc0, 0x03, 0xa5, 0x01, 0x00, 0x00, 0x02, 0xff, 0x02, 0x00, 0x05, 0x23, 0x03, 0x0d, 0x08
};

const u8 Move_CONSTRICT[] = {
    0x00, 0xca, 0x27, 0x1c, 0x94, 0x00, 0x3f, 0x06, 0x04, 0x02, 0x7a, 0x03, 0x00, 0x00, 0x84, 0x04, 0xff, 0x00, 0x00, 0x04, 0x07, 0x02, 0x7a, 0x03, 0x00, 0x00, 0x83, 0x03, 0xff, 0x00, 0x00, 0x02, 0x7a, 0x03, 0x00, 0x00, 0x82, 0x02, 0xff, 0x00, 0x00, 0x04, 0x07, 0x02, 0x7a, 0x03, 0x00, 0x00, 0x83, 0x03, 0xff, 0x00, 0x00, 0x04, 0x08, 0x03, 0x66, 0x01, 0x00, 0x00, 0x02, 0xff, 0x01, 0x00, 0x04, 0x14, 0x19, 0xa3, 0x00, 0x3f, 0x10, 0x07, 0xff, 0xff, 0x05, 0x08
};

const u8 Move_CURSE[] = {
    0x11, 0x7b, 0x03, 0x00, 0x00, 0x7c, 0x03, 0x00, 0x00
};

const u8 CurseGhost[] = {
    0x00, 0xd7, 0x27, 0x00, 0xd8, 0x27, 0x0a, 0x02, 0x03, 0x7d, 0x03, 0x00, 0x00, 0x05, 0x00, 0x05, 0x04, 0x14, 0x02, 0x7e, 0x03, 0x00, 0x00, 0x82, 0x02, 0x00, 0x04, 0x3c, 0x0e, 0x7f, 0x03, 0x00, 0x00, 0x04, 0x29, 0x0e, 0x7f, 0x03, 0x00, 0x00, 0x04, 0x29, 0x0e, 0x7f, 0x03, 0x00, 0x00, 0x05, 0x0b, 0x02, 0x04, 0x01, 0x0a, 0x03, 0x19, 0x72, 0x00, 0x3f, 0x02, 0x80, 0x03, 0x00, 0x00, 0x82, 0x02, 0x00, 0x03, 0x66, 0x01, 0x00, 0x00, 0x02, 0xff, 0x01, 0x00, 0x05, 0x02, 0x7a, 0x01, 0x00, 0x00, 0x82, 0x02, 0xff, 0x01, 0x00, 0x05, 0x0b, 0x03, 0x08
};

const u8 CurseGhostShakeFromNail[] = {
    0x03, 0x66, 0x01, 0x00, 0x00, 0x02, 0xff, 0x00, 0x00, 0x19, 0xa3, 0x00, 0xc0, 0x0f
};

const u8 CurseStats[] = {
    0x03, 0x71, 0x01, 0x00, 0x00, 0x05, 0xff, 0x00, 0x00, 0x05, 0x04, 0x0a, 0x0e, 0x81, 0x03, 0x00, 0x00, 0x05, 0x08
};

const u8 CurseStats1[] = {
    0x19, 0xa4, 0x00, 0xc0, 0x03, 0x82, 0x03, 0x00, 0x00, 0x05, 0x00, 0x03, 0xa5, 0x01, 0x00, 0x00, 0x05, 0xff, 0x02, 0x00, 0x0f
};

const u8 Move_SOFT_BOILED[] = {
    0x00, 0xda, 0x27, 0x00, 0xdb, 0x27, 0x00, 0x2f, 0x27, 0x0a, 0x02, 0x19, 0xa0, 0x00, 0xc0, 0x03, 0x5e, 0x01, 0x00, 0x00, 0x02, 0xff, 0x00, 0x00, 0x02, 0x83, 0x03, 0x00, 0x00, 0x84, 0x04, 0xff, 0x00, 0x00, 0x02, 0x83, 0x03, 0x00, 0x00, 0x84, 0x04, 0xff, 0x00, 0x00, 0x04, 0x78, 0x04, 0x07, 0x19, 0x9f, 0x00, 0xc0, 0x02, 0x7a, 0x01, 0x00, 0x00, 0x82, 0x02, 0xff, 0x1f, 0x00, 0x02, 0x5b, 0x02, 0x00, 0x00, 0x83, 0x03, 0xff, 0x1f, 0x00, 0x04, 0x08, 0x02, 0x5b, 0x02, 0x00, 0x00, 0x83, 0x03, 0xff, 0x1f, 0x00, 0x04, 0x3c, 0x10, 0x07, 0xff, 0xff, 0x05, 0x0b, 0x02, 0x0e, 0x5c, 0x02, 0x00, 0x00, 0x08
};

const u8 Move_HEAL_BELL[] = {
    0x00, 0xdd, 0x27, 0x00, 0xde, 0x27, 0x00, 0xdb, 0x27, 0x03, 0x81, 0x01, 0x00, 0x00, 0x0a, 0xff, 0x0a, 0x00, 0x05, 0x03, 0x84, 0x03, 0x00, 0x00, 0x05, 0x00, 0x02, 0x85, 0x03, 0x00, 0x00, 0x82, 0x02, 0xff, 0x00, 0x00, 0x04, 0x0c, 0x02, 0x86, 0x03, 0x00, 0x00, 0xa8, 0x28, 0xff, 0x00, 0x00, 0x02, 0x86, 0x03, 0x00, 0x00, 0xa8, 0x28, 0xff, 0x00, 0x00, 0x02, 0x86, 0x03, 0x00, 0x00, 0xa8, 0x28, 0xff, 0x00, 0x00, 0x02, 0x86, 0x03, 0x00, 0x00, 0xa8, 0x28, 0xff, 0x00, 0x00, 0x0e, 0x87, 0x03, 0x00, 0x00, 0x04, 0x21, 0x02, 0x86, 0x03, 0x00, 0x00, 0xa8, 0x28, 0xff, 0x00, 0x00, 0x02, 0x86, 0x03, 0x00, 0x00, 0xa8, 0x28, 0xff, 0x00, 0x00, 0x02, 0x86, 0x03, 0x00, 0x00, 0xa8, 0x28, 0xff, 0x00, 0x00, 0x02, 0x86, 0x03, 0x00, 0x00, 0xa8, 0x28, 0xff, 0x00, 0x00, 0x0e, 0x87, 0x03, 0x00, 0x00, 0x04, 0x21, 0x02, 0x86, 0x03, 0x00, 0x00, 0xa8, 0x28, 0xff, 0x00, 0x00, 0x02, 0x86, 0x03, 0x00, 0x00, 0xa8, 0x28, 0xff, 0x00, 0x00, 0x02, 0x86, 0x03, 0x00, 0x00, 0xa8, 0x28, 0xff, 0x00, 0x00, 0x02, 0x86, 0x03, 0x00, 0x00, 0xa8, 0x28, 0xff, 0x00, 0x00, 0x0e, 0x87, 0x03, 0x00, 0x00, 0x05, 0x03, 0x88, 0x03, 0x00, 0x00, 0x05, 0x00, 0x05, 0x01, 0xdd, 0x27, 0x01, 0xde, 0x27, 0x01, 0xdb, 0x27, 0x00, 0x41, 0x27, 0x19, 0xdd, 0x00, 0xc0, 0x02, 0xab, 0x02, 0x00, 0x00, 0x90, 0x10, 0xff, 0xf1, 0xff, 0x04, 0x08, 0x02, 0xab, 0x02, 0x00, 0x00, 0x90, 0x10, 0xff, 0x0c, 0x00, 0x05, 0x01, 0x41, 0x27, 0x00, 0xdb, 0x27, 0x19, 0x5f, 0x00, 0xc0, 0x03, 0x35, 0x02, 0x00, 0x00, 0x0a, 0xff, 0x04, 0x00, 0x03, 0x81, 0x01, 0x00, 0x00, 0x0a, 0xff, 0x0a, 0x00, 0x02, 0xac, 0x02, 0x00, 0x00, 0x90, 0x10, 0xff, 0x00, 0x00, 0x08
};

const u8 HealBellRing[] = {
    0x03, 0x35, 0x02, 0x00, 0x00, 0x0a, 0xff, 0x04, 0x00, 0x03, 0x81, 0x01, 0x00, 0x00, 0x0a, 0xff, 0x0a, 0x00, 0x02, 0x5b, 0x02, 0x00, 0x00, 0xa8, 0x28, 0xff, 0x00, 0x00, 0x19, 0xbc, 0x00, 0xc0, 0x0f
};

const u8 Move_FAKE_OUT[] = {
    0x19, 0xde, 0x00, 0x00, 0x03, 0x89, 0x03, 0x00, 0x00, 0x05, 0x00, 0x05, 0x19, 0xc6, 0x00, 0x3f, 0x03, 0x66, 0x01, 0x00, 0x00, 0x02, 0xff, 0x01, 0x00, 0x03, 0x8a, 0x03, 0x00, 0x00, 0x03, 0x00, 0x05, 0x02, 0x7a, 0x01, 0x00, 0x00, 0x82, 0x02, 0xff, 0x01, 0x00, 0x08
};

const u8 Move_SCARY_FACE[] = {
    0x00, 0xea, 0x27, 0x02, 0x7a, 0x01, 0x00, 0x00, 0x82, 0x02, 0xff, 0x1b, 0x00, 0x19, 0xb6, 0x00, 0xc0, 0x05, 0x04, 0x0a, 0x19, 0xb9, 0x00, 0xc0, 0x03, 0x2c, 0x02, 0x00, 0x00, 0x05, 0x00, 0x04, 0x0d, 0x02, 0x2b, 0x02, 0x00, 0x00, 0x80, 0x00, 0xff, 0xf0, 0xff, 0x02, 0x2b, 0x02, 0x00, 0x00, 0x80, 0x00, 0xff, 0x10, 0x00, 0x05, 0x03, 0x2d, 0x02, 0x00, 0x00, 0x03, 0xff, 0x14, 0x00, 0x19, 0x7b, 0x00, 0x3f, 0x02, 0x7a, 0x01, 0x00, 0x00, 0x82, 0x02, 0xff, 0x1b, 0x00, 0x05, 0x08
};

const u8 Move_SWEET_KISS[] = {
    0x00, 0xe8, 0x27, 0x00, 0xec, 0x27, 0x02, 0x8b, 0x03, 0x00, 0x00, 0x82, 0x02, 0xff, 0x10, 0x00, 0x19, 0xbc, 0x00, 0x3f, 0x04, 0x17, 0x19, 0xbc, 0x00, 0x3f, 0x04, 0x17, 0x19, 0xbc, 0x00, 0x3f, 0x05, 0x02, 0xe0, 0x01, 0x00, 0x00, 0x83, 0x03, 0xff, 0xa0, 0x00, 0x19, 0xdb, 0x00, 0x3f, 0x02, 0xe0, 0x01, 0x00, 0x00, 0x83, 0x03, 0xff, 0x00, 0xff, 0x02, 0xe0, 0x01, 0x00, 0x00, 0x83, 0x03, 0xff, 0x80, 0x00, 0x02, 0xe0, 0x01, 0x00, 0x00, 0x83, 0x03, 0xff, 0xa0, 0x01, 0x02, 0xe0, 0x01, 0x00, 0x00, 0x83, 0x03, 0xff, 0x80, 0xff, 0x02, 0xe0, 0x01, 0x00, 0x00, 0x83, 0x03, 0xff, 0x80, 0xfe, 0x08
};

const u8 Move_LOVELY_KISS[] = {
    0x00, 0xeb, 0x27, 0x00, 0xed, 0x27, 0x02, 0x8c, 0x03, 0x00, 0x00, 0x82, 0x02, 0xff, 0x00, 0x00, 0x19, 0xc1, 0x00, 0x3f, 0x05, 0x19, 0xdb, 0x00, 0x3f, 0x02, 0x8d, 0x03, 0x00, 0x00, 0x83, 0x03, 0xff, 0x00, 0xff, 0x02, 0x8d, 0x03, 0x00, 0x00, 0x83, 0x03, 0xff, 0x80, 0x00, 0x02, 0x8d, 0x03, 0x00, 0x00, 0x83, 0x03, 0xff, 0xa0, 0x01, 0x02, 0x8d, 0x03, 0x00, 0x00, 0x83, 0x03, 0xff, 0x80, 0xff, 0x08
};

const u8 Move_FURY_SWIPES[] = {
    0x00, 0xee, 0x27, 0x02, 0x6a, 0x01, 0x00, 0x00, 0x82, 0x02, 0xff, 0x05, 0x00, 0x04, 0x04, 0x19, 0x94, 0x00, 0x3f, 0x02, 0x8e, 0x03, 0x00, 0x00, 0x82, 0x02, 0xff, 0x10, 0x00, 0x03, 0x66, 0x01, 0x00, 0x00, 0x02, 0xff, 0x01, 0x00, 0x04, 0x0a, 0x02, 0x6a, 0x01, 0x00, 0x00, 0x82, 0x02, 0xff, 0x05, 0x00, 0x04, 0x04, 0x19, 0x94, 0x00, 0x3f, 0x02, 0x8e, 0x03, 0x00, 0x00, 0x82, 0x02, 0xff, 0xf0, 0xff, 0x03, 0x66, 0x01, 0x00, 0x00, 0x02, 0xff, 0x01, 0x00, 0x08
};

const u8 Move_INGRAIN[] = {
    0x00, 0xef, 0x27, 0x00, 0xa3, 0x27, 0x02, 0x8f, 0x03, 0x00, 0x00, 0x82, 0x02, 0xff, 0x10, 0x00, 0x19, 0x94, 0x00, 0xc0, 0x04, 0x0a, 0x02, 0x8f, 0x03, 0x00, 0x00, 0x82, 0x02, 0xff, 0xe0, 0xff, 0x19, 0x94, 0x00, 0xc0, 0x04, 0x0a, 0x02, 0x8f, 0x03, 0x00, 0x00, 0x82, 0x02, 0xff, 0x20, 0x00, 0x19, 0x94, 0x00, 0xc0, 0x04, 0x0a, 0x02, 0x8f, 0x03, 0x00, 0x00, 0x82, 0x02, 0xff, 0xf0, 0xff, 0x19, 0x94, 0x00, 0xc0, 0x04, 0x28, 0x02, 0x90, 0x03, 0x00, 0x00, 0x83, 0x03, 0xff, 0x20, 0x00, 0x04, 0x05, 0x19, 0x77, 0x00, 0xc0, 0x04, 0x05, 0x02, 0x90, 0x03, 0x00, 0x00, 0x83, 0x03, 0xff, 0xd0, 0xff, 0x19, 0x77, 0x00, 0xc0, 0x04, 0x05, 0x19, 0x77, 0x00, 0xc0, 0x04, 0x05, 0x02, 0x90, 0x03, 0x00, 0x00, 0x83, 0x03, 0xff, 0x30, 0x00, 0x19, 0x77, 0x00, 0xc0, 0x04, 0x0a, 0x05, 0x08
};

const u8 Move_PRESENT[] = {
    0x00, 0xf0, 0x27, 0x03, 0x91, 0x03, 0x00, 0x00, 0x02, 0x00, 0x02, 0x92, 0x03, 0x00, 0x00, 0x82, 0x02, 0xff, 0x00, 0x00, 0x19, 0xa0, 0x00, 0xc0, 0x04, 0x0e, 0x19, 0x76, 0x00, 0xc0, 0x04, 0x0e, 0x19, 0x76, 0x00, 0x00, 0x04, 0x14, 0x19, 0x76, 0x00, 0x3f, 0x05, 0x21, 0x07, 0x00, 0x00, 0x93, 0x03, 0x00, 0x00, 0x21, 0x07, 0x01, 0x00, 0x94, 0x03, 0x00, 0x00, 0x08
};

const u8 PresentDamage[] = {
    0x00, 0xd6, 0x27, 0x19, 0xaa, 0x00, 0x3f, 0x02, 0xbd, 0x01, 0x00, 0x00, 0x83, 0x03, 0xff, 0x00, 0x00, 0x04, 0x06, 0x19, 0xaa, 0x00, 0x3f, 0x02, 0xbd, 0x01, 0x00, 0x00, 0x83, 0x03, 0xff, 0x18, 0x00, 0x04, 0x06, 0x19, 0xaa, 0x00, 0x3f, 0x02, 0xbd, 0x01, 0x00, 0x00, 0x83, 0x03, 0xff, 0xf0, 0xff, 0x04, 0x06, 0x19, 0xaa, 0x00, 0x3f, 0x02, 0xbd, 0x01, 0x00, 0x00, 0x83, 0x03, 0xff, 0xe8, 0xff, 0x04, 0x06, 0x19, 0xaa, 0x00, 0x3f, 0x02, 0xbd, 0x01, 0x00, 0x00, 0x83, 0x03, 0xff, 0x10, 0x00, 0x08
};

const u8 PresentHeal[] = {
    0x00, 0xd3, 0x27, 0x00, 0x2f, 0x27, 0x19, 0xdd, 0x00, 0x3f, 0x02, 0x95, 0x03, 0x00, 0x00, 0x84, 0x04, 0xff, 0xf0, 0xff, 0x04, 0x03, 0x02, 0x95, 0x03, 0x00, 0x00, 0x84, 0x04, 0xff, 0x10, 0x00, 0x04, 0x03, 0x02, 0x95, 0x03, 0x00, 0x00, 0x84, 0x04, 0xff, 0x20, 0x00, 0x04, 0x03, 0x02, 0x95, 0x03, 0x00, 0x00, 0x84, 0x04, 0xff, 0xe0, 0xff, 0x04, 0x03, 0x02, 0x95, 0x03, 0x00, 0x00, 0x84, 0x04, 0xff, 0x00, 0x00, 0x04, 0x03, 0x02, 0x95, 0x03, 0x00, 0x00, 0x84, 0x04, 0xff, 0xf8, 0xff, 0x04, 0x03, 0x02, 0x95, 0x03, 0x00, 0x00, 0x84, 0x04, 0xff, 0xf8, 0xff, 0x04, 0x03, 0x02, 0x95, 0x03, 0x00, 0x00, 0x84, 0x04, 0xff, 0x18, 0x00, 0x04, 0x03, 0x02, 0x95, 0x03, 0x00, 0x00, 0x84, 0x04, 0xff, 0xe8, 0xff, 0x05, 0x20, 0x0e, 0x5c, 0x02, 0x00, 0x00, 0x08
};

const u8 Move_BATON_PASS[] = {
    0x00, 0xf2, 0x27, 0x19, 0xd9, 0x00, 0xc0, 0x03, 0xa5, 0x01, 0x00, 0x00, 0x02, 0xff, 0x1f, 0x00, 0x02, 0x96, 0x03, 0x00, 0x00, 0x82, 0x02, 0x00, 0x08
};

const u8 Move_PERISH_SONG[] = {
    0x00, 0xde, 0x27, 0x02, 0x97, 0x03, 0x00, 0x00, 0x84, 0x04, 0xff, 0x00, 0x00, 0x02, 0x97, 0x03, 0x00, 0x00, 0x84, 0x04, 0xff, 0x01, 0x00, 0x02, 0x97, 0x03, 0x00, 0x00, 0x84, 0x04, 0xff, 0x02, 0x00, 0x02, 0x97, 0x03, 0x00, 0x00, 0x84, 0x04, 0xff, 0x03, 0x00, 0x02, 0x97, 0x03, 0x00, 0x00, 0x84, 0x04, 0xff, 0x04, 0x00, 0x02, 0x97, 0x03, 0x00, 0x00, 0x84, 0x04, 0xff, 0x05, 0x00, 0x02, 0x97, 0x03, 0x00, 0x00, 0x84, 0x04, 0xff, 0x06, 0x00, 0x02, 0x97, 0x03, 0x00, 0x00, 0x84, 0x04, 0xff, 0x07, 0x00, 0x02, 0x97, 0x03, 0x00, 0x00, 0x84, 0x04, 0xff, 0x08, 0x00, 0x02, 0x97, 0x03, 0x00, 0x00, 0x84, 0x04, 0xff, 0x09, 0x00, 0x02, 0x97, 0x03, 0x00, 0x00, 0x84, 0x04, 0xff, 0x0a, 0x00, 0x02, 0x97, 0x03, 0x00, 0x00, 0x84, 0x04, 0xff, 0x0b, 0x00, 0x02, 0x97, 0x03, 0x00, 0x00, 0x84, 0x04, 0xff, 0x0c, 0x00, 0x02, 0x97, 0x03, 0x00, 0x00, 0x84, 0x04, 0xff, 0x0d, 0x00, 0x02, 0x97, 0x03, 0x00, 0x00, 0x84, 0x04, 0xff, 0x0e, 0x00, 0x02, 0x97, 0x03, 0x00, 0x00, 0x84, 0x04, 0xff, 0x0f, 0x00, 0x02, 0x98, 0x03, 0x00, 0x00, 0x84, 0x04, 0xff, 0x0f, 0x00, 0x04, 0x14, 0x1b, 0xa6, 0x00, 0xc0, 0x3f, 0x02, 0x00, 0x04, 0x50, 0x02, 0x7a, 0x01, 0x00, 0x00, 0x82, 0x02, 0xff, 0x01, 0x00, 0x03, 0xc7, 0x01, 0x00, 0x00, 0x05, 0xff, 0x04, 0x00, 0x03, 0xc7, 0x01, 0x00, 0x00, 0x05, 0xff, 0x05, 0x00, 0x03, 0xc7, 0x01, 0x00, 0x00, 0x05, 0xff, 0x06, 0x00, 0x03, 0xc7, 0x01, 0x00, 0x00, 0x05, 0xff, 0x07, 0x00, 0x04, 0x64, 0x02, 0x7a, 0x01, 0x00, 0x00, 0x82, 0x02, 0xff, 0x01, 0x00, 0x03, 0xc7, 0x01, 0x00, 0x00, 0x05, 0xff, 0x04, 0x00, 0x03, 0xc7, 0x01, 0x00, 0x00, 0x05, 0xff, 0x05, 0x00, 0x03, 0xc7, 0x01, 0x00, 0x00, 0x05, 0xff, 0x06, 0x00, 0x03, 0xc7, 0x01, 0x00, 0x00, 0x05, 0xff, 0x07, 0x00, 0x05, 0x08
};

const u8 Move_SLEEP_TALK[] = {
    0x00, 0xf4, 0x27, 0x03, 0x71, 0x01, 0x00, 0x00, 0x05, 0xff, 0x00, 0x00, 0x04, 0x14, 0x02, 0x99, 0x03, 0x00, 0x00, 0x82, 0x02, 0xff, 0x00, 0x00, 0x19, 0xbe, 0x00, 0xc0, 0x04, 0x06, 0x02, 0x99, 0x03, 0x00, 0x00, 0x82, 0x02, 0xff, 0x00, 0x00, 0x04, 0x06, 0x02, 0x99, 0x03, 0x00, 0x00, 0x82, 0x02, 0xff, 0x00, 0x00, 0x04, 0x14, 0x02, 0x99, 0x03, 0x00, 0x00, 0x82, 0x02, 0xff, 0x00, 0x00, 0x19, 0xbe, 0x00, 0xc0, 0x04, 0x06, 0x02, 0x99, 0x03, 0x00, 0x00, 0x82, 0x02, 0xff, 0x00, 0x00, 0x04, 0x06, 0x02, 0x99, 0x03, 0x00, 0x00, 0x82, 0x02, 0xff, 0x00, 0x00, 0x04, 0x14, 0x02, 0x99, 0x03, 0x00, 0x00, 0x82, 0x02, 0xff, 0x00, 0x00, 0x19, 0xbe, 0x00, 0xc0, 0x04, 0x06, 0x02, 0x99, 0x03, 0x00, 0x00, 0x82, 0x02, 0xff, 0x00, 0x00, 0x04, 0x06, 0x02, 0x99, 0x03, 0x00, 0x00, 0x82, 0x02, 0xff, 0x00, 0x00, 0x05, 0x08
};

const u8 Move_HYPER_FANG[] = {
    0x00, 0xd0, 0x27, 0x19, 0x9a, 0x00, 0x3f, 0x04, 0x01, 0x04, 0x02, 0x03, 0x8b, 0x01, 0x00, 0x00, 0x02, 0x00, 0x21, 0x07, 0x01, 0x00, 0x9a, 0x03, 0x00, 0x00, 0x03, 0x8d, 0x01, 0x00, 0x00, 0x02, 0x00, 0x21, 0x07, 0x00, 0x00, 0x9b, 0x03, 0x00, 0x00, 0x13, 0x9c, 0x03, 0x00, 0x00
};

const u8 HyperFangContinue[] = {
    0x16, 0x02, 0x9d, 0x03, 0x00, 0x00, 0x82, 0x02, 0x00, 0x17, 0x03, 0x5e, 0x01, 0x00, 0x00, 0x03, 0xff, 0x01, 0x00, 0x19, 0xb9, 0x00, 0x3f, 0x04, 0x14, 0x15, 0x17, 0x05, 0x08
};

const u8 HyperFangOnOpponent[] = {
    0x14, 0x04, 0x13, 0x9e, 0x03, 0x00, 0x00
};

const u8 HyperFangOnPlayer[] = {
    0x14, 0x05, 0x13, 0x9e, 0x03, 0x00, 0x00
};

const u8 HyperFangInContest[] = {
    0x14, 0x06, 0x13, 0x9e, 0x03, 0x00, 0x00
};

const u8 Move_TRI_ATTACK[] = {
    0x00, 0xf6, 0x27, 0x02, 0x9f, 0x03, 0x00, 0x00, 0x82, 0x02, 0xff, 0x10, 0x00, 0x19, 0xd5, 0x00, 0xc0, 0x04, 0x14, 0x19, 0xd5, 0x00, 0xc0, 0x04, 0x14, 0x1f, 0xf5, 0x02, 0x00, 0x00, 0xff, 0xd5, 0x00, 0x05, 0x02, 0x7a, 0x01, 0x00, 0x00, 0x82, 0x02, 0xff, 0x01, 0x00, 0x04, 0x10, 0x00, 0x31, 0x27, 0x02, 0xd9, 0x02, 0x00, 0x00, 0x82, 0x02, 0xff, 0x00, 0x00, 0x19, 0x8a, 0x00, 0x3f, 0x02, 0xd9, 0x02, 0x00, 0x00, 0x82, 0x02, 0xff, 0x00, 0x00, 0x04, 0x01, 0x02, 0xd9, 0x02, 0x00, 0x00, 0x82, 0x02, 0xff, 0x00, 0x00, 0x04, 0x01, 0x02, 0xd9, 0x02, 0x00, 0x00, 0x82, 0x02, 0xff, 0x00, 0x00, 0x04, 0x01, 0x02, 0xd9, 0x02, 0x00, 0x00, 0x82, 0x02, 0xff, 0x00, 0x00, 0x04, 0x01, 0x02, 0xd9, 0x02, 0x00, 0x00, 0x82, 0x02, 0xff, 0x00, 0x00, 0x04, 0x01, 0x02, 0xd9, 0x02, 0x00, 0x00, 0x82, 0x02, 0xff, 0x00, 0x00, 0x04, 0x01, 0x02, 0xd9, 0x02, 0x00, 0x00, 0x82, 0x02, 0xff, 0x00, 0x00, 0x04, 0x02, 0x03, 0x2d, 0x02, 0x00, 0x00, 0x02, 0xff, 0x14, 0x00, 0x05, 0x00, 0x35, 0x27, 0x03, 0xd5, 0x02, 0x00, 0x00, 0x02, 0xff, 0x01, 0x01, 0x19, 0xd6, 0x00, 0x3f, 0x02, 0xd6, 0x02, 0x00, 0x00, 0x82, 0x02, 0xff, 0x00, 0x00, 0x04, 0x01, 0x02, 0xd6, 0x02, 0x00, 0x00, 0x82, 0x02, 0xff, 0x00, 0x00, 0x04, 0x01, 0x02, 0xd6, 0x02, 0x00, 0x00, 0x82, 0x02, 0xff, 0x00, 0x00, 0x04, 0x14, 0x03, 0x2d, 0x02, 0x00, 0x00, 0x02, 0xff, 0x14, 0x00, 0x04, 0x02, 0x03, 0xd5, 0x02, 0x00, 0x00, 0x02, 0xff, 0x01, 0x01, 0x05, 0x00, 0x9d, 0x27, 0x0e, 0xd1, 0x02, 0x00, 0x00, 0x02, 0x7a, 0x01, 0x00, 0x00, 0x82, 0x02, 0xff, 0x01, 0x00, 0x05, 0x08
};

const u8 Move_WILL_O_WISP[] = {
    0x00, 0xf8, 0x27, 0x00, 0xf7, 0x27, 0x0a, 0x03, 0x2a, 0x01, 0x19, 0x90, 0x00, 0xc0, 0x1d, 0x90, 0x00, 0xc0, 0x0a, 0x03, 0xe6, 0x01, 0x00, 0x00, 0x02, 0xff, 0xc0, 0xff, 0x02, 0xa0, 0x03, 0x00, 0x00, 0x82, 0x02, 0xff, 0x00, 0x00, 0x04, 0x03, 0x02, 0xa0, 0x03, 0x00, 0x00, 0x83, 0x03, 0xff, 0x00, 0x00, 0x04, 0x03, 0x02, 0xa0, 0x03, 0x00, 0x00, 0x84, 0x04, 0xff, 0x00, 0x00, 0x04, 0x03, 0x02, 0xa0, 0x03, 0x00, 0x00, 0x84, 0x04, 0xff, 0x00, 0x00, 0x04, 0x28, 0x03, 0xe6, 0x01, 0x00, 0x00, 0x02, 0xff, 0xc0, 0xff, 0x05, 0x29, 0x19, 0x8a, 0x00, 0x3f, 0x03, 0x66, 0x01, 0x00, 0x00, 0x02, 0xff, 0x01, 0x00, 0x02, 0xa1, 0x03, 0x00, 0x00, 0x82, 0x02, 0xff, 0x00, 0x00, 0x02, 0xa1, 0x03, 0x00, 0x00, 0x82, 0x02, 0xff, 0x2a, 0x00, 0x02, 0xa1, 0x03, 0x00, 0x00, 0x82, 0x02, 0xff, 0x54, 0x00, 0x02, 0xa1, 0x03, 0x00, 0x00, 0x82, 0x02, 0xff, 0x7e, 0x00, 0x02, 0xa1, 0x03, 0x00, 0x00, 0x82, 0x02, 0xff, 0xa8, 0x00, 0x02, 0xa1, 0x03, 0x00, 0x00, 0x82, 0x02, 0xff, 0xd2, 0x00, 0x05, 0x0b, 0x03, 0x08
};

const u8 Move_ENCORE[] = {
    0x00, 0xf3, 0x27, 0x00, 0x07, 0x28, 0x03, 0xa2, 0x03, 0x00, 0x00, 0x02, 0x00, 0x03, 0xa3, 0x03, 0x00, 0x00, 0x02, 0xff, 0xf8, 0x00, 0x05, 0x02, 0xa4, 0x03, 0x00, 0x00, 0x82, 0x02, 0xff, 0x00, 0x00, 0x02, 0xa5, 0x03, 0x00, 0x00, 0x82, 0x02, 0xff, 0xfe, 0xff, 0x02, 0xa5, 0x03, 0x00, 0x00, 0x82, 0x02, 0xff, 0x02, 0x00, 0x02, 0xa6, 0x03, 0x00, 0x00, 0x83, 0x03, 0xff, 0xfe, 0xff, 0x02, 0xa6, 0x03, 0x00, 0x00, 0x83, 0x03, 0xff, 0x02, 0x00, 0x04, 0x10, 0x03, 0x38, 0x02, 0x00, 0x00, 0x05, 0xff, 0xd8, 0x00, 0x03, 0x71, 0x01, 0x00, 0x00, 0x05, 0xff, 0x01, 0x00, 0x05, 0x03, 0xa3, 0x03, 0x00, 0x00, 0x02, 0xff, 0xf8, 0x00, 0x05, 0x03, 0xa7, 0x03, 0x00, 0x00, 0x02, 0x00, 0x08
};

const u8 Move_TRICK[] = {
    0x00, 0xf0, 0x27, 0x00, 0xdf, 0x27, 0x02, 0xa8, 0x03, 0x00, 0x00, 0x82, 0x02, 0xff, 0xd8, 0xff, 0x02, 0xa8, 0x03, 0x00, 0x00, 0x82, 0x02, 0xff, 0xd8, 0xff, 0x04, 0x10, 0x19, 0xc6, 0x00, 0x00, 0x03, 0x8a, 0x03, 0x00, 0x00, 0x03, 0x00, 0x03, 0xa9, 0x03, 0x00, 0x00, 0x03, 0x00, 0x04, 0x1e, 0x19, 0x80, 0x00, 0x00, 0x04, 0x18, 0x19, 0x80, 0x00, 0x00, 0x04, 0x10, 0x19, 0x80, 0x00, 0x00, 0x04, 0x10, 0x19, 0x80, 0x00, 0x00, 0x04, 0x10, 0x19, 0x80, 0x00, 0x00, 0x04, 0x10, 0x19, 0x80, 0x00, 0x00, 0x04, 0x10, 0x19, 0xdb, 0x00, 0x00, 0x03, 0x5e, 0x01, 0x00, 0x00, 0x03, 0xff, 0x00, 0x00, 0x03, 0x5e, 0x01, 0x00, 0x00, 0x03, 0xff, 0x01, 0x00, 0x05, 0x08
};

const u8 Move_WISH[] = {
    0x00, 0xf9, 0x27, 0x00, 0x41, 0x27, 0x02, 0x7a, 0x01, 0x00, 0x00, 0x82, 0x02, 0xff, 0x01, 0x00, 0x05, 0x27, 0xc8, 0x00, 0x3f, 0xc0, 0xfd, 0x00, 0x02, 0xaa, 0x03, 0x00, 0x00, 0xa8, 0x28, 0x00, 0x05, 0x04, 0x3c, 0x1c, 0xbc, 0x00, 0xc0, 0x10, 0x03, 0x0e, 0x1a, 0x03, 0x00, 0x00, 0x05, 0x02, 0x7a, 0x01, 0x00, 0x00, 0x82, 0x02, 0xff, 0x01, 0x00, 0x05, 0x08
};

const u8 Move_STOCKPILE[] = {
    0x00, 0xfb, 0x27, 0x19, 0x85, 0x00, 0xc0, 0x03, 0xa5, 0x01, 0x00, 0x00, 0x02, 0xff, 0x02, 0x00, 0x03, 0xab, 0x03, 0x00, 0x00, 0x05, 0x00, 0x0e, 0xac, 0x03, 0x00, 0x00, 0x0e, 0xac, 0x03, 0x00, 0x00, 0x05, 0x02, 0x7a, 0x01, 0x00, 0x00, 0x82, 0x02, 0xff, 0x02, 0x00, 0x08
};

const u8 StockpileAbsorb[] = {
    0x02, 0xad, 0x03, 0x00, 0x00, 0x82, 0x02, 0xff, 0x37, 0x00, 0x04, 0x01, 0x02, 0xad, 0x03, 0x00, 0x00, 0x82, 0x02, 0xff, 0xc9, 0xff, 0x04, 0x01, 0x02, 0xad, 0x03, 0x00, 0x00, 0x82, 0x02, 0xff, 0x00, 0x00, 0x04, 0x01, 0x02, 0xad, 0x03, 0x00, 0x00, 0x82, 0x02, 0xff, 0x00, 0x00, 0x04, 0x01, 0x02, 0xad, 0x03, 0x00, 0x00, 0x82, 0x02, 0xff, 0x37, 0x00, 0x04, 0x01, 0x02, 0xad, 0x03, 0x00, 0x00, 0x82, 0x02, 0xff, 0x37, 0x00, 0x04, 0x01, 0x02, 0xad, 0x03, 0x00, 0x00, 0x82, 0x02, 0xff, 0xc9, 0xff, 0x04, 0x01, 0x02, 0xad, 0x03, 0x00, 0x00, 0x82, 0x02, 0xff, 0xc9, 0xff, 0x04, 0x01, 0x0f
};

const u8 Move_SPIT_UP[] = {
    0x00, 0xfd, 0x27, 0x00, 0x97, 0x27, 0x19, 0x91, 0x00, 0xc0, 0x03, 0xae, 0x03, 0x00, 0x00, 0x05, 0x00, 0x03, 0x66, 0x01, 0x00, 0x00, 0x02, 0xff, 0x00, 0x00, 0x04, 0x2d, 0x19, 0xe1, 0x00, 0xc0, 0x04, 0x03, 0x02, 0xaf, 0x03, 0x00, 0x00, 0x82, 0x02, 0xff, 0x00, 0x00, 0x02, 0xaf, 0x03, 0x00, 0x00, 0x82, 0x02, 0xff, 0x20, 0x00, 0x02, 0xaf, 0x03, 0x00, 0x00, 0x82, 0x02, 0xff, 0x40, 0x00, 0x02, 0xaf, 0x03, 0x00, 0x00, 0x82, 0x02, 0xff, 0x60, 0x00, 0x02, 0xaf, 0x03, 0x00, 0x00, 0x82, 0x02, 0xff, 0x80, 0x00, 0x02, 0xaf, 0x03, 0x00, 0x00, 0x82, 0x02, 0xff, 0xa0, 0x00, 0x02, 0xaf, 0x03, 0x00, 0x00, 0x82, 0x02, 0xff, 0xc0, 0x00, 0x02, 0xaf, 0x03, 0x00, 0x00, 0x82, 0x02, 0xff, 0xe0, 0x00, 0x04, 0x05, 0x12, 0x02, 0xb0, 0x03, 0x00, 0x00, 0x12, 0x03, 0xb1, 0x03, 0x00, 0x00
};

const u8 SpitUpContinue[] = {
    0x04, 0x05, 0x03, 0xa7, 0x01, 0x00, 0x00, 0x02, 0xff, 0x00, 0x00, 0x19, 0x7f, 0x00, 0x3f, 0x02, 0xfe, 0x01, 0x00, 0x00, 0x83, 0x03, 0xff, 0xf4, 0xff, 0x04, 0x05, 0x19, 0x7f, 0x00, 0x3f, 0x02, 0xfe, 0x01, 0x00, 0x00, 0x83, 0x03, 0xff, 0x0c, 0x00, 0x05, 0x08
};

const u8 SpitUpStrong[] = {
    0x02, 0xaf, 0x03, 0x00, 0x00, 0x82, 0x02, 0xff, 0x10, 0x00, 0x02, 0xaf, 0x03, 0x00, 0x00, 0x82, 0x02, 0xff, 0x50, 0x00, 0x02, 0xaf, 0x03, 0x00, 0x00, 0x82, 0x02, 0xff, 0x90, 0x00, 0x02, 0xaf, 0x03, 0x00, 0x00, 0x82, 0x02, 0xff, 0xd0, 0x00, 0x13, 0xb2, 0x03, 0x00, 0x00
};

const u8 SpitUpStrongest[] = {
    0x02, 0xaf, 0x03, 0x00, 0x00, 0x82, 0x02, 0xff, 0x10, 0x00, 0x02, 0xaf, 0x03, 0x00, 0x00, 0x82, 0x02, 0xff, 0x30, 0x00, 0x02, 0xaf, 0x03, 0x00, 0x00, 0x82, 0x02, 0xff, 0x50, 0x00, 0x02, 0xaf, 0x03, 0x00, 0x00, 0x82, 0x02, 0xff, 0x70, 0x00, 0x02, 0xaf, 0x03, 0x00, 0x00, 0x82, 0x02, 0xff, 0x90, 0x00, 0x02, 0xaf, 0x03, 0x00, 0x00, 0x82, 0x02, 0xff, 0xb0, 0x00, 0x02, 0xaf, 0x03, 0x00, 0x00, 0x82, 0x02, 0xff, 0xd0, 0x00, 0x02, 0xaf, 0x03, 0x00, 0x00, 0x82, 0x02, 0xff, 0xf0, 0x00, 0x13, 0xb2, 0x03, 0x00, 0x00
};

const u8 Move_SWALLOW[] = {
    0x00, 0xfc, 0x27, 0x00, 0x2f, 0x27, 0x19, 0x91, 0x00, 0xc0, 0x03, 0xb3, 0x03, 0x00, 0x00, 0x05, 0x00, 0x03, 0x66, 0x01, 0x00, 0x00, 0x02, 0xff, 0x00, 0x00, 0x04, 0x26, 0x19, 0xe1, 0x00, 0xc0, 0x03, 0x66, 0x01, 0x00, 0x00, 0x02, 0xff, 0x00, 0x00, 0x0e, 0xb4, 0x03, 0x00, 0x00, 0x12, 0x02, 0xb5, 0x03, 0x00, 0x00, 0x12, 0x03, 0xb6, 0x03, 0x00, 0x00
};

const u8 SwallowContinue[] = {
    0x05, 0x0e, 0x67, 0x02, 0x00, 0x00, 0x08
};

const u8 SwallowEffect[] = {
    0x02, 0xb7, 0x03, 0x00, 0x00, 0x82, 0x02, 0xff, 0x00, 0x00, 0x04, 0x01, 0x02, 0xb7, 0x03, 0x00, 0x00, 0x82, 0x02, 0xff, 0xe8, 0xff, 0x04, 0x01, 0x02, 0xb7, 0x03, 0x00, 0x00, 0x82, 0x02, 0xff, 0x10, 0x00, 0x04, 0x01, 0x02, 0xb7, 0x03, 0x00, 0x00, 0x82, 0x02, 0xff, 0xf0, 0xff, 0x04, 0x01, 0x02, 0xb7, 0x03, 0x00, 0x00, 0x82, 0x02, 0xff, 0x18, 0x00, 0x04, 0x01, 0x0f
};

const u8 SwallowGood[] = {
    0x0e, 0xb4, 0x03, 0x00, 0x00, 0x13, 0xb8, 0x03, 0x00, 0x00
};

const u8 SwallowBest[] = {
    0x0e, 0xb4, 0x03, 0x00, 0x00, 0x0e, 0xb4, 0x03, 0x00, 0x00, 0x13, 0xb8, 0x03, 0x00, 0x00
};

const u8 Move_TRANSFORM[] = {
    0x0a, 0x00, 0x19, 0xc4, 0x00, 0xc0, 0x1d, 0xc5, 0x00, 0xc0, 0x30, 0x03, 0xb9, 0x03, 0x00, 0x00, 0x02, 0xff, 0x00, 0x00, 0x05, 0x0b, 0x00, 0x08
};

const u8 Move_MORNING_SUN[] = {
    0x00, 0x01, 0x28, 0x00, 0x2f, 0x27, 0x03, 0xba, 0x03, 0x00, 0x00, 0x05, 0x00, 0x04, 0x08, 0x03, 0x81, 0x01, 0x00, 0x00, 0x0a, 0xff, 0x81, 0x07, 0x04, 0x0e, 0x0e, 0xbb, 0x03, 0x00, 0x00, 0x0e, 0xbb, 0x03, 0x00, 0x00, 0x0e, 0xbb, 0x03, 0x00, 0x00, 0x0e, 0xbb, 0x03, 0x00, 0x00, 0x0e, 0xbb, 0x03, 0x00, 0x00, 0x0e, 0xbb, 0x03, 0x00, 0x00, 0x0e, 0xbb, 0x03, 0x00, 0x00, 0x0e, 0xbb, 0x03, 0x00, 0x00, 0x0e, 0xbb, 0x03, 0x00, 0x00, 0x0e, 0xbb, 0x03, 0x00, 0x00, 0x0e, 0xbb, 0x03, 0x00, 0x00, 0x0e, 0xbb, 0x03, 0x00, 0x00, 0x0e, 0xbb, 0x03, 0x00, 0x00, 0x0e, 0xbb, 0x03, 0x00, 0x00, 0x0e, 0xbb, 0x03, 0x00, 0x00, 0x03, 0x81, 0x01, 0x00, 0x00, 0x0a, 0xff, 0x81, 0x07, 0x05, 0x20, 0x0e, 0x67, 0x02, 0x00, 0x00, 0x08
};

const u8 MorningSunStar[] = {
    0x02, 0xbc, 0x03, 0x00, 0x00, 0x82, 0x02, 0xff, 0x1e, 0x00, 0x04, 0x05, 0x0f
};

const u8 Move_SWEET_SCENT[] = {
    0x00, 0xfe, 0x27, 0x19, 0xe5, 0x00, 0xc0, 0x02, 0xbd, 0x03, 0x00, 0x00, 0x82, 0x02, 0xff, 0x64, 0x00, 0x04, 0x19, 0x1a, 0x00, 0x0e, 0xbe, 0x03, 0x00, 0x00, 0x02, 0xbd, 0x03, 0x00, 0x00, 0x82, 0x02, 0xff, 0x37, 0x00, 0x1a, 0x3f, 0x03, 0xa5, 0x01, 0x00, 0x00, 0x02, 0xff, 0x14, 0x00, 0x0e, 0xbe, 0x03, 0x00, 0x00, 0x05, 0x08
};

const u8 SweetScentEffect[] = {
    0x02, 0xbd, 0x03, 0x00, 0x00, 0x82, 0x02, 0xff, 0x46, 0x00, 0x04, 0x02, 0x02, 0xbd, 0x03, 0x00, 0x00, 0x82, 0x02, 0xff, 0x3c, 0x00, 0x04, 0x05, 0x02, 0xbd, 0x03, 0x00, 0x00, 0x82, 0x02, 0xff, 0x50, 0x00, 0x04, 0x02, 0x02, 0xbd, 0x03, 0x00, 0x00, 0x82, 0x02, 0xff, 0x3a, 0x00, 0x04, 0x02, 0x02, 0xbd, 0x03, 0x00, 0x00, 0x82, 0x02, 0xff, 0x64, 0x00, 0x04, 0x02, 0x02, 0xbd, 0x03, 0x00, 0x00, 0x82, 0x02, 0xff, 0x5a, 0x00, 0x04, 0x02, 0x02, 0xbd, 0x03, 0x00, 0x00, 0x82, 0x02, 0xff, 0x30, 0x00, 0x04, 0x02, 0x02, 0xbd, 0x03, 0x00, 0x00, 0x82, 0x02, 0xff, 0x5f, 0x00, 0x04, 0x02, 0x02, 0xbd, 0x03, 0x00, 0x00, 0x82, 0x02, 0xff, 0x64, 0x00, 0x04, 0x02, 0x02, 0xbd, 0x03, 0x00, 0x00, 0x82, 0x02, 0xff, 0x4b, 0x00, 0x04, 0x02, 0x02, 0xbd, 0x03, 0x00, 0x00, 0x82, 0x02, 0xff, 0x55, 0x00, 0x04, 0x02, 0x0f
};

const u8 Move_HYPER_BEAM[] = {
    0x00, 0xa3, 0x27, 0x02, 0x7a, 0x01, 0x00, 0x00, 0x82, 0x02, 0xff, 0x01, 0x00, 0x05, 0x04, 0x0a, 0x19, 0xd0, 0x00, 0xc0, 0x03, 0x66, 0x01, 0x00, 0x00, 0x02, 0xff, 0x00, 0x00, 0x05, 0x04, 0x1e, 0x1f, 0xf5, 0x02, 0x00, 0x00, 0xff, 0xf0, 0x00, 0x03, 0x5e, 0x01, 0x00, 0x00, 0x02, 0xff, 0x00, 0x00, 0x03, 0xac, 0x01, 0x00, 0x00, 0x02, 0xff, 0xa3, 0x27, 0x0e, 0xbf, 0x03, 0x00, 0x00, 0x0e, 0xbf, 0x03, 0x00, 0x00, 0x0e, 0xbf, 0x03, 0x00, 0x00, 0x0e, 0xbf, 0x03, 0x00, 0x00, 0x0e, 0xbf, 0x03, 0x00, 0x00, 0x03, 0x66, 0x01, 0x00, 0x00, 0x02, 0xff, 0x01, 0x00, 0x03, 0x81, 0x01, 0x00, 0x00, 0x0a, 0xff, 0x04, 0x00, 0x0e, 0xbf, 0x03, 0x00, 0x00, 0x0e, 0xbf, 0x03, 0x00, 0x00, 0x0e, 0xbf, 0x03, 0x00, 0x00, 0x0e, 0xbf, 0x03, 0x00, 0x00, 0x0e, 0xbf, 0x03, 0x00, 0x00, 0x0e, 0xbf, 0x03, 0x00, 0x00, 0x0e, 0xbf, 0x03, 0x00, 0x00, 0x0e, 0xbf, 0x03, 0x00, 0x00, 0x0e, 0xbf, 0x03, 0x00, 0x00, 0x0e, 0xbf, 0x03, 0x00, 0x00, 0x0e, 0xbf, 0x03, 0x00, 0x00, 0x0e, 0xbf, 0x03, 0x00, 0x00, 0x0e, 0xbf, 0x03, 0x00, 0x00, 0x0e, 0xbf, 0x03, 0x00, 0x00, 0x0e, 0xbf, 0x03, 0x00, 0x00, 0x0e, 0xbf, 0x03, 0x00, 0x00, 0x0e, 0xbf, 0x03, 0x00, 0x00, 0x0e, 0xbf, 0x03, 0x00, 0x00, 0x0e, 0xbf, 0x03, 0x00, 0x00, 0x0e, 0xbf, 0x03, 0x00, 0x00, 0x0e, 0xbf, 0x03, 0x00, 0x00, 0x03, 0x81, 0x01, 0x00, 0x00, 0x0a, 0xff, 0x04, 0x00, 0x05, 0x02, 0x7a, 0x01, 0x00, 0x00, 0x82, 0x02, 0xff, 0x01, 0x00, 0x08
};

const u8 HyperBeamOrbs[] = {
    0x02, 0xc0, 0x03, 0x00, 0x00, 0x82, 0x02, 0x00, 0x02, 0xc0, 0x03, 0x00, 0x00, 0x82, 0x02, 0x00, 0x04, 0x01, 0x0f
};

const u8 Move_FLATTER[] = {
    0x00, 0xf3, 0x27, 0x00, 0x00, 0x28, 0x03, 0x38, 0x02, 0x00, 0x00, 0x05, 0xff, 0xd8, 0x00, 0x03, 0xa2, 0x03, 0x00, 0x00, 0x02, 0x00, 0x03, 0xa3, 0x03, 0x00, 0x00, 0x02, 0xff, 0xf8, 0x00, 0x05, 0x02, 0xc1, 0x03, 0x00, 0x00, 0x82, 0x02, 0xff, 0x00, 0x00, 0x04, 0x00, 0x02, 0x6b, 0x01, 0x00, 0x00, 0x82, 0x02, 0xff, 0x05, 0x00, 0x04, 0x0a, 0x02, 0x6b, 0x01, 0x00, 0x00, 0x82, 0x02, 0xff, 0x05, 0x00, 0x04, 0x00, 0x03, 0x3a, 0x02, 0x00, 0x00, 0x05, 0xff, 0xde, 0x00, 0x0e, 0xc2, 0x03, 0x00, 0x00, 0x0e, 0xc2, 0x03, 0x00, 0x00, 0x0e, 0xc2, 0x03, 0x00, 0x00, 0x0e, 0xc2, 0x03, 0x00, 0x00, 0x0e, 0xc2, 0x03, 0x00, 0x00, 0x0e, 0xc2, 0x03, 0x00, 0x00, 0x0e, 0xc2, 0x03, 0x00, 0x00, 0x0e, 0xc2, 0x03, 0x00, 0x00, 0x0e, 0xc2, 0x03, 0x00, 0x00, 0x0e, 0xc2, 0x03, 0x00, 0x00, 0x0e, 0xc2, 0x03, 0x00, 0x00, 0x0e, 0xc2, 0x03, 0x00, 0x00, 0x0e, 0xc2, 0x03, 0x00, 0x00, 0x0e, 0xc2, 0x03, 0x00, 0x00, 0x0e, 0xc2, 0x03, 0x00, 0x00, 0x0e, 0xc2, 0x03, 0x00, 0x00, 0x0e, 0xc2, 0x03, 0x00, 0x00, 0x0e, 0xc2, 0x03, 0x00, 0x00, 0x0e, 0xc2, 0x03, 0x00, 0x00, 0x04, 0x05, 0x03, 0x3a, 0x02, 0x00, 0x00, 0x05, 0xff, 0xde, 0x00, 0x05, 0x03, 0xa3, 0x03, 0x00, 0x00, 0x02, 0xff, 0xf8, 0x00, 0x05, 0x03, 0xa7, 0x03, 0x00, 0x00, 0x02, 0x00, 0x08
};

const u8 CreateFlatterConfetti[] = {
    0x02, 0xc3, 0x03, 0x00, 0x00, 0xa8, 0x28, 0xff, 0x00, 0x00, 0x02, 0xc3, 0x03, 0x00, 0x00, 0xa8, 0x28, 0xff, 0x01, 0x00, 0x0f
};

const u8 Move_ROLE_PLAY[] = {
    0x0a, 0x02, 0x03, 0x81, 0x01, 0x00, 0x00, 0x0a, 0xff, 0x04, 0x00, 0x02, 0x7a, 0x01, 0x00, 0x00, 0x82, 0x02, 0xff, 0x01, 0x00, 0x05, 0x19, 0xd5, 0x00, 0xc0, 0x1d, 0xca, 0x00, 0xc0, 0x1e, 0x03, 0xc4, 0x03, 0x00, 0x00, 0x02, 0x00, 0x05, 0x0b, 0x02, 0x03, 0x81, 0x01, 0x00, 0x00, 0x0a, 0xff, 0x04, 0x00, 0x04, 0x08, 0x02, 0x7a, 0x01, 0x00, 0x00, 0x82, 0x02, 0xff, 0x01, 0x00, 0x08
};

const u8 Move_REFRESH[] = {
    0x00, 0xdb, 0x27, 0x00, 0x41, 0x27, 0x19, 0xe8, 0x00, 0xc0, 0x03, 0xaa, 0x02, 0x00, 0x00, 0x02, 0xff, 0x00, 0x00, 0x05, 0x19, 0xdd, 0x00, 0xc0, 0x0e, 0x1a, 0x03, 0x00, 0x00, 0x05, 0x19, 0x5f, 0x00, 0xc0, 0x02, 0x7a, 0x01, 0x00, 0x00, 0x82, 0x02, 0xff, 0x1f, 0x00, 0x02, 0x5b, 0x02, 0x00, 0x00, 0x83, 0x03, 0xff, 0x00, 0x00, 0x08
};

const u8 Move_BLAZE_KICK[] = {
    0x00, 0x97, 0x27, 0x00, 0x9f, 0x27, 0x00, 0x2d, 0x27, 0x0a, 0x01, 0x0c, 0x0c, 0x08, 0x19, 0x89, 0x00, 0x3f, 0x02, 0xc5, 0x03, 0x00, 0x00, 0x83, 0x03, 0xff, 0x00, 0x00, 0x03, 0x81, 0x01, 0x00, 0x00, 0x0a, 0xff, 0x04, 0x00, 0x04, 0x1e, 0x19, 0x8c, 0x00, 0x3f, 0x02, 0x5d, 0x01, 0x00, 0x00, 0x82, 0x02, 0xff, 0x00, 0x00, 0x03, 0x66, 0x01, 0x00, 0x00, 0x02, 0xff, 0x01, 0x00, 0x03, 0x81, 0x01, 0x00, 0x00, 0x0a, 0xff, 0x04, 0x00, 0x02, 0x79, 0x01, 0x00, 0x00, 0x82, 0x02, 0xff, 0x1f, 0x00, 0x0e, 0x75, 0x01, 0x00, 0x00, 0x05, 0x0b, 0x01, 0x0d, 0x08
};

const u8 Move_HYPER_VOICE[] = {
    0x00, 0xdb, 0x27, 0x0e, 0xc6, 0x03, 0x00, 0x00, 0x05, 0x04, 0x08, 0x0e, 0xc6, 0x03, 0x00, 0x00, 0x05, 0x08
};

const u8 HyperVoiceEffect[] = {
    0x03, 0xc7, 0x03, 0x00, 0x00, 0x05, 0x00, 0x02, 0x7a, 0x01, 0x00, 0x00, 0x82, 0x02, 0xff, 0x1f, 0x00, 0x03, 0xa2, 0x01, 0x00, 0x00, 0x05, 0xff, 0xfb, 0xff, 0x02, 0xc8, 0x03, 0x00, 0x00, 0x80, 0x00, 0xff, 0x2d, 0x00, 0x03, 0x66, 0x01, 0x00, 0x00, 0x02, 0xff, 0x01, 0x00, 0x03, 0x66, 0x01, 0x00, 0x00, 0x02, 0xff, 0x03, 0x00, 0x03, 0xc9, 0x03, 0x00, 0x00, 0x02, 0xff, 0x01, 0x00, 0x03, 0xdd, 0x02, 0x00, 0x00, 0x05, 0x00, 0x0f
};

const u8 Move_SAND_TOMB[] = {
    0x00, 0x5a, 0x27, 0x02, 0x7a, 0x01, 0x00, 0x00, 0x80, 0x00, 0xff, 0x04, 0x00, 0x03, 0x5e, 0x01, 0x00, 0x00, 0x05, 0xff, 0x01, 0x00, 0x19, 0xdf, 0x00, 0x3f, 0x0e, 0xca, 0x03, 0x00, 0x00, 0x0e, 0xca, 0x03, 0x00, 0x00, 0x0e, 0xca, 0x03, 0x00, 0x00, 0x04, 0x16, 0x02, 0x7a, 0x01, 0x00, 0x00, 0x80, 0x00, 0xff, 0x04, 0x00, 0x05, 0x08
};

const u8 SandTombSwirlingDirt[] = {
    0x02, 0xcb, 0x03, 0x00, 0x00, 0x82, 0x02, 0xff, 0x00, 0x00, 0x04, 0x02, 0x02, 0xcb, 0x03, 0x00, 0x00, 0x82, 0x02, 0xff, 0x00, 0x00, 0x04, 0x02, 0x02, 0xcb, 0x03, 0x00, 0x00, 0x82, 0x02, 0xff, 0x00, 0x00, 0x04, 0x02, 0x02, 0xcb, 0x03, 0x00, 0x00, 0x82, 0x02, 0xff, 0x00, 0x00, 0x04, 0x02, 0x02, 0xcb, 0x03, 0x00, 0x00, 0x82, 0x02, 0xff, 0x00, 0x00, 0x04, 0x02, 0x02, 0xcb, 0x03, 0x00, 0x00, 0x82, 0x02, 0xff, 0x00, 0x00, 0x04, 0x02, 0x0f
};

const u8 Move_SHEER_COLD[] = {
    0x14, 0x0f, 0x16, 0x19, 0x82, 0x00, 0x00, 0x17, 0x00, 0x1a, 0x27, 0x0a, 0x03, 0x28, 0x01, 0x0c, 0x0c, 0x08, 0x03, 0xcc, 0x03, 0x00, 0x00, 0x02, 0x00, 0x1d, 0xeb, 0x00, 0x3f, 0x11, 0x05, 0x0b, 0x03, 0x0d, 0x15, 0x17, 0x08
};

const u8 Move_ARM_THRUST[] = {
    0x00, 0x9f, 0x27, 0x00, 0x97, 0x27, 0x28, 0x01, 0x0c, 0x0c, 0x08, 0x03, 0x7b, 0x01, 0x00, 0x00, 0x05, 0xff, 0x08, 0x00, 0x04, 0x06, 0x02, 0x6a, 0x01, 0x00, 0x00, 0x82, 0x02, 0xff, 0x04, 0x00, 0x04, 0x04, 0x19, 0xba, 0x00, 0x3f, 0x02, 0xcd, 0x03, 0x00, 0x00, 0x82, 0x02, 0xff, 0x0a, 0x00, 0x05, 0x03, 0x7b, 0x01, 0x00, 0x00, 0x05, 0xff, 0x08, 0x00, 0x19, 0x7f, 0x00, 0x3f, 0x11, 0xce, 0x03, 0x00, 0x00, 0xcf, 0x03, 0x00, 0x00
};

const u8 ArmThrustContinue[] = {
    0x03, 0x5e, 0x01, 0x00, 0x00, 0x05, 0xff, 0x01, 0x00, 0x05, 0x0d, 0x08
};

const u8 ArmThrustRight[] = {
    0x02, 0x5d, 0x01, 0x00, 0x00, 0x82, 0x02, 0xff, 0x08, 0x00, 0x13, 0xd0, 0x03, 0x00, 0x00
};

const u8 ArmThrustLeft[] = {
    0x02, 0x5d, 0x01, 0x00, 0x00, 0x82, 0x02, 0xff, 0xf8, 0xff, 0x13, 0xd0, 0x03, 0x00, 0x00
};

const u8 Move_MUDDY_WATER[] = {
    0x1b, 0x9e, 0x00, 0xc0, 0x3f, 0x02, 0x00, 0x03, 0x31, 0x03, 0x00, 0x00, 0x02, 0xff, 0x01, 0x00, 0x05, 0x08
};

const u8 Move_BULLET_SEED[] = {
    0x00, 0x16, 0x27, 0x02, 0xd1, 0x03, 0x00, 0x00, 0x82, 0x02, 0xff, 0x14, 0x00, 0x04, 0x05, 0x02, 0xd1, 0x03, 0x00, 0x00, 0x82, 0x02, 0xff, 0x14, 0x00, 0x04, 0x05, 0x02, 0xd1, 0x03, 0x00, 0x00, 0x82, 0x02, 0xff, 0x14, 0x00, 0x04, 0x05, 0x03, 0x66, 0x01, 0x00, 0x00, 0x02, 0xff, 0x01, 0x00, 0x02, 0xd1, 0x03, 0x00, 0x00, 0x82, 0x02, 0xff, 0x14, 0x00, 0x04, 0x05, 0x02, 0xd1, 0x03, 0x00, 0x00, 0x82, 0x02, 0xff, 0x14, 0x00, 0x04, 0x05, 0x02, 0xd1, 0x03, 0x00, 0x00, 0x82, 0x02, 0xff, 0x14, 0x00, 0x04, 0x05, 0x02, 0xd1, 0x03, 0x00, 0x00, 0x82, 0x02, 0xff, 0x14, 0x00, 0x04, 0x05, 0x02, 0xd1, 0x03, 0x00, 0x00, 0x82, 0x02, 0xff, 0x14, 0x00, 0x04, 0x05, 0x02, 0xd1, 0x03, 0x00, 0x00, 0x82, 0x02, 0xff, 0x14, 0x00, 0x04, 0x05, 0x02, 0xd1, 0x03, 0x00, 0x00, 0x82, 0x02, 0xff, 0x14, 0x00, 0x05, 0x08
};

const u8 Move_DRAGON_CLAW[] = {
    0x00, 0x2d, 0x27, 0x00, 0x37, 0x27, 0x19, 0x8f, 0x00, 0xc0, 0x03, 0x81, 0x01, 0x00, 0x00, 0x0a, 0xff, 0x02, 0x00, 0x03, 0x5e, 0x01, 0x00, 0x00, 0x05, 0xff, 0x00, 0x00, 0x0e, 0xd2, 0x03, 0x00, 0x00, 0x0e, 0xd2, 0x03, 0x00, 0x00, 0x02, 0x6a, 0x01, 0x00, 0x00, 0x82, 0x02, 0xff, 0x06, 0x00, 0x02, 0xb2, 0x01, 0x00, 0x00, 0x82, 0x02, 0xff, 0x00, 0x00, 0x04, 0x02, 0x03, 0x3a, 0x02, 0x00, 0x00, 0x05, 0xff, 0x81, 0x00, 0x02, 0xa7, 0x02, 0x00, 0x00, 0x82, 0x02, 0xff, 0xf6, 0xff, 0x02, 0xa7, 0x02, 0x00, 0x00, 0x82, 0x02, 0xff, 0xf6, 0xff, 0x02, 0xed, 0x01, 0x00, 0x00, 0x82, 0x02, 0xff, 0xfc, 0xff, 0x02, 0xb2, 0x01, 0x00, 0x00, 0x82, 0x02, 0xff, 0x00, 0x00, 0x04, 0x02, 0x02, 0xb2, 0x01, 0x00, 0x00, 0x82, 0x02, 0xff, 0x00, 0x00, 0x04, 0x02, 0x02, 0xb2, 0x01, 0x00, 0x00, 0x82, 0x02, 0xff, 0x00, 0x00, 0x04, 0x02, 0x02, 0x6a, 0x01, 0x00, 0x00, 0x82, 0x02, 0xff, 0x06, 0x00, 0x02, 0xb2, 0x01, 0x00, 0x00, 0x82, 0x02, 0xff, 0x00, 0x00, 0x04, 0x02, 0x03, 0x3a, 0x02, 0x00, 0x00, 0x05, 0xff, 0x81, 0x00, 0x02, 0xa7, 0x02, 0x00, 0x00, 0x82, 0x02, 0xff, 0x0a, 0x00, 0x02, 0xa7, 0x02, 0x00, 0x00, 0x82, 0x02, 0xff, 0x0a, 0x00, 0x02, 0xed, 0x01, 0x00, 0x00, 0x82, 0x02, 0xff, 0xfc, 0xff, 0x02, 0xb2, 0x01, 0x00, 0x00, 0x82, 0x02, 0xff, 0x00, 0x00, 0x04, 0x02, 0x02, 0xb2, 0x01, 0x00, 0x00, 0x82, 0x02, 0xff, 0x00, 0x00, 0x04, 0x02, 0x02, 0xb2, 0x01, 0x00, 0x00, 0x82, 0x02, 0xff, 0x00, 0x00, 0x04, 0x02, 0x02, 0xb2, 0x01, 0x00, 0x00, 0x82, 0x02, 0xff, 0x00, 0x00, 0x04, 0x02, 0x02, 0xb2, 0x01, 0x00, 0x00, 0x82, 0x02, 0xff, 0x00, 0x00, 0x04, 0x02, 0x02, 0xb2, 0x01, 0x00, 0x00, 0x82, 0x02, 0xff, 0x00, 0x00, 0x04, 0x02, 0x02, 0xb2, 0x01, 0x00, 0x00, 0x82, 0x02, 0xff, 0x00, 0x00, 0x03, 0x81, 0x01, 0x00, 0x00, 0x0a, 0xff, 0x02, 0x00, 0x05, 0x08
};

const u8 DragonClawFireSpiral[] = {
    0x02, 0xb2, 0x01, 0x00, 0x00, 0x82, 0x02, 0xff, 0x00, 0x00, 0x04, 0x02, 0x02, 0xb2, 0x01, 0x00, 0x00, 0x82, 0x02, 0xff, 0x00, 0x00, 0x04, 0x02, 0x02, 0xb2, 0x01, 0x00, 0x00, 0x82, 0x02, 0xff, 0x00, 0x00, 0x04, 0x02, 0x02, 0xb2, 0x01, 0x00, 0x00, 0x82, 0x02, 0xff, 0x00, 0x00, 0x04, 0x02, 0x02, 0xb2, 0x01, 0x00, 0x00, 0x82, 0x02, 0xff, 0x00, 0x00, 0x04, 0x02, 0x02, 0xb2, 0x01, 0x00, 0x00, 0x82, 0x02, 0xff, 0x00, 0x00, 0x04, 0x02, 0x0f, 0x08
};

const u8 Move_MUD_SHOT[] = {
    0x00, 0x13, 0x28, 0x0a, 0x03, 0x28, 0x01, 0x0c, 0x0c, 0x08, 0x03, 0x5e, 0x01, 0x00, 0x00, 0x05, 0xff, 0x00, 0x00, 0x04, 0x06, 0x03, 0x0e, 0x03, 0x00, 0x00, 0x05, 0xff, 0x64, 0x00, 0x1b, 0x9e, 0x00, 0xc0, 0x3f, 0x01, 0x00, 0x0e, 0xd3, 0x03, 0x00, 0x00, 0x0e, 0xd3, 0x03, 0x00, 0x00, 0x0e, 0xd3, 0x03, 0x00, 0x00, 0x03, 0x5e, 0x01, 0x00, 0x00, 0x05, 0xff, 0x01, 0x00, 0x0e, 0xd3, 0x03, 0x00, 0x00, 0x0e, 0xd3, 0x03, 0x00, 0x00, 0x0e, 0xd3, 0x03, 0x00, 0x00, 0x0e, 0xd3, 0x03, 0x00, 0x00, 0x0e, 0xd3, 0x03, 0x00, 0x00, 0x0e, 0xd3, 0x03, 0x00, 0x00, 0x0e, 0xd3, 0x03, 0x00, 0x00, 0x0e, 0xd3, 0x03, 0x00, 0x00, 0x05, 0x0b, 0x03, 0x0d, 0x08
};

const u8 MudShotOrbs[] = {
    0x02, 0xd4, 0x03, 0x00, 0x00, 0x83, 0x03, 0xff, 0x0a, 0x00, 0x04, 0x02, 0x02, 0xd4, 0x03, 0x00, 0x00, 0x83, 0x03, 0xff, 0x0a, 0x00, 0x04, 0x02, 0x0f
};

const u8 Move_METEOR_MASH[] = {
    0x00, 0xf9, 0x27, 0x00, 0x97, 0x27, 0x00, 0x9f, 0x27, 0x1b, 0xc9, 0x00, 0xc0, 0x3f, 0x03, 0x00, 0x14, 0x10, 0x17, 0x05, 0x02, 0xd5, 0x03, 0x00, 0x00, 0x83, 0x03, 0xff, 0xd0, 0xff, 0x04, 0x0a, 0x02, 0xd5, 0x03, 0x00, 0x00, 0x83, 0x03, 0xff, 0x90, 0xff, 0x04, 0x28, 0x02, 0xc5, 0x03, 0x00, 0x00, 0x83, 0x03, 0xff, 0x00, 0x00, 0x02, 0xd5, 0x03, 0x00, 0x00, 0x83, 0x03, 0xff, 0xb0, 0xff, 0x04, 0x14, 0x19, 0x74, 0x00, 0x3f, 0x02, 0x5d, 0x01, 0x00, 0x00, 0x83, 0x03, 0xff, 0x00, 0x00, 0x03, 0x66, 0x01, 0x00, 0x00, 0x02, 0xff, 0x01, 0x00, 0x05, 0x04, 0x0a, 0x15, 0x17, 0x05, 0x08
};

const u8 Move_REVENGE[] = {
    0x00, 0x05, 0x28, 0x0a, 0x01, 0x0c, 0x0c, 0x08, 0x19, 0x91, 0x00, 0xc0, 0x02, 0xd6, 0x03, 0x00, 0x00, 0x82, 0x02, 0xff, 0x0a, 0x00, 0x05, 0x03, 0xa5, 0x01, 0x00, 0x00, 0x02, 0xff, 0x02, 0x00, 0x05, 0x01, 0x05, 0x28, 0x00, 0x06, 0x28, 0x02, 0x6a, 0x01, 0x00, 0x00, 0x82, 0x02, 0xff, 0x06, 0x00, 0x04, 0x04, 0x19, 0xba, 0x00, 0x3f, 0x02, 0xd7, 0x03, 0x00, 0x00, 0x82, 0x02, 0xff, 0x0a, 0x00, 0x05, 0x01, 0x06, 0x28, 0x00, 0x97, 0x27, 0x03, 0x66, 0x01, 0x00, 0x00, 0x02, 0xff, 0x01, 0x00, 0x02, 0xd8, 0x03, 0x00, 0x00, 0x83, 0x03, 0xff, 0xf6, 0xff, 0x19, 0x74, 0x00, 0x3f, 0x04, 0x08, 0x02, 0xd8, 0x03, 0x00, 0x00, 0x83, 0x03, 0xff, 0x0a, 0x00, 0x19, 0x86, 0x00, 0x3f, 0x05, 0x0b, 0x01, 0x0d, 0x08
};

const u8 Move_POISON_FANG[] = {
    0x00, 0xd0, 0x27, 0x00, 0xa6, 0x27, 0x19, 0x9a, 0x00, 0x3f, 0x02, 0x9d, 0x03, 0x00, 0x00, 0x82, 0x02, 0x00, 0x04, 0x0a, 0x03, 0x5e, 0x01, 0x00, 0x00, 0x03, 0xff, 0x01, 0x00, 0x05, 0x03, 0xa5, 0x01, 0x00, 0x00, 0x02, 0xff, 0x04, 0x00, 0x0e, 0x7d, 0x01, 0x00, 0x00, 0x05, 0x08
};

const u8 Move_SUBSTITUTE[] = {
    0x19, 0xdb, 0x00, 0xc0, 0x03, 0xd9, 0x03, 0x00, 0x00, 0x02, 0x00, 0x08
};

const u8 Move_FRENZY_PLANT[] = {
    0x00, 0xef, 0x27, 0x00, 0x97, 0x27, 0x0a, 0x01, 0x28, 0x01, 0x0c, 0x0c, 0x08, 0x02, 0x7a, 0x01, 0x00, 0x00, 0x80, 0x00, 0xff, 0x01, 0x00, 0x05, 0x02, 0xda, 0x03, 0x00, 0x00, 0x82, 0x02, 0xff, 0x0a, 0x00, 0x19, 0x94, 0x00, 0xc0, 0x04, 0x05, 0x02, 0xda, 0x03, 0x00, 0x00, 0x82, 0x02, 0xff, 0x14, 0x00, 0x19, 0x94, 0x00, 0xd5, 0x04, 0x05, 0x02, 0xda, 0x03, 0x00, 0x00, 0x82, 0x02, 0xff, 0x1e, 0x00, 0x19, 0x94, 0x00, 0xea, 0x04, 0x05, 0x02, 0xda, 0x03, 0x00, 0x00, 0x82, 0x02, 0xff, 0x28, 0x00, 0x19, 0x94, 0x00, 0x00, 0x04, 0x05, 0x02, 0xda, 0x03, 0x00, 0x00, 0x82, 0x02, 0xff, 0x32, 0x00, 0x19, 0x94, 0x00, 0x15, 0x04, 0x05, 0x02, 0xda, 0x03, 0x00, 0x00, 0x82, 0x02, 0xff, 0x3c, 0x00, 0x19, 0x94, 0x00, 0x2a, 0x04, 0x05, 0x02, 0xda, 0x03, 0x00, 0x00, 0x82, 0x02, 0xff, 0x4b, 0x00, 0x19, 0x94, 0x00, 0x3f, 0x04, 0x05, 0x02, 0xda, 0x03, 0x00, 0x00, 0x82, 0x02, 0xff, 0x55, 0x00, 0x19, 0x94, 0x00, 0x3f, 0x04, 0x05, 0x02, 0xda, 0x03, 0x00, 0x00, 0x82, 0x02, 0xff, 0x55, 0x00, 0x19, 0x94, 0x00, 0x3f, 0x04, 0x05, 0x02, 0x5d, 0x01, 0x00, 0x00, 0x82, 0x02, 0xff, 0xf6, 0xff, 0x19, 0x7f, 0x00, 0x3f, 0x03, 0x5e, 0x01, 0x00, 0x00, 0x03, 0xff, 0x01, 0x00, 0x04, 0x03, 0x02, 0x5d, 0x01, 0x00, 0x00, 0x82, 0x02, 0xff, 0x0a, 0x00, 0x19, 0x7f, 0x00, 0x3f, 0x04, 0x03, 0x02, 0x5d, 0x01, 0x00, 0x00, 0x82, 0x02, 0xff, 0x0a, 0x00, 0x19, 0x7f, 0x00, 0x3f, 0x04, 0x03, 0x02, 0x5d, 0x01, 0x00, 0x00, 0x82, 0x02, 0xff, 0xfd, 0xff, 0x19, 0x7f, 0x00, 0x3f, 0x04, 0x02, 0x02, 0x5d, 0x01, 0x00, 0x00, 0x82, 0x02, 0xff, 0xf6, 0xff, 0x19, 0x7f, 0x00, 0x3f, 0x04, 0x02, 0x02, 0x5d, 0x01, 0x00, 0x00, 0x82, 0x02, 0xff, 0x00, 0x00, 0x19, 0x7f, 0x00, 0x3f, 0x05, 0x02, 0x7a, 0x01, 0x00, 0x00, 0x80, 0x00, 0xff, 0x01, 0x00, 0x05, 0x0b, 0x01, 0x0d, 0x08
};

const u8 Move_METAL_SOUND[] = {
    0x00, 0x14, 0x28, 0x0a, 0x03, 0x2a, 0x01, 0x03, 0x66, 0x01, 0x00, 0x00, 0x02, 0xff, 0x00, 0x00, 0x0e, 0xdb, 0x03, 0x00, 0x00, 0x0e, 0xdb, 0x03, 0x00, 0x00, 0x0e, 0xdb, 0x03, 0x00, 0x00, 0x0e, 0xdb, 0x03, 0x00, 0x00, 0x05, 0x0b, 0x03, 0x04, 0x00, 0x05, 0x08
};

const u8 MetalSoundRings[] = {
    0x1b, 0xae, 0x00, 0xc0, 0x3f, 0x02, 0x00, 0x02, 0xdc, 0x03, 0x00, 0x00, 0x82, 0x02, 0xff, 0x10, 0x00, 0x04, 0x02, 0x0f
};

const u8 Move_FOCUS_PUNCH[] = {
    0x13, 0xdd, 0x03, 0x00, 0x00
};

const u8 FocusPunchEnd[] = {
    0x05, 0x08
};

const u8 FocusPunch[] = {
    0x00, 0x97, 0x27, 0x00, 0x9f, 0x27, 0x04, 0x01, 0x03, 0x8b, 0x01, 0x00, 0x00, 0x02, 0x00, 0x21, 0x07, 0x01, 0x00, 0xde, 0x03, 0x00, 0x00, 0x03, 0x8d, 0x01, 0x00, 0x00, 0x02, 0x00, 0x21, 0x07, 0x00, 0x00, 0xdf, 0x03, 0x00, 0x00, 0x21, 0x07, 0x01, 0x00, 0xe0, 0x03, 0x00, 0x00
};

const u8 FocusPunchContinue[] = {
    0x17, 0x0a, 0x03, 0x0c, 0x0c, 0x08, 0x19, 0xba, 0x00, 0x3f, 0x02, 0xe1, 0x03, 0x00, 0x00, 0x82, 0x02, 0x00, 0x04, 0x0a, 0x02, 0x5d, 0x01, 0x00, 0x00, 0x82, 0x02, 0xff, 0xf6, 0xff, 0x03, 0x5e, 0x01, 0x00, 0x00, 0x05, 0xff, 0x01, 0x00, 0x04, 0x08, 0x02, 0x5d, 0x01, 0x00, 0x00, 0x82, 0x02, 0xff, 0x0a, 0x00, 0x19, 0x74, 0x00, 0x3f, 0x04, 0x08, 0x02, 0x5d, 0x01, 0x00, 0x00, 0x82, 0x02, 0xff, 0x0a, 0x00, 0x19, 0x74, 0x00, 0x3f, 0x04, 0x08, 0x02, 0x5d, 0x01, 0x00, 0x00, 0x82, 0x02, 0xff, 0x00, 0x00, 0x19, 0x86, 0x00, 0x3f, 0x05, 0x15, 0x17, 0x0b, 0x03, 0x0d, 0x13, 0xe2, 0x03, 0x00, 0x00
};

const u8 FocusPunchOnOpponent[] = {
    0x14, 0x04, 0x13, 0xe3, 0x03, 0x00, 0x00
};

const u8 FocusPunchOnPlayer[] = {
    0x14, 0x05, 0x13, 0xe3, 0x03, 0x00, 0x00
};

const u8 FocusPunchInContest[] = {
    0x14, 0x06, 0x13, 0xe3, 0x03, 0x00, 0x00
};

const u8 Move_RETURN[] = {
    0x00, 0x97, 0x27, 0x0a, 0x03, 0x0c, 0x0c, 0x08, 0x03, 0xe4, 0x03, 0x00, 0x00, 0x02, 0x00, 0x04, 0x02, 0x21, 0x07, 0x00, 0x00, 0xe5, 0x03, 0x00, 0x00, 0x21, 0x07, 0x01, 0x00, 0xe6, 0x03, 0x00, 0x00, 0x21, 0x07, 0x02, 0x00, 0xe7, 0x03, 0x00, 0x00, 0x21, 0x07, 0x03, 0x00, 0xe8, 0x03, 0x00, 0x00
};

const u8 ReturnContinue[] = {
    0x05, 0x0b, 0x03, 0x0d, 0x08
};

const u8 ReturnWeak[] = {
    0x02, 0x6b, 0x01, 0x00, 0x00, 0x82, 0x02, 0xff, 0x10, 0x00, 0x03, 0x38, 0x02, 0x00, 0x00, 0x05, 0xff, 0xa0, 0x00, 0x05, 0x02, 0x6b, 0x01, 0x00, 0x00, 0x82, 0x02, 0xff, 0x10, 0x00, 0x03, 0x38, 0x02, 0x00, 0x00, 0x05, 0xff, 0xa0, 0x00, 0x04, 0x05, 0x02, 0x5d, 0x01, 0x00, 0x00, 0x82, 0x02, 0xff, 0xf6, 0xff, 0x03, 0x3a, 0x02, 0x00, 0x00, 0x05, 0xff, 0x84, 0x00, 0x13, 0xe9, 0x03, 0x00, 0x00
};

const u8 ReturnMedium[] = {
    0x02, 0x6b, 0x01, 0x00, 0x00, 0x82, 0x02, 0xff, 0x06, 0x00, 0x03, 0x38, 0x02, 0x00, 0x00, 0x05, 0xff, 0xa0, 0x00, 0x05, 0x02, 0x6b, 0x01, 0x00, 0x00, 0x82, 0x02, 0xff, 0x06, 0x00, 0x03, 0x38, 0x02, 0x00, 0x00, 0x05, 0xff, 0xa0, 0x00, 0x05, 0x04, 0x0b, 0x02, 0x6a, 0x01, 0x00, 0x00, 0x82, 0x02, 0xff, 0x05, 0x00, 0x04, 0x06, 0x02, 0x5d, 0x01, 0x00, 0x00, 0x83, 0x03, 0xff, 0x00, 0x00, 0x03, 0x3a, 0x02, 0x00, 0x00, 0x05, 0xff, 0x86, 0x00, 0x13, 0xe9, 0x03, 0x00, 0x00
};

const u8 ReturnStrong[] = {
    0x02, 0x6b, 0x01, 0x00, 0x00, 0x82, 0x02, 0xff, 0x06, 0x00, 0x03, 0x38, 0x02, 0x00, 0x00, 0x05, 0xff, 0xa0, 0x00, 0x05, 0x02, 0x6b, 0x01, 0x00, 0x00, 0x82, 0x02, 0xff, 0x06, 0x00, 0x03, 0x38, 0x02, 0x00, 0x00, 0x05, 0xff, 0xa0, 0x00, 0x05, 0x02, 0x6b, 0x01, 0x00, 0x00, 0x82, 0x02, 0xff, 0x06, 0x00, 0x03, 0x38, 0x02, 0x00, 0x00, 0x05, 0xff, 0xa0, 0x00, 0x05, 0x02, 0x6b, 0x01, 0x00, 0x00, 0x82, 0x02, 0xff, 0x06, 0x00, 0x03, 0x38, 0x02, 0x00, 0x00, 0x05, 0xff, 0xa0, 0x00, 0x05, 0x02, 0x5d, 0x01, 0x00, 0x00, 0x82, 0x02, 0xff, 0xf6, 0xff, 0x03, 0x3a, 0x02, 0x00, 0x00, 0x05, 0xff, 0x74, 0x00, 0x03, 0x5e, 0x01, 0x00, 0x00, 0x05, 0xff, 0x01, 0x00, 0x04, 0x08, 0x02, 0x5d, 0x01, 0x00, 0x00, 0x82, 0x02, 0xff, 0x0a, 0x00, 0x03, 0x3a, 0x02, 0x00, 0x00, 0x05, 0xff, 0x74, 0x00, 0x03, 0x5e, 0x01, 0x00, 0x00, 0x05, 0xff, 0x01, 0x00, 0x04, 0x08, 0x02, 0x5d, 0x01, 0x00, 0x00, 0x82, 0x02, 0xff, 0x03, 0x00, 0x03, 0x3a, 0x02, 0x00, 0x00, 0x05, 0xff, 0x74, 0x00, 0x03, 0x5e, 0x01, 0x00, 0x00, 0x05, 0xff, 0x01, 0x00, 0x04, 0x08, 0x02, 0x5d, 0x01, 0x00, 0x00, 0x82, 0x02, 0xff, 0xfb, 0xff, 0x03, 0x3a, 0x02, 0x00, 0x00, 0x05, 0xff, 0x74, 0x00, 0x03, 0x5e, 0x01, 0x00, 0x00, 0x05, 0xff, 0x01, 0x00, 0x13, 0xe9, 0x03, 0x00, 0x00
};

const u8 ReturnStrongest[] = {
    0x02, 0x7a, 0x01, 0x00, 0x00, 0x82, 0x02, 0xff, 0x01, 0x00, 0x05, 0x02, 0x6b, 0x01, 0x00, 0x00, 0x82, 0x02, 0xff, 0x10, 0x00, 0x03, 0x38, 0x02, 0x00, 0x00, 0x05, 0xff, 0xa0, 0x00, 0x04, 0x08, 0x02, 0x5d, 0x01, 0x00, 0x00, 0x82, 0x02, 0xff, 0x03, 0x00, 0x03, 0x3a, 0x02, 0x00, 0x00, 0x05, 0xff, 0x74, 0x00, 0x05, 0x02, 0x6b, 0x01, 0x00, 0x00, 0x82, 0x02, 0xff, 0x0c, 0x00, 0x03, 0x38, 0x02, 0x00, 0x00, 0x05, 0xff, 0xa0, 0x00, 0x04, 0x05, 0x02, 0x5d, 0x01, 0x00, 0x00, 0x82, 0x02, 0xff, 0xf6, 0xff, 0x03, 0x3a, 0x02, 0x00, 0x00, 0x05, 0xff, 0x74, 0x00, 0x03, 0x5e, 0x01, 0x00, 0x00, 0x05, 0xff, 0x01, 0x00, 0x05, 0x04, 0x04, 0x02, 0x6b, 0x01, 0x00, 0x00, 0x82, 0x02, 0xff, 0x08, 0x00, 0x03, 0x38, 0x02, 0x00, 0x00, 0x05, 0xff, 0xa0, 0x00, 0x04, 0x05, 0x02, 0x5d, 0x01, 0x00, 0x00, 0x82, 0x02, 0xff, 0xf6, 0xff, 0x03, 0x3a, 0x02, 0x00, 0x00, 0x05, 0xff, 0x74, 0x00, 0x03, 0x5e, 0x01, 0x00, 0x00, 0x05, 0xff, 0x01, 0x00, 0x05, 0x04, 0x02, 0x03, 0x1b, 0x02, 0x00, 0x00, 0x02, 0xff, 0x00, 0x00, 0x02, 0x6b, 0x01, 0x00, 0x00, 0x82, 0x02, 0xff, 0x04, 0x00, 0x03, 0x38, 0x02, 0x00, 0x00, 0x05, 0xff, 0xa0, 0x00, 0x02, 0x5d, 0x01, 0x00, 0x00, 0x82, 0x02, 0xff, 0xf6, 0xff, 0x03, 0x3a, 0x02, 0x00, 0x00, 0x05, 0xff, 0x74, 0x00, 0x03, 0x5e, 0x01, 0x00, 0x00, 0x05, 0xff, 0x01, 0x00, 0x03, 0x1b, 0x02, 0x00, 0x00, 0x02, 0xff, 0x00, 0x00, 0x05, 0x02, 0x6b, 0x01, 0x00, 0x00, 0x82, 0x02, 0xff, 0x04, 0x00, 0x03, 0x38, 0x02, 0x00, 0x00, 0x05, 0xff, 0xa0, 0x00, 0x04, 0x05, 0x02, 0x5d, 0x01, 0x00, 0x00, 0x82, 0x02, 0xff, 0xf6, 0xff, 0x03, 0x3a, 0x02, 0x00, 0x00, 0x05, 0xff, 0x74, 0x00, 0x03, 0x5e, 0x01, 0x00, 0x00, 0x05, 0xff, 0x01, 0x00, 0x03, 0x1b, 0x02, 0x00, 0x00, 0x02, 0xff, 0x00, 0x00, 0x05, 0x0e, 0xea, 0x03, 0x00, 0x00, 0x0e, 0xea, 0x03, 0x00, 0x00, 0x0e, 0xea, 0x03, 0x00, 0x00, 0x0e, 0xea, 0x03, 0x00, 0x00, 0x02, 0x5d, 0x01, 0x00, 0x00, 0x82, 0x02, 0xff, 0xf6, 0xff, 0x03, 0x3a, 0x02, 0x00, 0x00, 0x05, 0xff, 0x86, 0x00, 0x03, 0x5e, 0x01, 0x00, 0x00, 0x05, 0xff, 0x01, 0x00, 0x04, 0x06, 0x02, 0x5d, 0x01, 0x00, 0x00, 0x82, 0x02, 0xff, 0x0a, 0x00, 0x03, 0x3a, 0x02, 0x00, 0x00, 0x05, 0xff, 0x86, 0x00, 0x04, 0x06, 0x02, 0x5d, 0x01, 0x00, 0x00, 0x82, 0x02, 0xff, 0x03, 0x00, 0x03, 0x3a, 0x02, 0x00, 0x00, 0x05, 0xff, 0x86, 0x00, 0x04, 0x06, 0x02, 0x5d, 0x01, 0x00, 0x00, 0x82, 0x02, 0xff, 0xfb, 0xff, 0x03, 0x3a, 0x02, 0x00, 0x00, 0x05, 0xff, 0x86, 0x00, 0x05, 0x02, 0x7a, 0x01, 0x00, 0x00, 0x82, 0x02, 0xff, 0x01, 0x00, 0x13, 0xe9, 0x03, 0x00, 0x00
};

const u8 ReturnStrongestHit[] = {
    0x02, 0x6b, 0x01, 0x00, 0x00, 0x82, 0x02, 0xff, 0x04, 0x00, 0x03, 0x38, 0x02, 0x00, 0x00, 0x05, 0xff, 0xa0, 0x00, 0x02, 0x5d, 0x01, 0x00, 0x00, 0x82, 0x02, 0xff, 0x00, 0x00, 0x03, 0x3a, 0x02, 0x00, 0x00, 0x05, 0xff, 0x74, 0x00, 0x03, 0x5e, 0x01, 0x00, 0x00, 0x05, 0xff, 0x01, 0x00, 0x03, 0x1b, 0x02, 0x00, 0x00, 0x02, 0xff, 0x00, 0x00, 0x05, 0x0f
};

const u8 Move_COSMIC_POWER[] = {
    0x00, 0x41, 0x27, 0x03, 0x38, 0x02, 0x00, 0x00, 0x05, 0xff, 0xec, 0x00, 0x19, 0xec, 0x00, 0x00, 0x03, 0xeb, 0x03, 0x00, 0x00, 0x02, 0xff, 0x00, 0x00, 0x05, 0x14, 0x10, 0x16, 0x03, 0x04, 0x02, 0x00, 0x00, 0x02, 0xff, 0x00, 0x00, 0x17, 0x04, 0x46, 0x03, 0x3a, 0x02, 0x00, 0x00, 0x05, 0xff, 0xdd, 0x00, 0x02, 0xec, 0x03, 0x00, 0x00, 0x82, 0x02, 0xff, 0xf1, 0xff, 0x04, 0x08, 0x02, 0xec, 0x03, 0x00, 0x00, 0x82, 0x02, 0xff, 0x0c, 0x00, 0x04, 0x28, 0x03, 0xeb, 0x03, 0x00, 0x00, 0x02, 0xff, 0x00, 0x00, 0x05, 0x15, 0x16, 0x10, 0x07, 0xff, 0xff, 0x17, 0x05, 0x08
};

const u8 Move_BLAST_BURN[] = {
    0x00, 0x33, 0x27, 0x00, 0x97, 0x27, 0x0a, 0x03, 0x0c, 0x0c, 0x08, 0x19, 0x8e, 0x00, 0xc0, 0x02, 0xd7, 0x02, 0x00, 0x00, 0x82, 0x02, 0xff, 0xe0, 0xff, 0x02, 0xd7, 0x02, 0x00, 0x00, 0x82, 0x02, 0xff, 0xec, 0xff, 0x02, 0xd7, 0x02, 0x00, 0x00, 0xc2, 0x42, 0xff, 0x00, 0x00, 0x02, 0xd7, 0x02, 0x00, 0x00, 0xc2, 0x42, 0xff, 0x14, 0x00, 0x02, 0xd7, 0x02, 0x00, 0x00, 0xc2, 0x42, 0xff, 0x20, 0x00, 0x02, 0xd7, 0x02, 0x00, 0x00, 0xc2, 0x42, 0xff, 0x14, 0x00, 0x02, 0xd7, 0x02, 0x00, 0x00, 0x82, 0x02, 0xff, 0x00, 0x00, 0x02, 0xd7, 0x02, 0x00, 0x00, 0x82, 0x02, 0xff, 0xec, 0xff, 0x04, 0x19, 0x19, 0x8a, 0x00, 0xc0, 0x02, 0xd7, 0x02, 0x00, 0x00, 0x82, 0x02, 0xff, 0xc0, 0xff, 0x02, 0xd7, 0x02, 0x00, 0x00, 0x86, 0x06, 0xff, 0xd8, 0xff, 0x02, 0xd7, 0x02, 0x00, 0x00, 0xc6, 0x46, 0xff, 0x00, 0x00, 0x02, 0xd7, 0x02, 0x00, 0x00, 0xc6, 0x46, 0xff, 0x28, 0x00, 0x03, 0x5e, 0x01, 0x00, 0x00, 0x05, 0xff, 0x01, 0x00, 0x02, 0xd7, 0x02, 0x00, 0x00, 0xc2, 0x42, 0xff, 0x40, 0x00, 0x02, 0xd7, 0x02, 0x00, 0x00, 0xc2, 0x42, 0xff, 0x28, 0x00, 0x02, 0xd7, 0x02, 0x00, 0x00, 0x82, 0x02, 0xff, 0x00, 0x00, 0x02, 0xd7, 0x02, 0x00, 0x00, 0x82, 0x02, 0xff, 0xd8, 0xff, 0x03, 0xd5, 0x02, 0x00, 0x00, 0x02, 0xff, 0x01, 0x01, 0x04, 0x19, 0x19, 0x8a, 0x00, 0xc0, 0x02, 0xd7, 0x02, 0x00, 0x00, 0x82, 0x02, 0xff, 0xa0, 0xff, 0x02, 0xd7, 0x02, 0x00, 0x00, 0x86, 0x06, 0xff, 0xc4, 0xff, 0x02, 0xd7, 0x02, 0x00, 0x00, 0xc6, 0x46, 0xff, 0x00, 0x00, 0x02, 0xd7, 0x02, 0x00, 0x00, 0xc6, 0x46, 0xff, 0x3c, 0x00, 0x02, 0x5d, 0x01, 0x00, 0x00, 0x82, 0x02, 0xff, 0xfc, 0xff, 0x03, 0x5e, 0x01, 0x00, 0x00, 0x05, 0xff, 0x01, 0x00, 0x03, 0xc9, 0x03, 0x00, 0x00, 0x02, 0xff, 0x02, 0x00, 0x02, 0xd7, 0x02, 0x00, 0x00, 0xc2, 0x42, 0xff, 0x60, 0x00, 0x02, 0xd7, 0x02, 0x00, 0x00, 0xc2, 0x42, 0xff, 0x3c, 0x00, 0x02, 0xd7, 0x02, 0x00, 0x00, 0x82, 0x02, 0xff, 0x00, 0x00, 0x02, 0xd7, 0x02, 0x00, 0x00, 0x82, 0x02, 0xff, 0xc4, 0xff, 0x03, 0xd5, 0x02, 0x00, 0x00, 0x02, 0xff, 0x01, 0x01, 0x05, 0x0b, 0x03, 0x0d, 0x08
};

const u8 Move_ROCK_TOMB[] = {
    0x00, 0x0a, 0x28, 0x00, 0x4a, 0x27, 0x03, 0xc9, 0x03, 0x00, 0x00, 0x02, 0xff, 0x02, 0x00, 0x05, 0x02, 0xed, 0x03, 0x00, 0x00, 0x82, 0x02, 0xff, 0x14, 0x00, 0x04, 0x08, 0x03, 0xc9, 0x03, 0x00, 0x00, 0x02, 0xff, 0x00, 0x00, 0x19, 0xcf, 0x00, 0x3f, 0x04, 0x08, 0x02, 0xed, 0x03, 0x00, 0x00, 0x82, 0x02, 0xff, 0xec, 0xff, 0x04, 0x08, 0x03, 0xc9, 0x03, 0x00, 0x00, 0x02, 0xff, 0x00, 0x00, 0x19, 0xcf, 0x00, 0x3f, 0x04, 0x08, 0x02, 0xed, 0x03, 0x00, 0x00, 0xc2, 0x42, 0xff, 0x03, 0x00, 0x04, 0x08, 0x03, 0xc9, 0x03, 0x00, 0x00, 0x02, 0xff, 0x00, 0x00, 0x19, 0xcf, 0x00, 0x3f, 0x04, 0x08, 0x02, 0xed, 0x03, 0x00, 0x00, 0x82, 0x02, 0xff, 0xfd, 0xff, 0x04, 0x08, 0x03, 0xc9, 0x03, 0x00, 0x00, 0x02, 0xff, 0x00, 0x00, 0x19, 0xcf, 0x00, 0x3f, 0x04, 0x18, 0x19, 0xd0, 0x00, 0x3f, 0x02, 0x99, 0x02, 0x00, 0x00, 0x85, 0x05, 0xff, 0x01, 0x00, 0x03, 0x5e, 0x01, 0x00, 0x00, 0x05, 0xff, 0x01, 0x00, 0x03, 0xc9, 0x03, 0x00, 0x00, 0x02, 0xff, 0x02, 0x00, 0x05, 0x08
};

const u8 Move_SILVER_WIND[] = {
    0x00, 0x1f, 0x28, 0x1b, 0x7d, 0x00, 0xc0, 0x3f, 0x02, 0x00, 0x19, 0xdd, 0x00, 0x00, 0x04, 0x00, 0x0a, 0x03, 0x29, 0x04, 0x00, 0x03, 0x35, 0x02, 0x00, 0x00, 0x0a, 0xff, 0x01, 0x00, 0x03, 0xee, 0x03, 0x00, 0x00, 0x02, 0x00, 0x21, 0x07, 0x01, 0x00, 0xef, 0x03, 0x00, 0x00, 0x14, 0x16, 0x16, 0x03, 0x04, 0x02, 0x00, 0x00, 0x05, 0xff, 0x00, 0x06
};

const u8 SilverWindContinue[] = {
    0x04, 0x00, 0x03, 0x81, 0x01, 0x00, 0x00, 0x0a, 0xff, 0x01, 0x00, 0x17, 0x02, 0xf0, 0x03, 0x00, 0x00, 0xc2, 0x42, 0xff, 0xe0, 0xff, 0x02, 0xf0, 0x03, 0x00, 0x00, 0xc2, 0x42, 0xff, 0xf8, 0xff, 0x02, 0xf0, 0x03, 0x00, 0x00, 0xf8, 0x78, 0xff, 0xe8, 0xff, 0x02, 0xf0, 0x03, 0x00, 0x00, 0xf8, 0x78, 0xff, 0xd8, 0xff, 0x04, 0x00, 0x02, 0xf1, 0x03, 0x00, 0x00, 0xc2, 0x42, 0xff, 0xe0, 0xff, 0x02, 0xf1, 0x03, 0x00, 0x00, 0xc2, 0x42, 0xff, 0xf8, 0xff, 0x02, 0xf1, 0x03, 0x00, 0x00, 0xf8, 0x78, 0xff, 0xe8, 0xff, 0x02, 0xf1, 0x03, 0x00, 0x00, 0xf8, 0x78, 0xff, 0xd8, 0xff, 0x04, 0x00, 0x02, 0xf2, 0x03, 0x00, 0x00, 0xc2, 0x42, 0xff, 0xe0, 0xff, 0x02, 0xf2, 0x03, 0x00, 0x00, 0xc2, 0x42, 0xff, 0xf8, 0xff, 0x02, 0xf2, 0x03, 0x00, 0x00, 0xf8, 0x78, 0xff, 0xe8, 0xff, 0x02, 0xf2, 0x03, 0x00, 0x00, 0xf8, 0x78, 0xff, 0xd8, 0xff, 0x04, 0x06, 0x02, 0xf0, 0x03, 0x00, 0x00, 0xc2, 0x42, 0xff, 0xfc, 0xff, 0x02, 0xf0, 0x03, 0x00, 0x00, 0xc2, 0x42, 0xff, 0xf0, 0xff, 0x04, 0x00, 0x02, 0xf1, 0x03, 0x00, 0x00, 0xc2, 0x42, 0xff, 0xfc, 0xff, 0x02, 0xf1, 0x03, 0x00, 0x00, 0xc2, 0x42, 0xff, 0xf0, 0xff, 0x04, 0x00, 0x02, 0xf2, 0x03, 0x00, 0x00, 0xc2, 0x42, 0xff, 0xfc, 0xff, 0x02, 0xf2, 0x03, 0x00, 0x00, 0xc2, 0x42, 0xff, 0xf0, 0xff, 0x05, 0x19, 0x7e, 0x00, 0x3f, 0x0b, 0x03, 0x04, 0x00, 0x15, 0x16, 0x03, 0x35, 0x02, 0x00, 0x00, 0x0a, 0xff, 0x01, 0x00, 0x10, 0x07, 0xff, 0xff, 0x17, 0x08
};

const u8 SilverWindOnPlayer[] = {
    0x14, 0x17, 0x16, 0x03, 0x04, 0x02, 0x00, 0x00, 0x05, 0xff, 0x00, 0xfa, 0x13, 0xf3, 0x03, 0x00, 0x00
};

const u8 Move_SNATCH[] = {
    0x19, 0x91, 0x00, 0xc0, 0x03, 0x78, 0x01, 0x00, 0x00, 0x05, 0xff, 0x00, 0x00, 0x08
};

const u8 Move_DIVE[] = {
    0x00, 0x20, 0x28, 0x00, 0x21, 0x28, 0x11, 0xf4, 0x03, 0x00, 0x00, 0xf5, 0x03, 0x00, 0x00
};

const u8 DiveSetUp[] = {
    0x00, 0xac, 0x27, 0x19, 0x9b, 0x00, 0xc0, 0x02, 0xf6, 0x03, 0x00, 0x00, 0x82, 0x02, 0xff, 0x00, 0x00, 0x05, 0x19, 0xe2, 0x00, 0xc0, 0x02, 0xf7, 0x03, 0x00, 0x00, 0x83, 0x03, 0xff, 0x00, 0x00, 0x0e, 0xf8, 0x03, 0x00, 0x00, 0x0e, 0xf8, 0x03, 0x00, 0x00, 0x0e, 0xf8, 0x03, 0x00, 0x00, 0x0e, 0xf8, 0x03, 0x00, 0x00, 0x0e, 0xf8, 0x03, 0x00, 0x00, 0x08
};

const u8 DiveSetUpWaterDroplets[] = {
    0x02, 0xf9, 0x03, 0x00, 0x00, 0x85, 0x05, 0xff, 0x00, 0x00, 0x02, 0xf9, 0x03, 0x00, 0x00, 0x85, 0x05, 0xff, 0x01, 0x00, 0x0f
};

const u8 DiveAttack[] = {
    0x00, 0xa4, 0x27, 0x00, 0xab, 0x27, 0x0a, 0x03, 0x0c, 0x0c, 0x08, 0x19, 0xab, 0x00, 0x3f, 0x02, 0xf7, 0x03, 0x00, 0x00, 0x83, 0x03, 0xff, 0x01, 0x00, 0x0e, 0xfa, 0x03, 0x00, 0x00, 0x0e, 0xfa, 0x03, 0x00, 0x00, 0x0e, 0xfa, 0x03, 0x00, 0x00, 0x0e, 0xfa, 0x03, 0x00, 0x00, 0x0e, 0xfa, 0x03, 0x00, 0x00, 0x04, 0x0c, 0x0e, 0xc3, 0x01, 0x00, 0x00, 0x05, 0x2c, 0x00, 0x0b, 0x03, 0x0d, 0x08
};

const u8 DiveAttackWaterDroplets[] = {
    0x02, 0xf9, 0x03, 0x00, 0x00, 0x85, 0x05, 0xff, 0x00, 0x00, 0x02, 0xf9, 0x03, 0x00, 0x00, 0x85, 0x05, 0xff, 0x01, 0x00, 0x0f
};

const u8 Move_ROCK_BLAST[] = {
    0x00, 0x4a, 0x27, 0x00, 0x97, 0x27, 0x02, 0x6a, 0x01, 0x00, 0x00, 0x82, 0x02, 0xff, 0x04, 0x00, 0x04, 0x03, 0x19, 0xba, 0x00, 0xc0, 0x02, 0xfb, 0x03, 0x00, 0x00, 0x82, 0x02, 0xff, 0x10, 0x00, 0x05, 0x02, 0x5d, 0x01, 0x00, 0x00, 0x83, 0x03, 0xff, 0x00, 0x00, 0x19, 0x7c, 0x00, 0x3f, 0x02, 0x47, 0x03, 0x00, 0x00, 0x82, 0x02, 0xff, 0x00, 0x00, 0x03, 0x5e, 0x01, 0x00, 0x00, 0x02, 0xff, 0x01, 0x00, 0x02, 0x47, 0x03, 0x00, 0x00, 0x82, 0x02, 0xff, 0x05, 0x00, 0x02, 0x47, 0x03, 0x00, 0x00, 0x82, 0x02, 0xff, 0x00, 0x00, 0x02, 0x47, 0x03, 0x00, 0x00, 0x82, 0x02, 0xff, 0xfb, 0xff, 0x05, 0x08
};

const u8 Move_OVERHEAT[] = {
    0x00, 0x2d, 0x27, 0x00, 0x97, 0x27, 0x0a, 0x03, 0x0c, 0x0c, 0x12, 0x02, 0x7a, 0x01, 0x00, 0x00, 0x82, 0x02, 0xff, 0x01, 0x00, 0x05, 0x03, 0xfc, 0x03, 0x00, 0x00, 0x05, 0x00, 0x05, 0x03, 0xfd, 0x03, 0x00, 0x00, 0x05, 0xff, 0x00, 0x00, 0x04, 0x01, 0x03, 0xfe, 0x03, 0x00, 0x00, 0x05, 0xff, 0x00, 0x00, 0x04, 0x01, 0x19, 0xa4, 0x00, 0xc0, 0x03, 0xfd, 0x03, 0x00, 0x00, 0x05, 0xff, 0x01, 0x00, 0x04, 0x01, 0x02, 0x7a, 0x01, 0x00, 0x00, 0x82, 0x02, 0xff, 0x02, 0x00, 0x03, 0x5e, 0x01, 0x00, 0x00, 0x05, 0xff, 0x00, 0x00, 0x05, 0x19, 0x8a, 0x00, 0xc0, 0x02, 0xff, 0x03, 0x00, 0x00, 0x82, 0x02, 0xff, 0x01, 0x00, 0x02, 0xff, 0x03, 0x00, 0x00, 0x82, 0x02, 0xff, 0x01, 0x00, 0x02, 0xff, 0x03, 0x00, 0x00, 0x82, 0x02, 0xff, 0x01, 0x00, 0x02, 0xff, 0x03, 0x00, 0x00, 0x82, 0x02, 0xff, 0x01, 0x00, 0x02, 0xff, 0x03, 0x00, 0x00, 0x82, 0x02, 0xff, 0x01, 0x00, 0x02, 0xff, 0x03, 0x00, 0x00, 0xc2, 0x42, 0xff, 0x01, 0x00, 0x02, 0xff, 0x03, 0x00, 0x00, 0xc2, 0x42, 0xff, 0x01, 0x00, 0x02, 0xff, 0x03, 0x00, 0x00, 0xc2, 0x42, 0xff, 0x01, 0x00, 0x04, 0x05, 0x02, 0xff, 0x03, 0x00, 0x00, 0x82, 0x02, 0xff, 0x01, 0x00, 0x02, 0xff, 0x03, 0x00, 0x00, 0x82, 0x02, 0xff, 0x01, 0x00, 0x02, 0xff, 0x03, 0x00, 0x00, 0x82, 0x02, 0xff, 0x01, 0x00, 0x02, 0xff, 0x03, 0x00, 0x00, 0x82, 0x02, 0xff, 0x01, 0x00, 0x02, 0xff, 0x03, 0x00, 0x00, 0x82, 0x02, 0xff, 0x01, 0x00, 0x02, 0xff, 0x03, 0x00, 0x00, 0xc2, 0x42, 0xff, 0x01, 0x00, 0x02, 0xff, 0x03, 0x00, 0x00, 0xc2, 0x42, 0xff, 0x01, 0x00, 0x02, 0xff, 0x03, 0x00, 0x00, 0xc2, 0x42, 0xff, 0x01, 0x00, 0x04, 0x05, 0x02, 0xff, 0x03, 0x00, 0x00, 0x82, 0x02, 0xff, 0x01, 0x00, 0x02, 0xff, 0x03, 0x00, 0x00, 0x82, 0x02, 0xff, 0x01, 0x00, 0x02, 0xff, 0x03, 0x00, 0x00, 0x82, 0x02, 0xff, 0x01, 0x00, 0x02, 0xff, 0x03, 0x00, 0x00, 0x82, 0x02, 0xff, 0x01, 0x00, 0x02, 0xff, 0x03, 0x00, 0x00, 0x82, 0x02, 0xff, 0x01, 0x00, 0x02, 0xff, 0x03, 0x00, 0x00, 0xc2, 0x42, 0xff, 0x01, 0x00, 0x02, 0xff, 0x03, 0x00, 0x00, 0xc2, 0x42, 0xff, 0x01, 0x00, 0x02, 0xff, 0x03, 0x00, 0x00, 0xc2, 0x42, 0xff, 0x01, 0x00, 0x04, 0x05, 0x05, 0x02, 0x5d, 0x01, 0x00, 0x00, 0x83, 0x03, 0xff, 0xfb, 0xff, 0x19, 0x8c, 0x00, 0x3f, 0x03, 0x5e, 0x01, 0x00, 0x00, 0x02, 0xff, 0x01, 0x00, 0x04, 0x06, 0x02, 0x5d, 0x01, 0x00, 0x00, 0x83, 0x03, 0xff, 0x08, 0x00, 0x19, 0x8c, 0x00, 0x3f, 0x04, 0x08, 0x02, 0x5d, 0x01, 0x00, 0x00, 0x83, 0x03, 0xff, 0x0a, 0x00, 0x19, 0x8c, 0x00, 0x3f, 0x04, 0x08, 0x02, 0x5d, 0x01, 0x00, 0x00, 0x83, 0x03, 0xff, 0x00, 0x00, 0x19, 0x8c, 0x00, 0x3f, 0x03, 0xfe, 0x03, 0x00, 0x00, 0x05, 0xff, 0x01, 0x00, 0x04, 0x01, 0x02, 0x7a, 0x01, 0x00, 0x00, 0x82, 0x02, 0xff, 0x02, 0x00, 0x03, 0x5e, 0x01, 0x00, 0x00, 0x05, 0xff, 0x00, 0x00, 0x05, 0x03, 0x00, 0x04, 0x00, 0x00, 0x05, 0xff, 0x00, 0x00, 0x04, 0x01, 0x02, 0x7a, 0x01, 0x00, 0x00, 0x82, 0x02, 0xff, 0x01, 0x00, 0x05, 0x0b, 0x03, 0x0d, 0x05, 0x04, 0x0f, 0x03, 0x00, 0x04, 0x00, 0x00, 0x05, 0xff, 0x01, 0x00, 0x04, 0x01, 0x02, 0x7a, 0x01, 0x00, 0x00, 0x82, 0x02, 0xff, 0x02, 0x00, 0x05, 0x03, 0x01, 0x04, 0x00, 0x00, 0x05, 0x00, 0x05, 0x08
};

const u8 Move_HYDRO_CANNON[] = {
    0x00, 0xa5, 0x27, 0x00, 0xa4, 0x27, 0x0a, 0x03, 0x0c, 0x0c, 0x08, 0x19, 0x9c, 0x00, 0xc0, 0x02, 0x02, 0x04, 0x00, 0x00, 0x82, 0x02, 0x00, 0x04, 0x0a, 0x03, 0xd5, 0x02, 0x00, 0x00, 0x02, 0xff, 0x01, 0x01, 0x04, 0x1e, 0x1b, 0x9d, 0x00, 0xc0, 0x3f, 0x02, 0x00, 0x0e, 0x03, 0x04, 0x00, 0x00, 0x03, 0x5e, 0x01, 0x00, 0x00, 0x05, 0xff, 0x01, 0x00, 0x02, 0xc4, 0x01, 0x00, 0x00, 0x82, 0x02, 0xff, 0x00, 0x00, 0x0e, 0x03, 0x04, 0x00, 0x00, 0x02, 0xc4, 0x01, 0x00, 0x00, 0x82, 0x02, 0xff, 0x00, 0x00, 0x0e, 0x03, 0x04, 0x00, 0x00, 0x02, 0xc4, 0x01, 0x00, 0x00, 0x82, 0x02, 0xff, 0x00, 0x00, 0x0e, 0x03, 0x04, 0x00, 0x00, 0x02, 0xc4, 0x01, 0x00, 0x00, 0x82, 0x02, 0xff, 0x00, 0x00, 0x0e, 0x03, 0x04, 0x00, 0x00, 0x02, 0xc4, 0x01, 0x00, 0x00, 0x82, 0x02, 0xff, 0x00, 0x00, 0x0e, 0x03, 0x04, 0x00, 0x00, 0x02, 0xc4, 0x01, 0x00, 0x00, 0x82, 0x02, 0xff, 0x00, 0x00, 0x05, 0x03, 0xd5, 0x02, 0x00, 0x00, 0x02, 0xff, 0x01, 0x01, 0x05, 0x0b, 0x03, 0x0d, 0x08
};

const u8 HydroCannonBeam[] = {
    0x02, 0x04, 0x04, 0x00, 0x00, 0x82, 0x02, 0xff, 0x0a, 0x00, 0x04, 0x01, 0x02, 0x04, 0x04, 0x00, 0x00, 0x82, 0x02, 0xff, 0x0a, 0x00, 0x04, 0x01, 0x02, 0x04, 0x04, 0x00, 0x00, 0x82, 0x02, 0xff, 0x0a, 0x00, 0x04, 0x01, 0x02, 0x04, 0x04, 0x00, 0x00, 0x82, 0x02, 0xff, 0x0a, 0x00, 0x04, 0x01, 0x02, 0x04, 0x04, 0x00, 0x00, 0x82, 0x02, 0xff, 0x0a, 0x00, 0x0f
};

const u8 Move_ASTONISH[] = {
    0x00, 0x21, 0x28, 0x19, 0xd7, 0x00, 0xc0, 0x02, 0x6a, 0x01, 0x00, 0x00, 0x82, 0x02, 0xff, 0x04, 0x00, 0x04, 0x19, 0x02, 0xf9, 0x03, 0x00, 0x00, 0x85, 0x05, 0xff, 0x00, 0x00, 0x19, 0xc6, 0x00, 0x3f, 0x02, 0xf9, 0x03, 0x00, 0x00, 0x85, 0x05, 0xff, 0x01, 0x00, 0x03, 0x66, 0x01, 0x00, 0x00, 0x02, 0xff, 0x01, 0x00, 0x03, 0x8a, 0x03, 0x00, 0x00, 0x03, 0x00, 0x05, 0x08
};

const u8 Move_SEISMIC_TOSS[] = {
    0x00, 0x97, 0x27, 0x00, 0x4a, 0x27, 0x10, 0x07, 0x00, 0x00, 0x0a, 0x03, 0x0c, 0x0c, 0x08, 0x05, 0x03, 0x05, 0x04, 0x00, 0x00, 0x03, 0x00, 0x04, 0x01, 0x14, 0x11, 0x16, 0x03, 0x06, 0x04, 0x00, 0x00, 0x03, 0x00, 0x19, 0xe7, 0x00, 0x00, 0x17, 0x05, 0x03, 0x07, 0x04, 0x00, 0x00, 0x03, 0x00, 0x21, 0x07, 0x00, 0x00, 0x08, 0x04, 0x00, 0x00, 0x21, 0x07, 0x01, 0x00, 0x09, 0x04, 0x00, 0x00, 0x21, 0x07, 0x02, 0x00, 0x0a, 0x04, 0x00, 0x00
};

const u8 SeismicTossContinue[] = {
    0x15, 0x16, 0x10, 0x07, 0xff, 0x0f, 0x17, 0x0b, 0x03, 0x0d, 0x08
};

const u8 SeismicTossWeak[] = {
    0x0e, 0x0b, 0x04, 0x00, 0x00, 0x04, 0x10, 0x0e, 0x0c, 0x04, 0x00, 0x00, 0x13, 0x0d, 0x04, 0x00, 0x00
};

const u8 SeismicTossMedium[] = {
    0x0e, 0x0b, 0x04, 0x00, 0x00, 0x04, 0x0e, 0x0e, 0x0c, 0x04, 0x00, 0x00, 0x04, 0x0e, 0x0e, 0x0b, 0x04, 0x00, 0x00, 0x13, 0x0d, 0x04, 0x00, 0x00
};

const u8 SeismicTossStrong[] = {
    0x0e, 0x0c, 0x04, 0x00, 0x00, 0x04, 0x0a, 0x0e, 0x0b, 0x04, 0x00, 0x00, 0x04, 0x0a, 0x0e, 0x0c, 0x04, 0x00, 0x00, 0x04, 0x0a, 0x0e, 0x0b, 0x04, 0x00, 0x00, 0x13, 0x0d, 0x04, 0x00, 0x00
};

const u8 SeismicTossRockScatter1[] = {
    0x02, 0x5d, 0x01, 0x00, 0x00, 0x83, 0x03, 0xff, 0xf6, 0xff, 0x19, 0xcf, 0x00, 0x3f, 0x03, 0x5e, 0x01, 0x00, 0x00, 0x02, 0xff, 0x01, 0x00, 0x02, 0x0e, 0x04, 0x00, 0x00, 0x82, 0x02, 0xff, 0xf4, 0xff, 0x02, 0x0e, 0x04, 0x00, 0x00, 0x82, 0x02, 0xff, 0x08, 0x00, 0x02, 0x0e, 0x04, 0x00, 0x00, 0x82, 0x02, 0xff, 0xfc, 0xff, 0x02, 0x0e, 0x04, 0x00, 0x00, 0x82, 0x02, 0xff, 0x0c, 0x00, 0x0f
};

const u8 SeismicTossRockScatter2[] = {
    0x02, 0x5d, 0x01, 0x00, 0x00, 0x83, 0x03, 0xff, 0x0a, 0x00, 0x19, 0x7c, 0x00, 0x3f, 0x03, 0x5e, 0x01, 0x00, 0x00, 0x02, 0xff, 0x01, 0x00, 0x02, 0x0e, 0x04, 0x00, 0x00, 0x82, 0x02, 0xff, 0xf4, 0xff, 0x02, 0x0e, 0x04, 0x00, 0x00, 0x82, 0x02, 0xff, 0x08, 0x00, 0x02, 0x0e, 0x04, 0x00, 0x00, 0x82, 0x02, 0xff, 0xfc, 0xff, 0x02, 0x0e, 0x04, 0x00, 0x00, 0x82, 0x02, 0xff, 0x0c, 0x00, 0x0f
};

const u8 Move_MAGIC_COAT[] = {
    0x00, 0xba, 0x27, 0x0c, 0x00, 0x10, 0x1d, 0xc9, 0x00, 0xc0, 0x0f, 0x02, 0x0f, 0x04, 0x00, 0x00, 0x83, 0x03, 0xff, 0x28, 0x00, 0x05, 0x04, 0x01, 0x0d, 0x08
};

const u8 Move_WATER_PULSE[] = {
    0x00, 0xab, 0x27, 0x00, 0x30, 0x28, 0x0a, 0x01, 0x28, 0x01, 0x19, 0x77, 0x00, 0xc0, 0x02, 0x7a, 0x01, 0x00, 0x00, 0x82, 0x02, 0xff, 0x01, 0x00, 0x04, 0x0a, 0x02, 0x10, 0x04, 0x00, 0x00, 0xc2, 0x42, 0xff, 0x64, 0x00, 0x02, 0x10, 0x04, 0x00, 0x00, 0xc2, 0x42, 0xff, 0x14, 0x00, 0x02, 0x10, 0x04, 0x00, 0x00, 0xc2, 0x42, 0xff, 0xc8, 0x00, 0x02, 0x10, 0x04, 0x00, 0x00, 0xc2, 0x42, 0xff, 0x50, 0x00, 0x02, 0x10, 0x04, 0x00, 0x00, 0xc2, 0x42, 0xff, 0x8c, 0x00, 0x19, 0x77, 0x00, 0x3f, 0x05, 0x19, 0xc0, 0x00, 0xc0, 0x02, 0x11, 0x04, 0x00, 0x00, 0x82, 0x02, 0xff, 0x00, 0x00, 0x04, 0x05, 0x19, 0xc0, 0x00, 0xc0, 0x02, 0x11, 0x04, 0x00, 0x00, 0x82, 0x02, 0xff, 0x00, 0x00, 0x04, 0x05, 0x19, 0xc0, 0x00, 0xc0, 0x02, 0x11, 0x04, 0x00, 0x00, 0x82, 0x02, 0xff, 0x00, 0x00, 0x04, 0x0d, 0x03, 0x5e, 0x01, 0x00, 0x00, 0x02, 0xff, 0x01, 0x00, 0x05, 0x02, 0x7a, 0x01, 0x00, 0x00, 0x82, 0x02, 0xff, 0x01, 0x00, 0x05, 0x0b, 0x03, 0x08
};

const u8 Move_PSYCHO_BOOST[] = {
    0x00, 0xe4, 0x27, 0x0a, 0x02, 0x14, 0x03, 0x16, 0x03, 0x9d, 0x02, 0x00, 0x00, 0x05, 0x00, 0x17, 0x04, 0x06, 0x03, 0xa5, 0x01, 0x00, 0x00, 0x02, 0xff, 0x01, 0x00, 0x04, 0x00, 0x28, 0x00, 0x0c, 0x08, 0x08, 0x04, 0x0a, 0x03, 0x5e, 0x01, 0x00, 0x00, 0x02, 0xff, 0x00, 0x00, 0x1c, 0xc1, 0x00, 0xc0, 0x0e, 0x0a, 0x02, 0x12, 0x04, 0x00, 0x00, 0x82, 0x02, 0x00, 0x04, 0x6e, 0x1c, 0xc1, 0x00, 0xc0, 0x07, 0x0a, 0x05, 0x03, 0x66, 0x01, 0x00, 0x00, 0x02, 0xff, 0x01, 0x00, 0x19, 0xb9, 0x00, 0x3f, 0x05, 0x0b, 0x02, 0x0d, 0x0e, 0x1a, 0x02, 0x00, 0x00, 0x08
};

const u8 Move_KNOCK_OFF[] = {
    0x00, 0x25, 0x28, 0x00, 0x97, 0x27, 0x02, 0x6a, 0x01, 0x00, 0x00, 0x82, 0x02, 0xff, 0x04, 0x00, 0x04, 0x04, 0x19, 0x73, 0x00, 0x3f, 0x02, 0x13, 0x04, 0x00, 0x00, 0x82, 0x02, 0xff, 0xf0, 0xff, 0x04, 0x08, 0x02, 0x79, 0x01, 0x00, 0x00, 0x82, 0x02, 0xff, 0x1f, 0x00, 0x02, 0x5d, 0x01, 0x00, 0x00, 0x83, 0x03, 0xff, 0x00, 0x00, 0x19, 0x84, 0x00, 0x3f, 0x02, 0x6c, 0x01, 0x00, 0x00, 0x82, 0x02, 0xff, 0x01, 0x00, 0x02, 0x68, 0x01, 0x00, 0x00, 0x82, 0x02, 0xff, 0x00, 0x00, 0x04, 0x03, 0x03, 0x6d, 0x01, 0x00, 0x00, 0x02, 0xff, 0x01, 0x00, 0x04, 0x05, 0x02, 0x68, 0x01, 0x00, 0x00, 0x82, 0x02, 0xff, 0x01, 0x00, 0x04, 0x0a, 0x05, 0x08
};

const u8 Move_DOOM_DESIRE[] = {
    0x03, 0x14, 0x04, 0x00, 0x00, 0x02, 0x00, 0x04, 0x01, 0x0a, 0x02, 0x03, 0xc7, 0x01, 0x00, 0x00, 0x05, 0xff, 0x01, 0x00, 0x02, 0x7a, 0x01, 0x00, 0x00, 0x82, 0x02, 0xff, 0x01, 0x00, 0x05, 0x0c, 0x08, 0x08, 0x19, 0xb6, 0x00, 0xc0, 0x03, 0xa2, 0x01, 0x00, 0x00, 0x05, 0xff, 0xfc, 0xff, 0x05, 0x04, 0x14, 0x03, 0xc7, 0x01, 0x00, 0x00, 0x05, 0xff, 0x01, 0x00, 0x02, 0x7a, 0x01, 0x00, 0x00, 0x82, 0x02, 0xff, 0x01, 0x00, 0x05, 0x0b, 0x02, 0x0d, 0x08
};

const u8 UnusedDoomDesireHit[] = {
    0x00, 0xd6, 0x27, 0x02, 0x7a, 0x01, 0x00, 0x00, 0x82, 0x02, 0xff, 0x01, 0x00, 0x05, 0x04, 0x0a, 0x03, 0x15, 0x04, 0x00, 0x00, 0x05, 0x00, 0x04, 0x05, 0x19, 0xbd, 0x00, 0xc0, 0x04, 0x0a, 0x19, 0xbd, 0x00, 0x00, 0x04, 0x0a, 0x19, 0xbd, 0x00, 0x3f, 0x04, 0x17, 0x03, 0x6d, 0x01, 0x00, 0x00, 0x02, 0xff, 0x01, 0x00, 0x19, 0xaa, 0x00, 0x3f, 0x02, 0xbd, 0x01, 0x00, 0x00, 0x83, 0x03, 0xff, 0x00, 0x00, 0x04, 0x06, 0x19, 0xaa, 0x00, 0x3f, 0x02, 0xbd, 0x01, 0x00, 0x00, 0x83, 0x03, 0xff, 0x18, 0x00, 0x04, 0x06, 0x19, 0xaa, 0x00, 0x3f, 0x02, 0xbd, 0x01, 0x00, 0x00, 0x83, 0x03, 0xff, 0xf0, 0xff, 0x04, 0x06, 0x19, 0xaa, 0x00, 0x3f, 0x02, 0xbd, 0x01, 0x00, 0x00, 0x83, 0x03, 0xff, 0xe8, 0xff, 0x04, 0x06, 0x19, 0xaa, 0x00, 0x3f, 0x02, 0xbd, 0x01, 0x00, 0x00, 0x83, 0x03, 0xff, 0x10, 0x00, 0x05, 0x02, 0x7a, 0x01, 0x00, 0x00, 0x82, 0x02, 0xff, 0x01, 0x00, 0x05, 0x08
};

const u8 Move_SKY_UPPERCUT[] = {
    0x00, 0x97, 0x27, 0x0a, 0x03, 0x28, 0x01, 0x14, 0x11, 0x16, 0x19, 0xe7, 0x00, 0xc0, 0x03, 0x16, 0x04, 0x00, 0x00, 0x05, 0xff, 0x37, 0x00, 0x17, 0x0c, 0x0c, 0x08, 0x04, 0x26, 0x02, 0x6c, 0x01, 0x00, 0x00, 0x82, 0x02, 0xff, 0x00, 0x00, 0x04, 0x04, 0x03, 0x66, 0x01, 0x00, 0x00, 0x02, 0xff, 0x01, 0x00, 0x19, 0x74, 0x00, 0x3f, 0x02, 0x5d, 0x01, 0x00, 0x00, 0x83, 0x03, 0xff, 0xe4, 0xff, 0x04, 0x01, 0x19, 0x74, 0x00, 0x3f, 0x02, 0x5d, 0x01, 0x00, 0x00, 0x83, 0x03, 0xff, 0xf1, 0xff, 0x19, 0x74, 0x00, 0x3f, 0x04, 0x01, 0x19, 0x74, 0x00, 0x3f, 0x02, 0x5d, 0x01, 0x00, 0x00, 0x83, 0x03, 0xff, 0xfb, 0xff, 0x04, 0x01, 0x19, 0x74, 0x00, 0x3f, 0x02, 0x5d, 0x01, 0x00, 0x00, 0x83, 0x03, 0xff, 0x00, 0x00, 0x04, 0x01, 0x19, 0x74, 0x00, 0x3f, 0x02, 0x5d, 0x01, 0x00, 0x00, 0x83, 0x03, 0xff, 0x05, 0x00, 0x02, 0x6c, 0x01, 0x00, 0x00, 0x82, 0x02, 0xff, 0x01, 0x00, 0x04, 0x04, 0x03, 0x6d, 0x01, 0x00, 0x00, 0x02, 0xff, 0x01, 0x00, 0x04, 0x1e, 0x02, 0x68, 0x01, 0x00, 0x00, 0x82, 0x02, 0xff, 0x00, 0x00, 0x04, 0x04, 0x02, 0x68, 0x01, 0x00, 0x00, 0x82, 0x02, 0xff, 0x01, 0x00, 0x0b, 0x03, 0x0d, 0x15, 0x16, 0x10, 0x07, 0xff, 0xff, 0x17, 0x08
};

const u8 Move_SECRET_POWER[] = {
    0x03, 0x17, 0x04, 0x00, 0x00, 0x05, 0x00, 0x21, 0x00, 0x00, 0x00, 0x18, 0x04, 0x00, 0x00, 0x21, 0x00, 0x01, 0x00, 0x19, 0x04, 0x00, 0x00, 0x21, 0x00, 0x02, 0x00, 0x1a, 0x04, 0x00, 0x00, 0x21, 0x00, 0x03, 0x00, 0x1b, 0x04, 0x00, 0x00, 0x21, 0x00, 0x04, 0x00, 0x1c, 0x04, 0x00, 0x00, 0x21, 0x00, 0x05, 0x00, 0x1d, 0x04, 0x00, 0x00, 0x21, 0x00, 0x06, 0x00, 0x1e, 0x04, 0x00, 0x00, 0x21, 0x00, 0x07, 0x00, 0x1f, 0x04, 0x00, 0x00, 0x21, 0x00, 0x08, 0x00, 0x20, 0x04, 0x00, 0x00, 0x13, 0x21, 0x04, 0x00, 0x00
};

const u8 Move_TWISTER[] = {
    0x00, 0x4f, 0x27, 0x00, 0x97, 0x27, 0x00, 0x4a, 0x27, 0x0a, 0x03, 0x28, 0x01, 0x19, 0xe4, 0x00, 0x3f, 0x02, 0x22, 0x04, 0x00, 0x00, 0x82, 0x02, 0xff, 0x78, 0x00, 0x04, 0x01, 0x02, 0x22, 0x04, 0x00, 0x00, 0x82, 0x02, 0xff, 0x73, 0x00, 0x04, 0x01, 0x02, 0x22, 0x04, 0x00, 0x00, 0x82, 0x02, 0xff, 0x73, 0x00, 0x02, 0x22, 0x04, 0x00, 0x00, 0x82, 0x02, 0xff, 0x73, 0x00, 0x04, 0x03, 0x02, 0x23, 0x04, 0x00, 0x00, 0x82, 0x02, 0xff, 0x64, 0x00, 0x04, 0x01, 0x02, 0x22, 0x04, 0x00, 0x00, 0x82, 0x02, 0xff, 0x69, 0x00, 0x04, 0x01, 0x02, 0x22, 0x04, 0x00, 0x00, 0x82, 0x02, 0xff, 0x73, 0x00, 0x04, 0x03, 0x02, 0x23, 0x04, 0x00, 0x00, 0x82, 0x02, 0xff, 0x78, 0x00, 0x02, 0x22, 0x04, 0x00, 0x00, 0x82, 0x02, 0xff, 0x73, 0x00, 0x04, 0x03, 0x02, 0x23, 0x04, 0x00, 0x00, 0x82, 0x02, 0xff, 0x69, 0x00, 0x04, 0x03, 0x02, 0x22, 0x04, 0x00, 0x00, 0x82, 0x02, 0xff, 0x14, 0x00, 0x02, 0x22, 0x04, 0x00, 0x00, 0x82, 0x02, 0xff, 0x6e, 0x00, 0x05, 0x02, 0x5d, 0x01, 0x00, 0x00, 0x83, 0x03, 0xff, 0xe0, 0xff, 0x19, 0x84, 0x00, 0x3f, 0x03, 0x6d, 0x01, 0x00, 0x00, 0x02, 0xff, 0x01, 0x00, 0x03, 0x6d, 0x01, 0x00, 0x00, 0x02, 0xff, 0x03, 0x00, 0x04, 0x04, 0x02, 0x49, 0x02, 0x00, 0x00, 0x83, 0x03, 0xff, 0x01, 0x00, 0x19, 0x84, 0x00, 0x3f, 0x04, 0x04, 0x02, 0x49, 0x02, 0x00, 0x00, 0x83, 0x03, 0xff, 0x01, 0x00, 0x19, 0x84, 0x00, 0x3f, 0x04, 0x04, 0x02, 0x5d, 0x01, 0x00, 0x00, 0x83, 0x03, 0xff, 0x20, 0x00, 0x19, 0x84, 0x00, 0x3f, 0x05, 0x0b, 0x03, 0x0d, 0x08
};

const u8 Move_MAGICAL_LEAF[] = {
    0x00, 0x4f, 0x27, 0x00, 0xb0, 0x27, 0x00, 0x97, 0x27, 0x0a, 0x03, 0x0c, 0x0c, 0x08, 0x04, 0x01, 0x1c, 0xa2, 0x00, 0xc0, 0x0a, 0x05, 0x03, 0x24, 0x04, 0x00, 0x00, 0x05, 0x00, 0x02, 0x51, 0x03, 0x00, 0x00, 0x82, 0x02, 0xff, 0xfd, 0xff, 0x04, 0x02, 0x02, 0x51, 0x03, 0x00, 0x00, 0x82, 0x02, 0xff, 0xff, 0xff, 0x04, 0x02, 0x02, 0x51, 0x03, 0x00, 0x00, 0x82, 0x02, 0xff, 0xfc, 0xff, 0x04, 0x02, 0x02, 0x51, 0x03, 0x00, 0x00, 0x82, 0x02, 0xff, 0x03, 0x00, 0x04, 0x02, 0x02, 0x51, 0x03, 0x00, 0x00, 0x82, 0x02, 0xff, 0xff, 0xff, 0x04, 0x02, 0x02, 0x51, 0x03, 0x00, 0x00, 0x82, 0x02, 0xff, 0x02, 0x00, 0x04, 0x02, 0x02, 0x51, 0x03, 0x00, 0x00, 0x82, 0x02, 0xff, 0xfd, 0xff, 0x04, 0x02, 0x02, 0x51, 0x03, 0x00, 0x00, 0x82, 0x02, 0xff, 0x04, 0x00, 0x04, 0x02, 0x02, 0x51, 0x03, 0x00, 0x00, 0x82, 0x02, 0xff, 0x02, 0x00, 0x04, 0x02, 0x02, 0x51, 0x03, 0x00, 0x00, 0x82, 0x02, 0xff, 0xfd, 0xff, 0x04, 0x3c, 0x19, 0x99, 0x00, 0xc0, 0x02, 0x52, 0x03, 0x00, 0x00, 0x83, 0x03, 0xff, 0x14, 0x00, 0x02, 0x52, 0x03, 0x00, 0x00, 0x83, 0x03, 0xff, 0x14, 0x00, 0x04, 0x1e, 0x19, 0x81, 0x00, 0x3f, 0x02, 0x5d, 0x01, 0x00, 0x00, 0x84, 0x04, 0xff, 0xf6, 0xff, 0x02, 0x5d, 0x01, 0x00, 0x00, 0x84, 0x04, 0xff, 0x0a, 0x00, 0x03, 0x66, 0x01, 0x00, 0x00, 0x02, 0xff, 0x01, 0x00, 0x04, 0x14, 0x10, 0x07, 0xff, 0xff, 0x05, 0x0b, 0x03, 0x0d, 0x08
};

const u8 Move_ICE_BALL[] = {
    0x00, 0x3b, 0x27, 0x00, 0x9d, 0x27, 0x03, 0x25, 0x04, 0x00, 0x00, 0x05, 0xff, 0x00, 0x00, 0x21, 0x00, 0x04, 0x00, 0x26, 0x04, 0x00, 0x00
};

const u8 IceBallContinue[] = {
    0x19, 0x82, 0x00, 0xc0, 0x02, 0x27, 0x04, 0x00, 0x00, 0x82, 0x02, 0xff, 0x0f, 0x00, 0x04, 0x1c, 0x19, 0xbf, 0x00, 0x3f, 0x03, 0x25, 0x04, 0x00, 0x00, 0x05, 0xff, 0x00, 0x00, 0x21, 0x00, 0x00, 0x00, 0x28, 0x04, 0x00, 0x00, 0x21, 0x00, 0x01, 0x00, 0x29, 0x04, 0x00, 0x00, 0x21, 0x00, 0x02, 0x00, 0x2a, 0x04, 0x00, 0x00, 0x21, 0x00, 0x03, 0x00, 0x2b, 0x04, 0x00, 0x00, 0x21, 0x00, 0x04, 0x00, 0x2c, 0x04, 0x00, 0x00
};

const u8 IceBallContinue2[] = {
    0x03, 0x25, 0x04, 0x00, 0x00, 0x05, 0xff, 0x00, 0x00, 0x21, 0x00, 0x04, 0x00, 0x2d, 0x04, 0x00, 0x00
};

const u8 IceBallEnd[] = {
    0x08
};

const u8 IceBallSetIceBg[] = {
    0x14, 0x0f, 0x13, 0x2e, 0x04, 0x00, 0x00
};

const u8 IceBallUnsetIceBg[] = {
    0x17, 0x04, 0x2d, 0x15, 0x17, 0x13, 0x2f, 0x04, 0x00, 0x00
};

const u8 IceBallWeakest[] = {
    0x03, 0xa7, 0x01, 0x00, 0x00, 0x02, 0xff, 0x00, 0x00, 0x0e, 0x30, 0x04, 0x00, 0x00, 0x0e, 0x30, 0x04, 0x00, 0x00, 0x0e, 0x30, 0x04, 0x00, 0x00, 0x0e, 0x30, 0x04, 0x00, 0x00, 0x0e, 0x30, 0x04, 0x00, 0x00, 0x13, 0x31, 0x04, 0x00, 0x00
};

const u8 IceBallWeak[] = {
    0x03, 0xa7, 0x01, 0x00, 0x00, 0x02, 0xff, 0x00, 0x00, 0x0e, 0x30, 0x04, 0x00, 0x00, 0x0e, 0x30, 0x04, 0x00, 0x00, 0x0e, 0x30, 0x04, 0x00, 0x00, 0x0e, 0x30, 0x04, 0x00, 0x00, 0x0e, 0x30, 0x04, 0x00, 0x00, 0x0e, 0x30, 0x04, 0x00, 0x00, 0x0e, 0x30, 0x04, 0x00, 0x00, 0x13, 0x31, 0x04, 0x00, 0x00
};

const u8 IceBallMediun[] = {
    0x03, 0xa7, 0x01, 0x00, 0x00, 0x02, 0xff, 0x00, 0x00, 0x0e, 0x30, 0x04, 0x00, 0x00, 0x0e, 0x30, 0x04, 0x00, 0x00, 0x0e, 0x30, 0x04, 0x00, 0x00, 0x0e, 0x30, 0x04, 0x00, 0x00, 0x0e, 0x30, 0x04, 0x00, 0x00, 0x0e, 0x30, 0x04, 0x00, 0x00, 0x0e, 0x30, 0x04, 0x00, 0x00, 0x0e, 0x30, 0x04, 0x00, 0x00, 0x0e, 0x30, 0x04, 0x00, 0x00, 0x13, 0x31, 0x04, 0x00, 0x00
};

const u8 IceBallStrong[] = {
    0x03, 0xa7, 0x01, 0x00, 0x00, 0x02, 0xff, 0x00, 0x00, 0x0e, 0x30, 0x04, 0x00, 0x00, 0x0e, 0x30, 0x04, 0x00, 0x00, 0x0e, 0x30, 0x04, 0x00, 0x00, 0x0e, 0x30, 0x04, 0x00, 0x00, 0x0e, 0x30, 0x04, 0x00, 0x00, 0x0e, 0x30, 0x04, 0x00, 0x00, 0x0e, 0x30, 0x04, 0x00, 0x00, 0x0e, 0x30, 0x04, 0x00, 0x00, 0x0e, 0x30, 0x04, 0x00, 0x00, 0x0e, 0x30, 0x04, 0x00, 0x00, 0x13, 0x31, 0x04, 0x00, 0x00
};

const u8 IceBallStrongest[] = {
    0x03, 0xa7, 0x01, 0x00, 0x00, 0x02, 0xff, 0x00, 0x00, 0x0e, 0x30, 0x04, 0x00, 0x00, 0x0e, 0x30, 0x04, 0x00, 0x00, 0x0e, 0x30, 0x04, 0x00, 0x00, 0x0e, 0x30, 0x04, 0x00, 0x00, 0x0e, 0x30, 0x04, 0x00, 0x00, 0x0e, 0x30, 0x04, 0x00, 0x00, 0x0e, 0x30, 0x04, 0x00, 0x00, 0x0e, 0x30, 0x04, 0x00, 0x00, 0x0e, 0x30, 0x04, 0x00, 0x00, 0x0e, 0x30, 0x04, 0x00, 0x00, 0x13, 0x31, 0x04, 0x00, 0x00
};

const u8 IceBallImpactShard[] = {
    0x02, 0x32, 0x04, 0x00, 0x00, 0x84, 0x04, 0xff, 0xf4, 0xff, 0x0f
};

const u8 Move_WEATHER_BALL[] = {
    0x00, 0x2b, 0x28, 0x02, 0x6b, 0x01, 0x00, 0x00, 0x82, 0x02, 0xff, 0x08, 0x00, 0x04, 0x08, 0x19, 0xba, 0x00, 0xc0, 0x02, 0x33, 0x04, 0x00, 0x00, 0x82, 0x02, 0x00, 0x05, 0x04, 0x0f, 0x19, 0xca, 0x00, 0x00, 0x02, 0x79, 0x01, 0x00, 0x00, 0x82, 0x02, 0xff, 0x1f, 0x00, 0x05, 0x03, 0x34, 0x04, 0x00, 0x00, 0x02, 0x00, 0x04, 0x01, 0x21, 0x07, 0x00, 0x00, 0x35, 0x04, 0x00, 0x00, 0x21, 0x07, 0x01, 0x00, 0x36, 0x04, 0x00, 0x00, 0x21, 0x07, 0x02, 0x00, 0x37, 0x04, 0x00, 0x00, 0x21, 0x07, 0x03, 0x00, 0x38, 0x04, 0x00, 0x00, 0x21, 0x07, 0x04, 0x00, 0x39, 0x04, 0x00, 0x00
};

const u8 WeatherBallNormal[] = {
    0x00, 0x97, 0x27, 0x02, 0x3a, 0x04, 0x00, 0x00, 0x82, 0x02, 0xff, 0xe2, 0xff, 0x05, 0x19, 0x86, 0x00, 0x3f, 0x02, 0x5d, 0x01, 0x00, 0x00, 0x84, 0x04, 0xff, 0xf6, 0xff, 0x03, 0x5e, 0x01, 0x00, 0x00, 0x02, 0xff, 0x01, 0x00, 0x05, 0x08
};

const u8 WeatherBallFire[] = {
    0x00, 0x2d, 0x27, 0x02, 0x3b, 0x04, 0x00, 0x00, 0x82, 0x02, 0xff, 0xe2, 0xff, 0x19, 0x89, 0x00, 0x3f, 0x04, 0x0a, 0x02, 0x3b, 0x04, 0x00, 0x00, 0x82, 0x02, 0xff, 0xe2, 0xff, 0x19, 0x89, 0x00, 0x3f, 0x04, 0x0a, 0x02, 0x3b, 0x04, 0x00, 0x00, 0x82, 0x02, 0xff, 0xe2, 0xff, 0x19, 0x89, 0x00, 0x3f, 0x05, 0x19, 0x8a, 0x00, 0x3f, 0x03, 0x5e, 0x01, 0x00, 0x00, 0x02, 0xff, 0x01, 0x00, 0x05, 0x08
};

const u8 WeatherBallWater[] = {
    0x00, 0xab, 0x27, 0x02, 0x3c, 0x04, 0x00, 0x00, 0x82, 0x02, 0xff, 0xe2, 0xff, 0x19, 0x87, 0x00, 0x3f, 0x04, 0x08, 0x02, 0x3c, 0x04, 0x00, 0x00, 0x82, 0x02, 0xff, 0xe2, 0xff, 0x19, 0x87, 0x00, 0x3f, 0x04, 0x0d, 0x02, 0x3c, 0x04, 0x00, 0x00, 0x82, 0x02, 0xff, 0xe2, 0xff, 0x19, 0x87, 0x00, 0x3f, 0x05, 0x03, 0x5e, 0x01, 0x00, 0x00, 0x02, 0xff, 0x01, 0x00, 0x19, 0xc0, 0x00, 0x3f, 0x05, 0x08
};

const u8 WeatherBallSandstorm[] = {
    0x00, 0x4a, 0x27, 0x02, 0x3d, 0x04, 0x00, 0x00, 0x82, 0x02, 0xff, 0xe2, 0xff, 0x19, 0x7c, 0x00, 0x3f, 0x04, 0x05, 0x02, 0x3d, 0x04, 0x00, 0x00, 0x82, 0x02, 0xff, 0xe2, 0xff, 0x19, 0x7c, 0x00, 0x3f, 0x04, 0x0e, 0x02, 0x3d, 0x04, 0x00, 0x00, 0x82, 0x02, 0xff, 0xe2, 0xff, 0x19, 0x7c, 0x00, 0x3f, 0x05, 0x19, 0xcf, 0x00, 0x3f, 0x02, 0x0e, 0x04, 0x00, 0x00, 0x82, 0x02, 0xff, 0xf4, 0xff, 0x02, 0x0e, 0x04, 0x00, 0x00, 0x82, 0x02, 0xff, 0x08, 0x00, 0x02, 0x0e, 0x04, 0x00, 0x00, 0x82, 0x02, 0xff, 0xfc, 0xff, 0x02, 0x0e, 0x04, 0x00, 0x00, 0x82, 0x02, 0xff, 0x0c, 0x00, 0x03, 0x66, 0x01, 0x00, 0x00, 0x02, 0xff, 0x01, 0x00, 0x05, 0x08
};

const u8 WeatherBallIce[] = {
    0x00, 0x17, 0x28, 0x00, 0x9d, 0x27, 0x02, 0x3e, 0x04, 0x00, 0x00, 0x82, 0x02, 0xff, 0xe2, 0xff, 0x19, 0xeb, 0x00, 0x3f, 0x04, 0x0a, 0x02, 0x3e, 0x04, 0x00, 0x00, 0x82, 0x02, 0xff, 0xe2, 0xff, 0x19, 0xeb, 0x00, 0x3f, 0x04, 0x0a, 0x02, 0x3e, 0x04, 0x00, 0x00, 0x82, 0x02, 0xff, 0xe2, 0xff, 0x19, 0xeb, 0x00, 0x3f, 0x05, 0x03, 0x66, 0x01, 0x00, 0x00, 0x02, 0xff, 0x01, 0x00, 0x19, 0x82, 0x00, 0x3f, 0x0e, 0xd1, 0x02, 0x00, 0x00, 0x05, 0x08
};

const u8 Move_COUNT[] = {
    0x00, 0x97, 0x27, 0x0a, 0x01, 0x0c, 0x0c, 0x08, 0x19, 0x7f, 0x00, 0x3f, 0x02, 0x5d, 0x01, 0x00, 0x00, 0x82, 0x02, 0xff, 0x00, 0x00, 0x03, 0x5e, 0x01, 0x00, 0x00, 0x02, 0xff, 0x01, 0x00, 0x05, 0x0b, 0x01, 0x0d, 0x08
};

const u8 IceCrystalEffectShort[] = {
    0x02, 0x3f, 0x04, 0x00, 0x00, 0x82, 0x02, 0xff, 0xf6, 0xff, 0x19, 0x82, 0x00, 0x3f, 0x04, 0x04, 0x02, 0x40, 0x04, 0x00, 0x00, 0x82, 0x02, 0xff, 0x0a, 0x00, 0x19, 0x82, 0x00, 0x3f, 0x04, 0x04, 0x02, 0x3f, 0x04, 0x00, 0x00, 0x82, 0x02, 0xff, 0xfb, 0xff, 0x19, 0x82, 0x00, 0x3f, 0x04, 0x04, 0x02, 0x40, 0x04, 0x00, 0x00, 0x82, 0x02, 0xff, 0x11, 0x00, 0x19, 0x82, 0x00, 0x3f, 0x04, 0x04, 0x02, 0x40, 0x04, 0x00, 0x00, 0x82, 0x02, 0xff, 0xf1, 0xff, 0x19, 0x82, 0x00, 0x3f, 0x04, 0x04, 0x02, 0x40, 0x04, 0x00, 0x00, 0x82, 0x02, 0xff, 0x00, 0x00, 0x19, 0x82, 0x00, 0x3f, 0x04, 0x04, 0x02, 0x3f, 0x04, 0x00, 0x00, 0x82, 0x02, 0xff, 0x14, 0x00, 0x19, 0x82, 0x00, 0x3f, 0x0f
};

const u8 IceCrystalEffectLong[] = {
    0x02, 0x3f, 0x04, 0x00, 0x00, 0x82, 0x02, 0xff, 0xf6, 0xff, 0x19, 0x82, 0x00, 0x3f, 0x04, 0x04, 0x02, 0x40, 0x04, 0x00, 0x00, 0x82, 0x02, 0xff, 0x0a, 0x00, 0x19, 0x82, 0x00, 0x3f, 0x04, 0x04, 0x02, 0x3f, 0x04, 0x00, 0x00, 0x82, 0x02, 0xff, 0xe3, 0xff, 0x19, 0x82, 0x00, 0x3f, 0x04, 0x04, 0x02, 0x40, 0x04, 0x00, 0x00, 0x82, 0x02, 0xff, 0x1d, 0x00, 0x19, 0x82, 0x00, 0x3f, 0x04, 0x04, 0x02, 0x3f, 0x04, 0x00, 0x00, 0x82, 0x02, 0xff, 0xfb, 0xff, 0x19, 0x82, 0x00, 0x3f, 0x04, 0x04, 0x02, 0x40, 0x04, 0x00, 0x00, 0x82, 0x02, 0xff, 0x11, 0x00, 0x19, 0x82, 0x00, 0x3f, 0x04, 0x04, 0x02, 0x3f, 0x04, 0x00, 0x00, 0x82, 0x02, 0xff, 0xec, 0xff, 0x19, 0x82, 0x00, 0x3f, 0x04, 0x04, 0x02, 0x40, 0x04, 0x00, 0x00, 0x82, 0x02, 0xff, 0xf1, 0xff, 0x19, 0x82, 0x00, 0x3f, 0x04, 0x04, 0x02, 0x40, 0x04, 0x00, 0x00, 0x82, 0x02, 0xff, 0x1a, 0x00, 0x19, 0x82, 0x00, 0x3f, 0x04, 0x04, 0x02, 0x40, 0x04, 0x00, 0x00, 0x82, 0x02, 0xff, 0x00, 0x00, 0x19, 0x82, 0x00, 0x3f, 0x04, 0x04, 0x02, 0x3f, 0x04, 0x00, 0x00, 0x82, 0x02, 0xff, 0x14, 0x00, 0x19, 0x82, 0x00, 0x3f, 0x0f
};

const u8 IceSpikesEffectShort[] = {
    0x1c, 0x82, 0x00, 0x3f, 0x06, 0x04, 0x02, 0x41, 0x04, 0x00, 0x00, 0x82, 0x02, 0xff, 0x00, 0x00, 0x04, 0x04, 0x02, 0x41, 0x04, 0x00, 0x00, 0x82, 0x02, 0xff, 0x08, 0x00, 0x02, 0x41, 0x04, 0x00, 0x00, 0x82, 0x02, 0xff, 0xf8, 0xff, 0x04, 0x04, 0x02, 0x41, 0x04, 0x00, 0x00, 0x82, 0x02, 0xff, 0x10, 0x00, 0x02, 0x41, 0x04, 0x00, 0x00, 0x82, 0x02, 0xff, 0xf0, 0xff, 0x04, 0x04, 0x02, 0x41, 0x04, 0x00, 0x00, 0x82, 0x02, 0xff, 0x18, 0x00, 0x02, 0x41, 0x04, 0x00, 0x00, 0x82, 0x02, 0xff, 0xe8, 0xff, 0x04, 0x04, 0x02, 0x41, 0x04, 0x00, 0x00, 0x82, 0x02, 0xff, 0x20, 0x00, 0x02, 0x41, 0x04, 0x00, 0x00, 0x82, 0x02, 0xff, 0xe0, 0xff, 0x0f
};

const u8 IceSpikesEffectLong[] = {
    0x1c, 0x82, 0x00, 0x3f, 0x06, 0x04, 0x02, 0x41, 0x04, 0x00, 0x00, 0x82, 0x02, 0xff, 0x00, 0x00, 0x04, 0x04, 0x02, 0x41, 0x04, 0x00, 0x00, 0x82, 0x02, 0xff, 0x08, 0x00, 0x02, 0x41, 0x04, 0x00, 0x00, 0x82, 0x02, 0xff, 0xf8, 0xff, 0x04, 0x04, 0x02, 0x41, 0x04, 0x00, 0x00, 0x82, 0x02, 0xff, 0x10, 0x00, 0x02, 0x41, 0x04, 0x00, 0x00, 0x82, 0x02, 0xff, 0xf0, 0xff, 0x04, 0x04, 0x02, 0x41, 0x04, 0x00, 0x00, 0x82, 0x02, 0xff, 0x18, 0x00, 0x02, 0x41, 0x04, 0x00, 0x00, 0x82, 0x02, 0xff, 0xe8, 0xff, 0x04, 0x04, 0x02, 0x41, 0x04, 0x00, 0x00, 0x82, 0x02, 0xff, 0x20, 0x00, 0x02, 0x41, 0x04, 0x00, 0x00, 0x82, 0x02, 0xff, 0xe0, 0xff, 0x04, 0x04, 0x02, 0x41, 0x04, 0x00, 0x00, 0x82, 0x02, 0xff, 0x28, 0x00, 0x02, 0x41, 0x04, 0x00, 0x00, 0x82, 0x02, 0xff, 0xd8, 0xff, 0x04, 0x04, 0x02, 0x41, 0x04, 0x00, 0x00, 0x82, 0x02, 0xff, 0x30, 0x00, 0x02, 0x41, 0x04, 0x00, 0x00, 0x82, 0x02, 0xff, 0xd0, 0xff, 0x0f
};

const u8 GrantingStarsEffect[] = {
    0x02, 0xec, 0x03, 0x00, 0x00, 0x82, 0x02, 0xff, 0xf1, 0xff, 0x04, 0x08, 0x02, 0xec, 0x03, 0x00, 0x00, 0x82, 0x02, 0xff, 0x0c, 0x00, 0x04, 0x08, 0x0f
};

const u8 HealingEffect[] = {
    0x19, 0xac, 0x00, 0xc0, 0x02, 0x42, 0x04, 0x00, 0x00, 0x82, 0x02, 0xff, 0x00, 0x00, 0x04, 0x07, 0x02, 0x42, 0x04, 0x00, 0x00, 0x82, 0x02, 0xff, 0xf1, 0xff, 0x04, 0x07, 0x02, 0x42, 0x04, 0x00, 0x00, 0x82, 0x02, 0xff, 0xf1, 0xff, 0x04, 0x07, 0x02, 0x42, 0x04, 0x00, 0x00, 0x82, 0x02, 0xff, 0x0a, 0x00, 0x04, 0x07, 0x0f
};

const u8 HealingEffect2[] = {
    0x19, 0xac, 0x00, 0x3f, 0x02, 0x42, 0x04, 0x00, 0x00, 0x82, 0x02, 0xff, 0x00, 0x00, 0x04, 0x07, 0x02, 0x42, 0x04, 0x00, 0x00, 0x82, 0x02, 0xff, 0xf1, 0xff, 0x04, 0x07, 0x02, 0x42, 0x04, 0x00, 0x00, 0x82, 0x02, 0xff, 0xf1, 0xff, 0x04, 0x07, 0x02, 0x42, 0x04, 0x00, 0x00, 0x82, 0x02, 0xff, 0x0a, 0x00, 0x04, 0x07, 0x0f
};

const u8 PoisonBubblesEffect[] = {
    0x02, 0x43, 0x04, 0x00, 0x00, 0x82, 0x02, 0xff, 0x0a, 0x00, 0x19, 0x8d, 0x00, 0x3f, 0x04, 0x06, 0x02, 0x43, 0x04, 0x00, 0x00, 0x82, 0x02, 0xff, 0x14, 0x00, 0x19, 0x8d, 0x00, 0x3f, 0x04, 0x06, 0x02, 0x43, 0x04, 0x00, 0x00, 0x82, 0x02, 0xff, 0xec, 0xff, 0x19, 0x8d, 0x00, 0x3f, 0x04, 0x06, 0x02, 0x43, 0x04, 0x00, 0x00, 0x82, 0x02, 0xff, 0x00, 0x00, 0x19, 0x8d, 0x00, 0x3f, 0x04, 0x06, 0x02, 0x43, 0x04, 0x00, 0x00, 0x82, 0x02, 0xff, 0xec, 0xff, 0x19, 0x8d, 0x00, 0x3f, 0x04, 0x06, 0x02, 0x43, 0x04, 0x00, 0x00, 0x82, 0x02, 0xff, 0x10, 0x00, 0x19, 0x8d, 0x00, 0x3f, 0x0f
};

const u8 WaterBubblesEffectShort[] = {
    0x02, 0x44, 0x04, 0x00, 0x00, 0x82, 0x02, 0xff, 0x0a, 0x00, 0x19, 0x77, 0x00, 0x3f, 0x04, 0x06, 0x02, 0x44, 0x04, 0x00, 0x00, 0x82, 0x02, 0xff, 0x14, 0x00, 0x19, 0x77, 0x00, 0x3f, 0x04, 0x06, 0x02, 0x44, 0x04, 0x00, 0x00, 0x82, 0x02, 0xff, 0xec, 0xff, 0x19, 0x77, 0x00, 0x3f, 0x04, 0x06, 0x02, 0x44, 0x04, 0x00, 0x00, 0x82, 0x02, 0xff, 0x00, 0x00, 0x19, 0x77, 0x00, 0x3f, 0x04, 0x06, 0x02, 0x44, 0x04, 0x00, 0x00, 0x82, 0x02, 0xff, 0xec, 0xff, 0x19, 0x77, 0x00, 0x3f, 0x04, 0x06, 0x02, 0x44, 0x04, 0x00, 0x00, 0x82, 0x02, 0xff, 0x10, 0x00, 0x19, 0x77, 0x00, 0x3f, 0x0f
};

const u8 WaterBubblesEffectLong[] = {
    0x02, 0x44, 0x04, 0x00, 0x00, 0x82, 0x02, 0xff, 0x0a, 0x00, 0x19, 0x77, 0x00, 0x3f, 0x04, 0x06, 0x02, 0x44, 0x04, 0x00, 0x00, 0x82, 0x02, 0xff, 0xe4, 0xff, 0x19, 0x77, 0x00, 0x3f, 0x04, 0x06, 0x02, 0x44, 0x04, 0x00, 0x00, 0x82, 0x02, 0xff, 0x14, 0x00, 0x19, 0x77, 0x00, 0x3f, 0x04, 0x06, 0x02, 0x44, 0x04, 0x00, 0x00, 0x82, 0x02, 0xff, 0xec, 0xff, 0x19, 0x77, 0x00, 0x3f, 0x04, 0x06, 0x02, 0x44, 0x04, 0x00, 0x00, 0x82, 0x02, 0xff, 0x00, 0x00, 0x19, 0x77, 0x00, 0x3f, 0x04, 0x06, 0x02, 0x44, 0x04, 0x00, 0x00, 0x82, 0x02, 0xff, 0x1b, 0x00, 0x19, 0x77, 0x00, 0x3f, 0x04, 0x06, 0x02, 0x44, 0x04, 0x00, 0x00, 0x82, 0x02, 0xff, 0xec, 0xff, 0x19, 0x77, 0x00, 0x3f, 0x04, 0x06, 0x02, 0x44, 0x04, 0x00, 0x00, 0x82, 0x02, 0xff, 0x10, 0x00, 0x19, 0x77, 0x00, 0x3f, 0x0f
};

const u8 ElectricityEffect[] = {
    0x19, 0x70, 0x00, 0x3f, 0x02, 0x45, 0x04, 0x00, 0x00, 0x82, 0x02, 0xff, 0x05, 0x00, 0x04, 0x02, 0x02, 0x45, 0x04, 0x00, 0x00, 0x82, 0x02, 0xff, 0xfb, 0xff, 0x04, 0x02, 0x02, 0x45, 0x04, 0x00, 0x00, 0x82, 0x02, 0xff, 0x0f, 0x00, 0x04, 0x02, 0x02, 0x45, 0x04, 0x00, 0x00, 0x82, 0x02, 0xff, 0xf1, 0xff, 0x04, 0x02, 0x02, 0x45, 0x04, 0x00, 0x00, 0x82, 0x02, 0xff, 0x19, 0x00, 0x04, 0x02, 0x02, 0x45, 0x04, 0x00, 0x00, 0x82, 0x02, 0xff, 0xf8, 0xff, 0x04, 0x02, 0x02, 0x45, 0x04, 0x00, 0x00, 0x82, 0x02, 0xff, 0x02, 0x00, 0x04, 0x02, 0x02, 0x45, 0x04, 0x00, 0x00, 0x82, 0x02, 0xff, 0xec, 0xff, 0x0f
};

const u8 ConfusionEffect[] = {
    0x1c, 0xa9, 0x00, 0x3f, 0x0d, 0x06, 0x02, 0x46, 0x04, 0x00, 0x00, 0x82, 0x02, 0xff, 0x00, 0x00, 0x02, 0x46, 0x04, 0x00, 0x00, 0x82, 0x02, 0xff, 0x00, 0x00, 0x02, 0x46, 0x04, 0x00, 0x00, 0x82, 0x02, 0xff, 0x00, 0x00, 0x02, 0x46, 0x04, 0x00, 0x00, 0x82, 0x02, 0xff, 0x00, 0x00, 0x02, 0x46, 0x04, 0x00, 0x00, 0x82, 0x02, 0xff, 0x00, 0x00, 0x0f
};

const u8 SetPsychicBackground[] = {
    0x14, 0x03, 0x16, 0x03, 0x47, 0x04, 0x00, 0x00, 0x05, 0x00, 0x17, 0x0f
};

const u8 UnsetPsychicBackground[] = {
    0x15, 0x16, 0x10, 0x07, 0xff, 0xff, 0x17, 0x0f
};

const u8 SetSkyBg[] = {
    0x24, 0x48, 0x04, 0x00, 0x00, 0x14, 0x12, 0x16, 0x03, 0x04, 0x02, 0x00, 0x00, 0x05, 0xff, 0x00, 0xf7
};

const u8 SetSkyBgContinue[] = {
    0x17, 0x0f
};

const u8 SetSkyBgContest[] = {
    0x14, 0x13, 0x16, 0x03, 0x04, 0x02, 0x00, 0x00, 0x05, 0xff, 0x00, 0x09, 0x13, 0x49, 0x04, 0x00, 0x00
};

const u8 UnsetSkyBg[] = {
    0x15, 0x16, 0x10, 0x07, 0xff, 0xff, 0x17, 0x0f
};

const u8 SetSolarBeamBg[] = {
    0x03, 0x8b, 0x01, 0x00, 0x00, 0x02, 0x00, 0x21, 0x07, 0x01, 0x00, 0x4a, 0x04, 0x00, 0x00, 0x03, 0x8d, 0x01, 0x00, 0x00, 0x02, 0x00, 0x21, 0x07, 0x00, 0x00, 0x4b, 0x04, 0x00, 0x00, 0x13, 0x4c, 0x04, 0x00, 0x00
};

const u8 SetSolarBeamBgContinue[] = {
    0x17, 0x0f
};

const u8 SetSolarBeamBgContest[] = {
    0x14, 0x1a, 0x13, 0x4d, 0x04, 0x00, 0x00
};

const u8 SetSolarBeamBgPlayer[] = {
    0x14, 0x19, 0x13, 0x4d, 0x04, 0x00, 0x00
};

const u8 SetSolarBeamBgOpponent[] = {
    0x14, 0x18, 0x13, 0x4d, 0x04, 0x00, 0x00
};

const u8 UnsetSolarBeamBg[] = {
    0x15, 0x17, 0x0f
};

const u8 Status_Poison[] = {
    0x1c, 0x8d, 0x00, 0x3f, 0x0d, 0x06, 0x03, 0x66, 0x01, 0x00, 0x00, 0x02, 0xff, 0x00, 0x00, 0x03, 0xa5, 0x01, 0x00, 0x00, 0x02, 0xff, 0x02, 0x00, 0x08
};

const u8 Status_Confusion[] = {
    0x00, 0x59, 0x27, 0x0e, 0x4e, 0x04, 0x00, 0x00, 0x08
};

const u8 Status_Burn[] = {
    0x00, 0x2d, 0x27, 0x19, 0x89, 0x00, 0x3f, 0x0e, 0x4f, 0x04, 0x00, 0x00, 0x0e, 0x4f, 0x04, 0x00, 0x00, 0x0e, 0x4f, 0x04, 0x00, 0x00, 0x05, 0x08
};

const u8 BurnFlame[] = {
    0x02, 0x50, 0x04, 0x00, 0x00, 0x82, 0x02, 0xff, 0xe8, 0xff, 0x04, 0x04, 0x0f
};

const u8 Status_Infatuation[] = {
    0x00, 0xe2, 0x27, 0x19, 0xcd, 0x00, 0xc0, 0x02, 0x54, 0x02, 0x00, 0x00, 0x83, 0x03, 0xff, 0x00, 0x00, 0x04, 0x0f, 0x19, 0xcd, 0x00, 0xc0, 0x02, 0x54, 0x02, 0x00, 0x00, 0x83, 0x03, 0xff, 0xec, 0xff, 0x04, 0x0f, 0x19, 0xcd, 0x00, 0xc0, 0x02, 0x54, 0x02, 0x00, 0x00, 0x83, 0x03, 0xff, 0x14, 0x00, 0x08
};

const u8 Status_Sleep[] = {
    0x00, 0xf4, 0x27, 0x19, 0xbe, 0x00, 0xc0, 0x02, 0xd2, 0x02, 0x00, 0x00, 0x82, 0x02, 0xff, 0x04, 0x00, 0x04, 0x1e, 0x02, 0xd2, 0x02, 0x00, 0x00, 0x82, 0x02, 0xff, 0x04, 0x00, 0x08
};

const u8 Status_Paralysis[] = {
    0x00, 0x1b, 0x27, 0x03, 0x66, 0x01, 0x00, 0x00, 0x02, 0xff, 0x00, 0x00, 0x0e, 0x99, 0x01, 0x00, 0x00, 0x08
};

const u8 Status_Freeze[] = {
    0x19, 0x82, 0x00, 0x00, 0x00, 0x1a, 0x27, 0x0a, 0x03, 0x28, 0x01, 0x1d, 0xeb, 0x00, 0x3f, 0x11, 0x03, 0xcc, 0x03, 0x00, 0x00, 0x02, 0x00, 0x05, 0x0b, 0x03, 0x08
};

const u8 Status_Curse[] = {
    0x00, 0xd8, 0x27, 0x0a, 0x03, 0x19, 0x72, 0x00, 0x3f, 0x02, 0x80, 0x03, 0x00, 0x00, 0x82, 0x02, 0x00, 0x03, 0x66, 0x01, 0x00, 0x00, 0x02, 0xff, 0x01, 0x00, 0x05, 0x0b, 0x03, 0x08
};

const u8 Status_Nightmare[] = {
    0x00, 0xed, 0x27, 0x0a, 0x03, 0x19, 0x72, 0x00, 0x3f, 0x02, 0x51, 0x04, 0x00, 0x00, 0x82, 0x02, 0x00, 0x03, 0x66, 0x01, 0x00, 0x00, 0x02, 0xff, 0x01, 0x00, 0x05, 0x0b, 0x03, 0x08
};

const u8 General_CastformChange[] = {
    0x03, 0x52, 0x04, 0x00, 0x00, 0x02, 0x00, 0x21, 0x07, 0x01, 0x00, 0x53, 0x04, 0x00, 0x00, 0x13, 0x54, 0x04, 0x00, 0x00
};

const u8 CastformChangeContinue[] = {
    0x0a, 0x00, 0x19, 0xc4, 0x00, 0xc0, 0x1d, 0xc5, 0x00, 0xc0, 0x30, 0x03, 0xb9, 0x03, 0x00, 0x00, 0x02, 0xff, 0x01, 0x00, 0x05, 0x0b, 0x00, 0x08
};

const u8 CastformChangeSkipAnim[] = {
    0x03, 0x55, 0x04, 0x00, 0x00, 0x02, 0xff, 0x01, 0x00, 0x08
};

const u8 General_StatsChange[] = {
    0x03, 0x56, 0x04, 0x00, 0x00, 0x05, 0x00, 0x05, 0x08
};

const u8 General_SubstituteFade[] = {
    0x0a, 0x00, 0x03, 0x57, 0x04, 0x00, 0x00, 0x05, 0x00, 0x03, 0x81, 0x01, 0x00, 0x00, 0x0a, 0xff, 0x02, 0x00, 0x05, 0x04, 0x01, 0x0b, 0x00, 0x04, 0x02, 0x0d, 0x03, 0x81, 0x01, 0x00, 0x00, 0x0a, 0xff, 0x02, 0x00, 0x03, 0x58, 0x04, 0x00, 0x00, 0x02, 0xff, 0x01, 0x00, 0x08
};

const u8 General_SubstituteAppear[] = {
    0x03, 0xd9, 0x03, 0x00, 0x00, 0x02, 0x00, 0x08
};

const u8 General_BaitThrow[] = {
    0x03, 0x59, 0x04, 0x00, 0x00, 0x02, 0xff, 0x00, 0x00, 0x03, 0x5a, 0x04, 0x00, 0x00, 0x02, 0x00, 0x04, 0x00, 0x1d, 0x88, 0x00, 0xc0, 0x16, 0x02, 0x5b, 0x04, 0x00, 0x00, 0x83, 0x03, 0xff, 0xee, 0xff, 0x04, 0x32, 0x1c, 0xa0, 0x00, 0x3f, 0x13, 0x02, 0x03, 0x71, 0x01, 0x00, 0x00, 0x05, 0xff, 0x01, 0x00, 0x05, 0x03, 0x5c, 0x04, 0x00, 0x00, 0x02, 0x00, 0x08
};

const u8 General_ItemKnockoff[] = {
    0x00, 0xf0, 0x27, 0x02, 0x5d, 0x04, 0x00, 0x00, 0x82, 0x02, 0x00, 0x08
};

const u8 General_TurnTrap[] = {
    0x03, 0x5e, 0x04, 0x00, 0x00, 0x05, 0x00, 0x21, 0x00, 0x01, 0x00, 0x5f, 0x04, 0x00, 0x00, 0x21, 0x00, 0x02, 0x00, 0x60, 0x04, 0x00, 0x00, 0x21, 0x00, 0x03, 0x00, 0x61, 0x04, 0x00, 0x00, 0x21, 0x00, 0x04, 0x00, 0x62, 0x04, 0x00, 0x00, 0x13, 0x63, 0x04, 0x00, 0x00
};

const u8 Status_BindWrap[] = {
    0x00, 0xca, 0x27, 0x1c, 0x94, 0x00, 0x3f, 0x06, 0x02, 0x02, 0x7a, 0x03, 0x00, 0x00, 0x84, 0x04, 0xff, 0x00, 0x00, 0x04, 0x07, 0x02, 0x7a, 0x03, 0x00, 0x00, 0x82, 0x02, 0xff, 0x00, 0x00, 0x04, 0x03, 0x03, 0x66, 0x01, 0x00, 0x00, 0x02, 0xff, 0x01, 0x00, 0x04, 0x14, 0x10, 0x07, 0xff, 0xff, 0x19, 0xa3, 0x00, 0x3f, 0x05, 0x08
};

const u8 Status_FireSpin[] = {
    0x00, 0x2d, 0x27, 0x19, 0x8f, 0x00, 0x3f, 0x03, 0x5e, 0x01, 0x00, 0x00, 0x05, 0xff, 0x01, 0x00, 0x0e, 0xb1, 0x01, 0x00, 0x00, 0x0e, 0xb1, 0x01, 0x00, 0x00, 0x05, 0x2f, 0x08
};

const u8 Status_Whirlpool[] = {
    0x00, 0xa5, 0x27, 0x0a, 0x03, 0x28, 0x01, 0x0c, 0x0c, 0x08, 0x04, 0x00, 0x02, 0x7a, 0x01, 0x00, 0x00, 0x80, 0x00, 0xff, 0x04, 0x00, 0x19, 0x9e, 0x00, 0x3f, 0x03, 0x5e, 0x01, 0x00, 0x00, 0x05, 0xff, 0x01, 0x00, 0x0e, 0x34, 0x03, 0x00, 0x00, 0x0e, 0x34, 0x03, 0x00, 0x00, 0x04, 0x0c, 0x02, 0x7a, 0x01, 0x00, 0x00, 0x80, 0x00, 0xff, 0x04, 0x00, 0x05, 0x2f, 0x0b, 0x03, 0x08
};

const u8 Status_Clamp[] = {
    0x00, 0xa1, 0x27, 0x00, 0x97, 0x27, 0x0a, 0x01, 0x0c, 0x0c, 0x08, 0x19, 0x95, 0x00, 0x3f, 0x02, 0xf4, 0x02, 0x00, 0x00, 0x82, 0x02, 0xff, 0xe0, 0xff, 0x02, 0xf4, 0x02, 0x00, 0x00, 0x82, 0x02, 0xff, 0x20, 0x00, 0x04, 0x0a, 0x02, 0x5d, 0x01, 0x00, 0x00, 0x82, 0x02, 0xff, 0x00, 0x00, 0x03, 0x5e, 0x01, 0x00, 0x00, 0x05, 0xff, 0x01, 0x00, 0x05, 0x0b, 0x01, 0x0d, 0x05, 0x08
};

const u8 Status_SandTomb[] = {
    0x00, 0x5a, 0x27, 0x02, 0x7a, 0x01, 0x00, 0x00, 0x80, 0x00, 0xff, 0x04, 0x00, 0x03, 0x5e, 0x01, 0x00, 0x00, 0x05, 0xff, 0x01, 0x00, 0x19, 0xdf, 0x00, 0x3f, 0x0e, 0xca, 0x03, 0x00, 0x00, 0x0e, 0xca, 0x03, 0x00, 0x00, 0x04, 0x16, 0x02, 0x7a, 0x01, 0x00, 0x00, 0x80, 0x00, 0xff, 0x04, 0x00, 0x05, 0x2f, 0x08
};

const u8 General_HeldItemEffect[] = {
    0x00, 0xdb, 0x27, 0x00, 0x41, 0x27, 0x04, 0x00, 0x19, 0x91, 0x00, 0xc0, 0x03, 0x2c, 0x03, 0x00, 0x00, 0x02, 0xff, 0x10, 0x00, 0x05, 0x19, 0x91, 0x00, 0xc0, 0x03, 0x2c, 0x03, 0x00, 0x00, 0x02, 0xff, 0x10, 0x00, 0x05, 0x19, 0x91, 0x00, 0xc0, 0x03, 0x2c, 0x03, 0x00, 0x00, 0x02, 0xff, 0x10, 0x00, 0x05, 0x19, 0xdd, 0x00, 0xc0, 0x0e, 0x1a, 0x03, 0x00, 0x00, 0x05, 0x19, 0x5f, 0x00, 0xc0, 0x02, 0x7a, 0x01, 0x00, 0x00, 0x82, 0x02, 0xff, 0x02, 0x00, 0x02, 0x5b, 0x02, 0x00, 0x00, 0x83, 0x03, 0xff, 0x00, 0x00, 0x05, 0x08
};

const u8 General_SmokeballEscape[] = {
    0x00, 0x02, 0x28, 0x0a, 0x00, 0x0c, 0x0c, 0x04, 0x04, 0x00, 0x19, 0x0f, 0x00, 0x3f, 0x02, 0x64, 0x04, 0x00, 0x00, 0x80, 0x00, 0xff, 0x00, 0x00, 0x04, 0x04, 0x19, 0x0f, 0x00, 0x3f, 0x02, 0x64, 0x04, 0x00, 0x00, 0xff, 0x7f, 0xff, 0x02, 0x00, 0x04, 0x0c, 0x19, 0x0f, 0x00, 0x3f, 0x02, 0x64, 0x04, 0x00, 0x00, 0xfe, 0x7e, 0xff, 0x02, 0x00, 0x04, 0x0c, 0x19, 0x0f, 0x00, 0x3f, 0x02, 0x64, 0x04, 0x00, 0x00, 0xfc, 0x7c, 0xff, 0x02, 0x00, 0x04, 0x04, 0x19, 0x0f, 0x00, 0x3f, 0x03, 0x37, 0x02, 0x00, 0x00, 0x02, 0xff, 0x02, 0x00, 0x02, 0x64, 0x04, 0x00, 0x00, 0xfb, 0x7b, 0xff, 0x03, 0x00, 0x04, 0x0e, 0x19, 0x0f, 0x00, 0x3f, 0x02, 0x64, 0x04, 0x00, 0x00, 0xfa, 0x7a, 0xff, 0x03, 0x00, 0x04, 0x00, 0x02, 0x64, 0x04, 0x00, 0x00, 0xf9, 0x79, 0xff, 0x03, 0x00, 0x04, 0x00, 0x02, 0x64, 0x04, 0x00, 0x00, 0xf8, 0x78, 0xff, 0x03, 0x00, 0x04, 0x00, 0x02, 0x64, 0x04, 0x00, 0x00, 0xf7, 0x77, 0xff, 0x03, 0x00, 0x04, 0x00, 0x02, 0x64, 0x04, 0x00, 0x00, 0xf6, 0x76, 0xff, 0x03, 0x00, 0x05, 0x0b, 0x00, 0x2b, 0x00, 0x04, 0x00, 0x0d, 0x08
};

const u8 General_FocusBand[] = {
    0x02, 0x7a, 0x01, 0x00, 0x00, 0x80, 0x00, 0xff, 0x02, 0x00, 0x19, 0xa4, 0x00, 0xc0, 0x03, 0x65, 0x04, 0x00, 0x00, 0x05, 0xff, 0x1e, 0x00, 0x05, 0x02, 0x7a, 0x01, 0x00, 0x00, 0x80, 0x00, 0xff, 0x02, 0x00, 0x05, 0x04, 0x06, 0x02, 0x68, 0x01, 0x00, 0x00, 0x80, 0x00, 0xff, 0x00, 0x00, 0x08
};

const u8 General_Rain[] = {
    0x00, 0x83, 0x27, 0x19, 0x78, 0x00, 0xc0, 0x03, 0x81, 0x01, 0x00, 0x00, 0x0a, 0xff, 0x81, 0x07, 0x05, 0x03, 0xf2, 0x02, 0x00, 0x00, 0x02, 0xff, 0x00, 0x00, 0x03, 0xf2, 0x02, 0x00, 0x00, 0x02, 0xff, 0x00, 0x00, 0x04, 0x32, 0x05, 0x03, 0x81, 0x01, 0x00, 0x00, 0x0a, 0xff, 0x81, 0x07, 0x05, 0x08
};

const u8 General_Sun[] = {
    0x13, 0x66, 0x04, 0x00, 0x00
};

const u8 General_Sandstorm[] = {
    0x13, 0x67, 0x04, 0x00, 0x00
};

const u8 General_Hail[] = {
    0x13, 0x68, 0x04, 0x00, 0x00
};

const u8 General_LeechSeedDrain[] = {
    0x03, 0x69, 0x04, 0x00, 0x00, 0x05, 0x00, 0x04, 0x00, 0x13, 0x6a, 0x04, 0x00, 0x00
};

const u8 General_MonHit[] = {
    0x00, 0x97, 0x27, 0x0a, 0x01, 0x0c, 0x0c, 0x08, 0x19, 0x7f, 0x00, 0x3f, 0x02, 0x5d, 0x01, 0x00, 0x00, 0x82, 0x02, 0xff, 0x00, 0x00, 0x03, 0x5e, 0x01, 0x00, 0x00, 0x02, 0xff, 0x01, 0x00, 0x05, 0x0b, 0x01, 0x0d, 0x08
};

const u8 General_ItemSteal[] = {
    0x00, 0xf0, 0x27, 0x03, 0x6b, 0x04, 0x00, 0x00, 0x02, 0x00, 0x03, 0x6c, 0x04, 0x00, 0x00, 0x02, 0x00, 0x04, 0x01, 0x02, 0x6d, 0x04, 0x00, 0x00, 0x82, 0x02, 0xff, 0x00, 0x00, 0x08
};

const u8 General_SnatchMove[] = {
    0x00, 0xf0, 0x27, 0x03, 0x6e, 0x04, 0x00, 0x00, 0x02, 0x00, 0x0e, 0x6f, 0x04, 0x00, 0x00, 0x04, 0x01, 0x03, 0x71, 0x01, 0x00, 0x00, 0x02, 0xff, 0x00, 0x00, 0x05, 0x03, 0x70, 0x04, 0x00, 0x00, 0x02, 0x00, 0x21, 0x07, 0x00, 0x00, 0x71, 0x04, 0x00, 0x00, 0x13, 0x72, 0x04, 0x00, 0x00
};

const u8 SnatchMoveContinue[] = {
    0x05, 0x0e, 0x73, 0x04, 0x00, 0x00, 0x08
};

const u8 SnatchOpposingMonMove[] = {
    0x19, 0x80, 0x00, 0xc0, 0x03, 0x74, 0x04, 0x00, 0x00, 0x02, 0x00, 0x13, 0x75, 0x04, 0x00, 0x00
};

const u8 SnatchPartnerMonMove[] = {
    0x19, 0x80, 0x00, 0xc0, 0x03, 0x76, 0x04, 0x00, 0x00, 0x02, 0x00, 0x13, 0x75, 0x04, 0x00, 0x00
};

const u8 General_FutureSightHit[] = {
    0x03, 0x77, 0x04, 0x00, 0x00, 0x02, 0x00, 0x0a, 0x03, 0x19, 0xb6, 0x00, 0xc0, 0x0e, 0x18, 0x02, 0x00, 0x00, 0x0c, 0x08, 0x08, 0x19, 0xb1, 0x00, 0x3f, 0x1d, 0xb1, 0x00, 0x3f, 0x08, 0x03, 0x5e, 0x01, 0x00, 0x00, 0x02, 0xff, 0x01, 0x00, 0x03, 0xa2, 0x01, 0x00, 0x00, 0x05, 0xff, 0xfb, 0xff, 0x05, 0x03, 0x5e, 0x01, 0x00, 0x00, 0x02, 0xff, 0x01, 0x00, 0x05, 0x0b, 0x03, 0x0d, 0x05, 0x04, 0x01, 0x0e, 0x1a, 0x02, 0x00, 0x00, 0x08
};

const u8 General_DoomDesireHit[] = {
    0x03, 0x77, 0x04, 0x00, 0x00, 0x02, 0x00, 0x00, 0xd6, 0x27, 0x02, 0x7a, 0x01, 0x00, 0x00, 0x82, 0x02, 0xff, 0x01, 0x00, 0x05, 0x04, 0x0a, 0x03, 0x15, 0x04, 0x00, 0x00, 0x05, 0x00, 0x04, 0x09, 0x19, 0xbd, 0x00, 0xc0, 0x04, 0x09, 0x19, 0xbd, 0x00, 0x00, 0x04, 0x09, 0x19, 0xbd, 0x00, 0x3f, 0x04, 0x19, 0x03, 0x6d, 0x01, 0x00, 0x00, 0x02, 0xff, 0x01, 0x00, 0x19, 0xaa, 0x00, 0x3f, 0x02, 0xbd, 0x01, 0x00, 0x00, 0x83, 0x03, 0xff, 0x00, 0x00, 0x04, 0x06, 0x19, 0xaa, 0x00, 0x3f, 0x02, 0xbd, 0x01, 0x00, 0x00, 0x83, 0x03, 0xff, 0x18, 0x00, 0x04, 0x06, 0x19, 0xaa, 0x00, 0x3f, 0x02, 0xbd, 0x01, 0x00, 0x00, 0x83, 0x03, 0xff, 0xf0, 0xff, 0x04, 0x06, 0x19, 0xaa, 0x00, 0x3f, 0x02, 0xbd, 0x01, 0x00, 0x00, 0x83, 0x03, 0xff, 0xe8, 0xff, 0x04, 0x06, 0x19, 0xaa, 0x00, 0x3f, 0x02, 0xbd, 0x01, 0x00, 0x00, 0x83, 0x03, 0xff, 0x10, 0x00, 0x05, 0x02, 0x7a, 0x01, 0x00, 0x00, 0x82, 0x02, 0xff, 0x01, 0x00, 0x05, 0x08
};

const u8 General_FocusPunchSetUp[] = {
    0x00, 0xc8, 0x27, 0x19, 0xa4, 0x00, 0xc0, 0x0e, 0x51, 0x02, 0x00, 0x00, 0x04, 0x08, 0x03, 0xa5, 0x01, 0x00, 0x00, 0x02, 0xff, 0x02, 0x00, 0x03, 0x66, 0x01, 0x00, 0x00, 0x02, 0xff, 0x00, 0x00, 0x0e, 0x51, 0x02, 0x00, 0x00, 0x04, 0x08, 0x0e, 0x51, 0x02, 0x00, 0x00, 0x05, 0x08
};

const u8 General_IngrainHeal[] = {
    0x00, 0xa3, 0x27, 0x00, 0x2f, 0x27, 0x0a, 0x03, 0x0c, 0x0c, 0x08, 0x02, 0x7a, 0x01, 0x00, 0x00, 0x82, 0x02, 0xff, 0x01, 0x00, 0x05, 0x04, 0x03, 0x0e, 0x15, 0x03, 0x00, 0x00, 0x05, 0x04, 0x0f, 0x0e, 0x67, 0x02, 0x00, 0x00, 0x05, 0x02, 0x7a, 0x01, 0x00, 0x00, 0x82, 0x02, 0xff, 0x01, 0x00, 0x05, 0x0b, 0x03, 0x0d, 0x08
};

const u8 General_WishHeal[] = {
    0x00, 0x2f, 0x27, 0x00, 0x41, 0x27, 0x02, 0x7a, 0x01, 0x00, 0x00, 0x82, 0x02, 0xff, 0x01, 0x00, 0x05, 0x19, 0x85, 0x00, 0xc0, 0x0e, 0x1a, 0x03, 0x00, 0x00, 0x05, 0x0e, 0x67, 0x02, 0x00, 0x00, 0x05, 0x02, 0x7a, 0x01, 0x00, 0x00, 0x82, 0x02, 0xff, 0x01, 0x00, 0x08
};

const u8 General_MonScared[] = {
    0x03, 0x59, 0x04, 0x00, 0x00, 0x02, 0xff, 0x01, 0x00, 0x05, 0x00, 0x21, 0x28, 0x02, 0x7a, 0x01, 0x00, 0x00, 0x80, 0x00, 0xff, 0x04, 0x00, 0x03, 0x66, 0x01, 0x00, 0x00, 0x02, 0xff, 0x01, 0x00, 0x04, 0x14, 0x02, 0xf9, 0x03, 0x00, 0x00, 0x85, 0x05, 0xff, 0x00, 0x00, 0x19, 0xc6, 0x00, 0x3f, 0x02, 0xf9, 0x03, 0x00, 0x00, 0x85, 0x05, 0xff, 0x01, 0x00, 0x03, 0x66, 0x01, 0x00, 0x00, 0x02, 0xff, 0x01, 0x00, 0x03, 0x8a, 0x03, 0x00, 0x00, 0x03, 0x00, 0x05, 0x02, 0x7a, 0x01, 0x00, 0x00, 0x80, 0x00, 0xff, 0x04, 0x00, 0x05, 0x08
};

const u8 General_GhostGetOut[] = {
    0x03, 0x59, 0x04, 0x00, 0x00, 0x02, 0xff, 0x01, 0x00, 0x05, 0x14, 0x02, 0x16, 0x22, 0x00, 0x03, 0x78, 0x04, 0x00, 0x00, 0x02, 0x00, 0x17, 0x1c, 0xb6, 0x00, 0x3f, 0x14, 0x03, 0x05, 0x23, 0x00, 0x04, 0x01, 0x00, 0x21, 0x28, 0x02, 0x7a, 0x01, 0x00, 0x00, 0x80, 0x00, 0xff, 0x04, 0x00, 0x02, 0xf9, 0x03, 0x00, 0x00, 0x85, 0x05, 0xff, 0x00, 0x00, 0x02, 0xf9, 0x03, 0x00, 0x00, 0x85, 0x05, 0xff, 0x01, 0x00, 0x03, 0x66, 0x01, 0x00, 0x00, 0x02, 0xff, 0x01, 0x00, 0x03, 0x8a, 0x03, 0x00, 0x00, 0x03, 0x00, 0x05, 0x02, 0x7a, 0x01, 0x00, 0x00, 0x80, 0x00, 0xff, 0x04, 0x00, 0x05, 0x15, 0x17, 0x08
};

const u8 General_SilphScoped[] = {
    0x0a, 0x00, 0x19, 0xc4, 0x00, 0xc0, 0x1d, 0xc5, 0x00, 0xc0, 0x30, 0x03, 0xb9, 0x03, 0x00, 0x00, 0x02, 0xff, 0xff, 0x00, 0x20, 0x05, 0x0b, 0x00, 0x08
};

const u8 General_SafariRockThrow[] = {
    0x03, 0x59, 0x04, 0x00, 0x00, 0x02, 0xff, 0x00, 0x00, 0x05, 0x00, 0x4a, 0x27, 0x00, 0x97, 0x27, 0x04, 0x00, 0x1d, 0x88, 0x00, 0xc0, 0x16, 0x02, 0x79, 0x04, 0x00, 0x00, 0x83, 0x03, 0xff, 0xef, 0xff, 0x04, 0x32, 0x0a, 0x03, 0x0c, 0x0c, 0x08, 0x04, 0x00, 0x19, 0x7f, 0x00, 0x3f, 0x02, 0x5d, 0x01, 0x00, 0x00, 0x82, 0x02, 0xff, 0xfc, 0xff, 0x05, 0x0b, 0x03, 0x0d, 0x05, 0x08
};

const u8 General_SafariReaction[] = {
    0x03, 0x7a, 0x04, 0x00, 0x00, 0x02, 0x00, 0x05, 0x21, 0x07, 0x00, 0x00, 0x7b, 0x04, 0x00, 0x00, 0x21, 0x07, 0x01, 0x00, 0x7c, 0x04, 0x00, 0x00, 0x21, 0x07, 0x02, 0x00, 0x7d, 0x04, 0x00, 0x00, 0x08
};

const u8 SafariReaction_WatchingCarefully[] = {
    0x19, 0x91, 0x00, 0x3f, 0x03, 0x2c, 0x03, 0x00, 0x00, 0x02, 0xff, 0x10, 0x00, 0x05, 0x19, 0x91, 0x00, 0x3f, 0x03, 0x2c, 0x03, 0x00, 0x00, 0x02, 0xff, 0x10, 0x00, 0x08
};

const u8 SafariReaction_Angry[] = {
    0x00, 0x67, 0x27, 0x02, 0xd1, 0x01, 0x00, 0x00, 0x82, 0x02, 0xff, 0x01, 0x00, 0x19, 0xbb, 0x00, 0x3f, 0x05, 0x04, 0x0c, 0x02, 0xd1, 0x01, 0x00, 0x00, 0x82, 0x02, 0xff, 0x01, 0x00, 0x19, 0xbb, 0x00, 0x3f, 0x08
};

const u8 SafariReaction_Eating[] = {
    0x19, 0x91, 0x00, 0x3f, 0x03, 0x2c, 0x03, 0x00, 0x00, 0x02, 0xff, 0x08, 0x00, 0x05, 0x19, 0x91, 0x00, 0x3f, 0x03, 0x2c, 0x03, 0x00, 0x00, 0x02, 0xff, 0x08, 0x00, 0x08
};

const u8 SnatchMoveTrySwapFromSubstitute[] = {
    0x03, 0x7e, 0x04, 0x00, 0x00, 0x02, 0x00, 0x21, 0x07, 0x01, 0x00, 0x7f, 0x04, 0x00, 0x00
};

const u8 SnatchMoveTrySwapFromSubstituteEnd[] = {
    0x05, 0x0f
};

const u8 SnatchMoveSwapSubstituteForMon[] = {
    0x03, 0x58, 0x04, 0x00, 0x00, 0x02, 0xff, 0x01, 0x00, 0x05, 0x13, 0x80, 0x04, 0x00, 0x00
};

const u8 SnatchMoveTrySwapToSubstitute[] = {
    0x03, 0x7e, 0x04, 0x00, 0x00, 0x02, 0x00, 0x21, 0x07, 0x01, 0x00, 0x81, 0x04, 0x00, 0x00
};

const u8 SnatchMoveTrySwapToSubstituteEnd[] = {
    0x05, 0x0f
};

const u8 SnatchMoveSwapMonForSubstitute[] = {
    0x03, 0x58, 0x04, 0x00, 0x00, 0x02, 0xff, 0x00, 0x00, 0x05, 0x13, 0x82, 0x04, 0x00, 0x00
};

const u8 Special_LevelUp[] = {
    0x19, 0x54, 0x00, 0x00, 0x03, 0x83, 0x04, 0x00, 0x00, 0x02, 0x00, 0x04, 0x00, 0x03, 0x84, 0x04, 0x00, 0x00, 0x05, 0xff, 0x00, 0x00, 0x05, 0x03, 0x85, 0x04, 0x00, 0x00, 0x02, 0x00, 0x08
};

const u8 Special_SwitchOutPlayerMon[] = {
    0x03, 0x86, 0x04, 0x00, 0x00, 0x02, 0x00, 0x04, 0x0a, 0x03, 0x87, 0x04, 0x00, 0x00, 0x02, 0x00, 0x08
};

const u8 Special_SwitchOutOpponentMon[] = {
    0x03, 0x86, 0x04, 0x00, 0x00, 0x02, 0x00, 0x04, 0x0a, 0x03, 0x87, 0x04, 0x00, 0x00, 0x02, 0x00, 0x08
};

const u8 Special_BallThrow[] = {
    0x03, 0x88, 0x04, 0x00, 0x00, 0x02, 0x00, 0x04, 0x00, 0x19, 0x36, 0x00, 0x00, 0x03, 0x89, 0x04, 0x00, 0x00, 0x02, 0x00, 0x03, 0x8a, 0x04, 0x00, 0x00, 0x02, 0x00, 0x21, 0x07, 0xff, 0xff, 0x8b, 0x04, 0x00, 0x00, 0x21, 0x07, 0xfe, 0xff, 0x8c, 0x04, 0x00, 0x00
};

const u8 BallThrowEnd[] = {
    0x05, 0x03, 0x8d, 0x04, 0x00, 0x00, 0x02, 0x00, 0x08
};

const u8 BallThrowTrainerBlock[] = {
    0x00, 0x97, 0x27, 0x04, 0x19, 0x0a, 0x03, 0x0c, 0x0c, 0x08, 0x04, 0x00, 0x19, 0x7f, 0x00, 0x3f, 0x02, 0x5d, 0x01, 0x00, 0x00, 0x82, 0x02, 0xff, 0xfc, 0xff, 0x05, 0x0b, 0x03, 0x0d, 0x13, 0x8e, 0x04, 0x00, 0x00
};

const u8 BallThrowGhostDodged[] = {
    0x04, 0x10, 0x03, 0x78, 0x01, 0x00, 0x00, 0x02, 0xff, 0x01, 0x00, 0x19, 0x91, 0x00, 0x3f, 0x1d, 0x91, 0x00, 0x3f, 0x30, 0x05, 0x13, 0x8e, 0x04, 0x00, 0x00
};

const u8 Special_BallThrowWithTrainer[] = {
    0x03, 0x88, 0x04, 0x00, 0x00, 0x02, 0x00, 0x04, 0x00, 0x03, 0x8f, 0x04, 0x00, 0x00, 0x02, 0x00, 0x05, 0x03, 0x8d, 0x04, 0x00, 0x00, 0x02, 0x00, 0x08
};

const u8 Special_SubstituteToMon[] = {
    0x03, 0x58, 0x04, 0x00, 0x00, 0x02, 0xff, 0x01, 0x00, 0x08
};

const u8 Special_MonToSubstitute[] = {
    0x03, 0x58, 0x04, 0x00, 0x00, 0x02, 0xff, 0x00, 0x00, 0x08
};

const u16 gMovesWithQuietBGM[] = {
    0x002f,
    0x00c3,
    0x0140,
    0xffff,
};

const u8 *const gBattleAnims_Moves[] = {
    Move_NONE,
    Move_POUND,
    Move_KARATE_CHOP,
    Move_DOUBLE_SLAP,
    Move_COMET_PUNCH,
    Move_MEGA_PUNCH,
    Move_PAY_DAY,
    Move_FIRE_PUNCH,
    Move_ICE_PUNCH,
    Move_THUNDER_PUNCH,
    Move_SCRATCH,
    Move_VICE_GRIP,
    Move_GUILLOTINE,
    Move_RAZOR_WIND,
    Move_SWORDS_DANCE,
    Move_CUT,
    Move_GUST,
    Move_WING_ATTACK,
    Move_WHIRLWIND,
    Move_FLY,
    Move_BIND,
    Move_SLAM,
    Move_VINE_WHIP,
    Move_STOMP,
    Move_DOUBLE_KICK,
    Move_MEGA_KICK,
    Move_JUMP_KICK,
    Move_ROLLING_KICK,
    Move_SAND_ATTACK,
    Move_HEADBUTT,
    Move_HORN_ATTACK,
    Move_FURY_ATTACK,
    Move_HORN_DRILL,
    Move_TACKLE,
    Move_BODY_SLAM,
    Move_WRAP,
    Move_TAKE_DOWN,
    Move_THRASH,
    Move_DOUBLE_EDGE,
    Move_TAIL_WHIP,
    Move_POISON_STING,
    Move_TWINEEDLE,
    Move_PIN_MISSILE,
    Move_LEER,
    Move_BITE,
    Move_GROWL,
    Move_ROAR,
    Move_SING,
    Move_SUPERSONIC,
    Move_SONIC_BOOM,
    Move_DISABLE,
    Move_ACID,
    Move_EMBER,
    Move_FLAMETHROWER,
    Move_MIST,
    Move_WATER_GUN,
    Move_HYDRO_PUMP,
    Move_SURF,
    Move_ICE_BEAM,
    Move_BLIZZARD,
    Move_PSYBEAM,
    Move_BUBBLE_BEAM,
    Move_AURORA_BEAM,
    Move_HYPER_BEAM,
    Move_PECK,
    Move_DRILL_PECK,
    Move_SUBMISSION,
    Move_LOW_KICK,
    Move_COUNTER,
    Move_SEISMIC_TOSS,
    Move_STRENGTH,
    Move_ABSORB,
    Move_MEGA_DRAIN,
    Move_LEECH_SEED,
    Move_GROWTH,
    Move_RAZOR_LEAF,
    Move_SOLAR_BEAM,
    Move_POISON_POWDER,
    Move_STUN_SPORE,
    Move_SLEEP_POWDER,
    Move_PETAL_DANCE,
    Move_STRING_SHOT,
    Move_DRAGON_RAGE,
    Move_FIRE_SPIN,
    Move_THUNDER_SHOCK,
    Move_THUNDERBOLT,
    Move_THUNDER_WAVE,
    Move_THUNDER,
    Move_ROCK_THROW,
    Move_EARTHQUAKE,
    Move_FISSURE,
    Move_DIG,
    Move_TOXIC,
    Move_CONFUSION,
    Move_PSYCHIC,
    Move_HYPNOSIS,
    Move_MEDITATE,
    Move_AGILITY,
    Move_QUICK_ATTACK,
    Move_RAGE,
    Move_TELEPORT,
    Move_NIGHT_SHADE,
    Move_MIMIC,
    Move_SCREECH,
    Move_DOUBLE_TEAM,
    Move_RECOVER,
    Move_HARDEN,
    Move_MINIMIZE,
    Move_SMOKESCREEN,
    Move_CONFUSE_RAY,
    Move_WITHDRAW,
    Move_DEFENSE_CURL,
    Move_BARRIER,
    Move_LIGHT_SCREEN,
    Move_HAZE,
    Move_REFLECT,
    Move_FOCUS_ENERGY,
    Move_BIDE,
    Move_METRONOME,
    Move_MIRROR_MOVE,
    Move_SELF_DESTRUCT,
    Move_EGG_BOMB,
    Move_LICK,
    Move_SMOG,
    Move_SLUDGE,
    Move_BONE_CLUB,
    Move_FIRE_BLAST,
    Move_WATERFALL,
    Move_CLAMP,
    Move_SWIFT,
    Move_SKULL_BASH,
    Move_SPIKE_CANNON,
    Move_CONSTRICT,
    Move_AMNESIA,
    Move_KINESIS,
    Move_SOFT_BOILED,
    Move_HI_JUMP_KICK,
    Move_GLARE,
    Move_DREAM_EATER,
    Move_POISON_GAS,
    Move_BARRAGE,
    Move_LEECH_LIFE,
    Move_LOVELY_KISS,
    Move_SKY_ATTACK,
    Move_TRANSFORM,
    Move_BUBBLE,
    Move_DIZZY_PUNCH,
    Move_SPORE,
    Move_FLASH,
    Move_PSYWAVE,
    Move_SPLASH,
    Move_ACID_ARMOR,
    Move_CRABHAMMER,
    Move_EXPLOSION,
    Move_FURY_SWIPES,
    Move_BONEMERANG,
    Move_REST,
    Move_ROCK_SLIDE,
    Move_HYPER_FANG,
    Move_SHARPEN,
    Move_CONVERSION,
    Move_TRI_ATTACK,
    Move_SUPER_FANG,
    Move_SLASH,
    Move_SUBSTITUTE,
    Move_STRUGGLE,
    Move_SKETCH,
    Move_TRIPLE_KICK,
    Move_THIEF,
    Move_SPIDER_WEB,
    Move_MIND_READER,
    Move_NIGHTMARE,
    Move_FLAME_WHEEL,
    Move_SNORE,
    Move_CURSE,
    Move_FLAIL,
    Move_CONVERSION_2,
    Move_AEROBLAST,
    Move_COTTON_SPORE,
    Move_REVERSAL,
    Move_SPITE,
    Move_POWDER_SNOW,
    Move_PROTECT,
    Move_MACH_PUNCH,
    Move_SCARY_FACE,
    Move_FAINT_ATTACK,
    Move_SWEET_KISS,
    Move_BELLY_DRUM,
    Move_SLUDGE_BOMB,
    Move_MUD_SLAP,
    Move_OCTAZOOKA,
    Move_SPIKES,
    Move_ZAP_CANNON,
    Move_FORESIGHT,
    Move_DESTINY_BOND,
    Move_PERISH_SONG,
    Move_ICY_WIND,
    Move_DETECT,
    Move_BONE_RUSH,
    Move_LOCK_ON,
    Move_OUTRAGE,
    Move_SANDSTORM,
    Move_GIGA_DRAIN,
    Move_ENDURE,
    Move_CHARM,
    Move_ROLLOUT,
    Move_FALSE_SWIPE,
    Move_SWAGGER,
    Move_MILK_DRINK,
    Move_SPARK,
    Move_FURY_CUTTER,
    Move_STEEL_WING,
    Move_MEAN_LOOK,
    Move_ATTRACT,
    Move_SLEEP_TALK,
    Move_HEAL_BELL,
    Move_RETURN,
    Move_PRESENT,
    Move_FRUSTRATION,
    Move_SAFEGUARD,
    Move_PAIN_SPLIT,
    Move_SACRED_FIRE,
    Move_MAGNITUDE,
    Move_DYNAMIC_PUNCH,
    Move_MEGAHORN,
    Move_DRAGON_BREATH,
    Move_BATON_PASS,
    Move_ENCORE,
    Move_PURSUIT,
    Move_RAPID_SPIN,
    Move_SWEET_SCENT,
    Move_IRON_TAIL,
    Move_METAL_CLAW,
    Move_VITAL_THROW,
    Move_MORNING_SUN,
    Move_SYNTHESIS,
    Move_MOONLIGHT,
    Move_HIDDEN_POWER,
    Move_CROSS_CHOP,
    Move_TWISTER,
    Move_RAIN_DANCE,
    Move_SUNNY_DAY,
    Move_CRUNCH,
    Move_MIRROR_COAT,
    Move_PSYCH_UP,
    Move_EXTREME_SPEED,
    Move_ANCIENT_POWER,
    Move_SHADOW_BALL,
    Move_FUTURE_SIGHT,
    Move_ROCK_SMASH,
    Move_WHIRLPOOL,
    Move_BEAT_UP,
    Move_FAKE_OUT,
    Move_UPROAR,
    Move_STOCKPILE,
    Move_SPIT_UP,
    Move_SWALLOW,
    Move_HEAT_WAVE,
    Move_HAIL,
    Move_TORMENT,
    Move_FLATTER,
    Move_WILL_O_WISP,
    Move_MEMENTO,
    Move_FACADE,
    Move_FOCUS_PUNCH,
    Move_SMELLING_SALT,
    Move_FOLLOW_ME,
    Move_NATURE_POWER,
    Move_CHARGE,
    Move_TAUNT,
    Move_HELPING_HAND,
    Move_TRICK,
    Move_ROLE_PLAY,
    Move_WISH,
    Move_ASSIST,
    Move_INGRAIN,
    Move_SUPERPOWER,
    Move_MAGIC_COAT,
    Move_RECYCLE,
    Move_REVENGE,
    Move_BRICK_BREAK,
    Move_YAWN,
    Move_KNOCK_OFF,
    Move_ENDEAVOR,
    Move_ERUPTION,
    Move_SKILL_SWAP,
    Move_IMPRISON,
    Move_REFRESH,
    Move_GRUDGE,
    Move_SNATCH,
    Move_SECRET_POWER,
    Move_DIVE,
    Move_ARM_THRUST,
    Move_CAMOUFLAGE,
    Move_TAIL_GLOW,
    Move_LUSTER_PURGE,
    Move_MIST_BALL,
    Move_FEATHER_DANCE,
    Move_TEETER_DANCE,
    Move_BLAZE_KICK,
    Move_MUD_SPORT,
    Move_ICE_BALL,
    Move_NEEDLE_ARM,
    Move_SLACK_OFF,
    Move_HYPER_VOICE,
    Move_POISON_FANG,
    Move_CRUSH_CLAW,
    Move_BLAST_BURN,
    Move_HYDRO_CANNON,
    Move_METEOR_MASH,
    Move_ASTONISH,
    Move_WEATHER_BALL,
    Move_AROMATHERAPY,
    Move_FAKE_TEARS,
    Move_AIR_CUTTER,
    Move_OVERHEAT,
    Move_ODOR_SLEUTH,
    Move_ROCK_TOMB,
    Move_SILVER_WIND,
    Move_METAL_SOUND,
    Move_GRASS_WHISTLE,
    Move_TICKLE,
    Move_COSMIC_POWER,
    Move_WATER_SPOUT,
    Move_SIGNAL_BEAM,
    Move_SHADOW_PUNCH,
    Move_EXTRASENSORY,
    Move_SKY_UPPERCUT,
    Move_SAND_TOMB,
    Move_SHEER_COLD,
    Move_MUDDY_WATER,
    Move_BULLET_SEED,
    Move_AERIAL_ACE,
    Move_ICICLE_SPEAR,
    Move_IRON_DEFENSE,
    Move_BLOCK,
    Move_HOWL,
    Move_DRAGON_CLAW,
    Move_FRENZY_PLANT,
    Move_BULK_UP,
    Move_BOUNCE,
    Move_MUD_SHOT,
    Move_POISON_TAIL,
    Move_COVET,
    Move_VOLT_TACKLE,
    Move_MAGICAL_LEAF,
    Move_WATER_SPORT,
    Move_CALM_MIND,
    Move_LEAF_BLADE,
    Move_DRAGON_DANCE,
    Move_ROCK_BLAST,
    Move_SHOCK_WAVE,
    Move_WATER_PULSE,
    Move_DOOM_DESIRE,
    Move_PSYCHO_BOOST,
    Move_COUNT,
};

const u8 *const gBattleAnims_StatusConditions[] = {
    Status_Poison,
    Status_Confusion,
    Status_Burn,
    Status_Infatuation,
    Status_Sleep,
    Status_Paralysis,
    Status_Freeze,
    Status_Curse,
    Status_Nightmare,
};

const u8 *const gBattleAnims_General[] = {
    General_CastformChange,
    General_StatsChange,
    General_SubstituteFade,
    General_SubstituteAppear,
    General_BaitThrow,
    General_ItemKnockoff,
    General_TurnTrap,
    General_HeldItemEffect,
    General_SmokeballEscape,
    General_FocusBand,
    General_Rain,
    General_Sun,
    General_Sandstorm,
    General_Hail,
    General_LeechSeedDrain,
    General_MonHit,
    General_ItemSteal,
    General_SnatchMove,
    General_FutureSightHit,
    General_DoomDesireHit,
    General_FocusPunchSetUp,
    General_IngrainHeal,
    General_WishHeal,
    General_MonScared,
    General_GhostGetOut,
    General_SilphScoped,
    General_SafariRockThrow,
    General_SafariReaction,
};

const u8 *const gBattleAnims_Special[] = {
    Special_LevelUp,
    Special_SwitchOutPlayerMon,
    Special_SwitchOutOpponentMon,
    Special_BallThrow,
    Special_BallThrowWithTrainer,
    Special_SubstituteToMon,
    Special_MonToSubstitute,
};

