/* Generated by tools/gen_battle_data.py. Do not edit. */

#include "battle.h"
#include "battle_anim.h"

const u8 BattleScript_EffectHit[] = {
    0x2a, 0x01, 0x00, 0x00, 0x00, 0x00, 0x39, 0x00, 0x01, 0x00, 0x00, 0x00, 0x21, 0x00, 0x00, 0x00, 0x04, 0x00, 0x01, 0x01, 0x00, 0x00, 0x00, 0x35, 0x02, 0x00, 0x00, 0x00, 0x00, 0x00, 0x04, 0x00, 0x2e, 0x03, 0x00, 0x00, 0x00, 0x02
};

const u8 BattleScript_HitFromAtkCanceler[] = {
    0x00
};

const u8 BattleScript_HitFromAccCheck[] = {
    0x01, 0x04, 0x00, 0x00, 0x00, 0x00, 0x00
};

const u8 BattleScript_HitFromAtkString[] = {
    0x02, 0x03
};

const u8 BattleScript_HitFromCritCalc[] = {
    0x04, 0x05, 0x06, 0x07
};

const u8 BattleScript_HitFromAtkAnimation[] = {
    0x09, 0x0a, 0x0e, 0x5c, 0x00, 0x3a, 0x0b, 0x00, 0x0c, 0x00, 0x0d, 0x12, 0x40, 0x00, 0x0f, 0x12, 0x40, 0x00, 0x15, 0x19, 0x00, 0x00, 0x05, 0x00, 0x00, 0x00
};

const u8 BattleScript_MoveEnd[] = {
    0x2e, 0x06, 0x00, 0x00, 0x00, 0x00, 0x49, 0x00, 0x00, 0x3d
};

const u8 BattleScript_MakeMoveMissed[] = {
    0x33, 0x07, 0x00, 0x00, 0x00, 0x01
};

const u8 BattleScript_PrintMoveMissed[] = {
    0x02, 0x03
};

const u8 BattleScript_MoveMissedPause[] = {
    0x39, 0x20, 0x00
};

const u8 BattleScript_MoveMissed[] = {
    0x0e, 0x0f, 0x12, 0x40, 0x00, 0x28, 0x08, 0x00, 0x00, 0x00
};

const u8 BattleScript_EffectSleep[] = {
    0x00, 0x02, 0x03, 0x1d, 0x00, 0x00, 0x00, 0x00, 0x01, 0x09, 0x00, 0x00, 0x00, 0x1c, 0x00, 0x07, 0x00, 0x00, 0x00, 0x0a, 0x00, 0x00, 0x00, 0x84, 0x0b, 0x00, 0x00, 0x00, 0x1c, 0x00, 0xff, 0x00, 0x00, 0x00, 0x09, 0x00, 0x00, 0x00, 0x01, 0x09, 0x00, 0x00, 0x00, 0x00, 0x00, 0x1f, 0x00, 0x20, 0x00, 0x0c, 0x00, 0x00, 0x00, 0x09, 0x0a, 0x2e, 0x0d, 0x00, 0x00, 0x00, 0x01, 0x16, 0x28, 0x08, 0x00, 0x00, 0x00
};

const u8 BattleScript_AlreadyAsleep[] = {
    0x39, 0x20, 0x00, 0x10, 0x25, 0x00, 0x12, 0x40, 0x00, 0x28, 0x08, 0x00, 0x00, 0x00
};

const u8 BattleScript_WasntAffected[] = {
    0x39, 0x20, 0x00, 0x10, 0x27, 0x00, 0x12, 0x40, 0x00, 0x28, 0x08, 0x00, 0x00, 0x00
};

const u8 BattleScript_CantMakeAsleep[] = {
    0x39, 0x20, 0x00, 0x13, 0x0e, 0x00, 0x00, 0x00, 0x12, 0x40, 0x00, 0x28, 0x08, 0x00, 0x00, 0x00
};

const u8 BattleScript_EffectPoisonHit[] = {
    0x2e, 0x0d, 0x00, 0x00, 0x00, 0x02, 0x28, 0x0f, 0x00, 0x00, 0x00
};

const u8 BattleScript_EffectAbsorb[] = {
    0x00, 0x01, 0x04, 0x00, 0x00, 0x00, 0x00, 0x00, 0x02, 0x03, 0x04, 0x05, 0x06, 0x07, 0x09, 0x0a, 0x0e, 0x5c, 0x00, 0x3a, 0x0b, 0x00, 0x0c, 0x00, 0x0d, 0x12, 0x40, 0x00, 0x0f, 0x12, 0x40, 0x00, 0x88, 0x35, 0x02, 0x00, 0x00, 0x00, 0x00, 0x01, 0x00, 0x00, 0x1e, 0x00, 0x40, 0x10, 0x00, 0x00, 0x00, 0x2e, 0x11, 0x00, 0x00, 0x00, 0x00, 0x28, 0x12, 0x00, 0x00, 0x00
};

const u8 BattleScript_AbsorbLiquidOoze[] = {
    0x80, 0x00, 0x2e, 0x11, 0x00, 0x00, 0x00, 0x01
};

const u8 BattleScript_AbsorbUpdateHp[] = {
    0x0b, 0x01, 0x0c, 0x01, 0x29, 0x04, 0x07, 0x00, 0x00, 0x00, 0x29, 0x13, 0x00, 0x00, 0x00, 0x13, 0x14, 0x00, 0x00, 0x00, 0x12, 0x40, 0x00
};

const u8 BattleScript_AbsorbTryFainting[] = {
    0x19, 0x01, 0x00, 0x05, 0x00, 0x00, 0x00, 0x19, 0x00, 0x00, 0x05, 0x00, 0x00, 0x00, 0x28, 0x08, 0x00, 0x00, 0x00
};

const u8 BattleScript_EffectBurnHit[] = {
    0x2e, 0x0d, 0x00, 0x00, 0x00, 0x03, 0x28, 0x0f, 0x00, 0x00, 0x00
};

const u8 BattleScript_EffectFreezeHit[] = {
    0x2e, 0x0d, 0x00, 0x00, 0x00, 0x04, 0x28, 0x0f, 0x00, 0x00, 0x00
};

const u8 BattleScript_EffectParalyzeHit[] = {
    0x2e, 0x0d, 0x00, 0x00, 0x00, 0x05, 0x28, 0x0f, 0x00, 0x00, 0x00
};

const u8 BattleScript_EffectExplosion[] = {
    0x00, 0x02, 0x03, 0x78, 0x79, 0x3a, 0x29, 0x05, 0x07, 0x00, 0x00, 0x00, 0x01, 0x15, 0x00, 0x00, 0x00, 0x41, 0x16, 0x00, 0x00, 0x00, 0x28, 0x17, 0x00, 0x00, 0x00
};

const u8 BattleScript_ExplosionDoAnimStartLoop[] = {
    0x09, 0x0a
};

const u8 BattleScript_ExplosionLoop[] = {
    0x25, 0x04, 0x05, 0x06, 0x07, 0x01, 0x18, 0x00, 0x00, 0x00, 0x00, 0x00, 0x0e, 0x5c, 0x00, 0x3a, 0x0b, 0x00, 0x0c, 0x00, 0x0d, 0x12, 0x40, 0x00, 0x0f, 0x12, 0x40, 0x00, 0x19, 0x00, 0x00, 0x05, 0x00, 0x00, 0x00, 0x2e, 0x06, 0x00, 0x00, 0x00, 0x00, 0x49, 0x02, 0x10, 0x7a, 0x17, 0x00, 0x00, 0x00, 0x19, 0x01, 0x00, 0x05, 0x00, 0x00, 0x00, 0x3d
};

const u8 BattleScript_ExplosionMissed[] = {
    0x0e, 0x0f, 0x12, 0x40, 0x00, 0x2e, 0x06, 0x00, 0x00, 0x00, 0x00, 0x49, 0x02, 0x10, 0x7a, 0x17, 0x00, 0x00, 0x00, 0x19, 0x01, 0x00, 0x05, 0x00, 0x00, 0x00, 0x3d
};

const u8 BattleScript_PreserveMissedBitDoMoveAnim[] = {
    0x36, 0x07, 0x00, 0x00, 0x00, 0x01, 0x09, 0x0a, 0x33, 0x07, 0x00, 0x00, 0x00, 0x01, 0x3c
};

const u8 BattleScript_EffectDreamEater[] = {
    0x00, 0x1d, 0x00, 0x00, 0x00, 0x00, 0x01, 0x19, 0x00, 0x00, 0x00, 0x1c, 0x00, 0x07, 0x00, 0x00, 0x00, 0x1a, 0x00, 0x00, 0x00
};

const u8 BattleScript_DreamEaterNoEffect[] = {
    0x02, 0x03, 0x12, 0x40, 0x00, 0x28, 0x1b, 0x00, 0x00, 0x00
};

const u8 BattleScript_DreamEaterWorked[] = {
    0x01, 0x04, 0x00, 0x00, 0x00, 0x00, 0x00, 0x02, 0x03, 0x04, 0x05, 0x06, 0x07, 0x09, 0x0a, 0x0e, 0x5c, 0x00, 0x3a, 0x0b, 0x00, 0x0c, 0x00, 0x0d, 0x12, 0x40, 0x00, 0x0f, 0x12, 0x40, 0x00, 0x88, 0x35, 0x02, 0x00, 0x00, 0x00, 0x00, 0x01, 0x00, 0x00, 0x0b, 0x01, 0x0c, 0x01, 0x29, 0x04, 0x07, 0x00, 0x00, 0x00, 0x29, 0x1c, 0x00, 0x00, 0x00, 0x10, 0x3c, 0x00, 0x12, 0x40, 0x00
};

const u8 BattleScript_DreamEaterTryFaintEnd[] = {
    0x19, 0x00, 0x00, 0x05, 0x00, 0x00, 0x00, 0x28, 0x08, 0x00, 0x00, 0x00
};

const u8 BattleScript_EffectMirrorMove[] = {
    0x00, 0x02, 0x39, 0x40, 0x00, 0x7c, 0x03, 0x33, 0x07, 0x00, 0x00, 0x00, 0x20, 0x10, 0xe7, 0x00, 0x12, 0x40, 0x00, 0x28, 0x08, 0x00, 0x00, 0x00
};

const u8 BattleScript_EffectAttackUp[] = {
    0x2e, 0x1d, 0x00, 0x00, 0x00, 0x11, 0x28, 0x1e, 0x00, 0x00, 0x00
};

const u8 BattleScript_EffectDefenseUp[] = {
    0x2e, 0x1d, 0x00, 0x00, 0x00, 0x12, 0x28, 0x1e, 0x00, 0x00, 0x00
};

const u8 BattleScript_EffectSpecialAttackUp[] = {
    0x2e, 0x1d, 0x00, 0x00, 0x00, 0x14, 0x28, 0x1e, 0x00, 0x00, 0x00
};

const u8 BattleScript_EffectEvasionUp[] = {
    0x2e, 0x1d, 0x00, 0x00, 0x00, 0x17
};

const u8 BattleScript_EffectStatUp[] = {
    0x00
};

const u8 BattleScript_EffectStatUpAfterAtkCanceler[] = {
    0x02, 0x03, 0x89, 0x41, 0x1f, 0x00, 0x00, 0x00, 0x29, 0x01, 0x11, 0x00, 0x00, 0x00, 0x02, 0x20, 0x00, 0x00, 0x00, 0x39, 0x20, 0x00, 0x28, 0x21, 0x00, 0x00, 0x00
};

const u8 BattleScript_StatUpAttackAnim[] = {
    0x09, 0x0a
};

const u8 BattleScript_StatUpDoAnim[] = {
    0x47, 0x45, 0x01, 0x01, 0x22, 0x00, 0x00, 0x00
};

const u8 BattleScript_StatUpPrintString[] = {
    0x13, 0x23, 0x00, 0x00, 0x00, 0x12, 0x40, 0x00
};

const u8 BattleScript_StatUpEnd[] = {
    0x28, 0x08, 0x00, 0x00, 0x00
};

const u8 BattleScript_StatUp[] = {
    0x45, 0x02, 0x01, 0x22, 0x00, 0x00, 0x00, 0x13, 0x23, 0x00, 0x00, 0x00, 0x12, 0x40, 0x00, 0x3c
};

const u8 BattleScript_EffectAttackDown[] = {
    0x2e, 0x1d, 0x00, 0x00, 0x00, 0x91, 0x28, 0x24, 0x00, 0x00, 0x00
};

const u8 BattleScript_EffectDefenseDown[] = {
    0x2e, 0x1d, 0x00, 0x00, 0x00, 0x92, 0x28, 0x24, 0x00, 0x00, 0x00
};

const u8 BattleScript_EffectSpeedDown[] = {
    0x2e, 0x1d, 0x00, 0x00, 0x00, 0x93, 0x28, 0x24, 0x00, 0x00, 0x00
};

const u8 BattleScript_EffectAccuracyDown[] = {
    0x2e, 0x1d, 0x00, 0x00, 0x00, 0x96, 0x28, 0x24, 0x00, 0x00, 0x00
};

const u8 BattleScript_EffectEvasionDown[] = {
    0x2e, 0x1d, 0x00, 0x00, 0x00, 0x97
};

const u8 BattleScript_EffectStatDown[] = {
    0x00, 0x1d, 0x00, 0x00, 0x00, 0x00, 0x01, 0x25, 0x00, 0x00, 0x00, 0x01, 0x04, 0x00, 0x00, 0x00, 0x00, 0x00, 0x02, 0x03, 0x89, 0x01, 0x26, 0x00, 0x00, 0x00, 0x29, 0x03, 0x11, 0x00, 0x00, 0x00, 0x02, 0x27, 0x00, 0x00, 0x00, 0x29, 0x00, 0x11, 0x00, 0x00, 0x00, 0x03, 0x26, 0x00, 0x00, 0x00, 0x39, 0x20, 0x00, 0x28, 0x28, 0x00, 0x00, 0x00
};

const u8 BattleScript_StatDownDoAnim[] = {
    0x09, 0x0a, 0x47, 0x45, 0x00, 0x01, 0x22, 0x00, 0x00, 0x00
};

const u8 BattleScript_StatDownPrintString[] = {
    0x13, 0x29, 0x00, 0x00, 0x00, 0x12, 0x40, 0x00
};

const u8 BattleScript_StatDownEnd[] = {
    0x28, 0x08, 0x00, 0x00, 0x00
};

const u8 BattleScript_StatDown[] = {
    0x45, 0x02, 0x01, 0x22, 0x00, 0x00, 0x00, 0x13, 0x29, 0x00, 0x00, 0x00, 0x12, 0x40, 0x00, 0x3c
};

const u8 BattleScript_EffectHaze[] = {
    0x00, 0x02, 0x03, 0x09, 0x0a, 0x8a, 0x10, 0xf9, 0x00, 0x12, 0x40, 0x00, 0x28, 0x08, 0x00, 0x00, 0x00
};

const u8 BattleScript_EffectBide[] = {
    0x00, 0x02, 0x03, 0x09, 0x0a, 0x35, 0x02, 0x00, 0x00, 0x00, 0x00, 0x00, 0x00, 0x08, 0x8b, 0x28, 0x08, 0x00, 0x00, 0x00
};

const u8 BattleScript_EffectRampage[] = {
    0x00, 0x01, 0x04, 0x00, 0x00, 0x00, 0x00, 0x00, 0x02, 0x1d, 0x01, 0x00, 0x10, 0x00, 0x00, 0x2a, 0x00, 0x00, 0x00, 0x03
};

const u8 BattleScript_EffectRampage2[] = {
    0x8c, 0x28, 0x2b, 0x00, 0x00, 0x00
};

const u8 BattleScript_EffectRoar[] = {
    0x00, 0x02, 0x03, 0x1e, 0x00, 0x15, 0x2c, 0x00, 0x00, 0x00, 0x21, 0x00, 0x00, 0x04, 0x00, 0x00, 0x00, 0x2d, 0x00, 0x00, 0x00, 0x01, 0x09, 0x00, 0x00, 0x00, 0xff, 0xff, 0x01, 0x2e, 0x00, 0x00, 0x00, 0x00, 0x00, 0x8f, 0x09, 0x00, 0x00, 0x00
};

const u8 BattleScript_EffectMultiHit[] = {
    0x00, 0x01, 0x04, 0x00, 0x00, 0x00, 0x00, 0x00, 0x02, 0x03, 0x8d, 0x00, 0x8e, 0x2e, 0x2f, 0x00, 0x00, 0x00, 0x00
};

const u8 BattleScript_MultiHitLoop[] = {
    0xe3, 0x01, 0x30, 0x00, 0x00, 0x00, 0xe3, 0x00, 0x31, 0x00, 0x00, 0x00, 0x2a, 0x00, 0x32, 0x00, 0x00, 0x00, 0xd6, 0x00, 0x33, 0x00, 0x00, 0x00, 0x1c, 0x01, 0x07, 0x00, 0x00, 0x00, 0x31, 0x00, 0x00, 0x00
};

const u8 BattleScript_DoMultiHit[] = {
    0x25, 0x31, 0x0d, 0x00, 0x00, 0x00, 0x2f, 0x00, 0x00, 0x00, 0x01, 0x04, 0x05, 0x06, 0x29, 0x04, 0x07, 0x00, 0x00, 0x00, 0x29, 0x34, 0x00, 0x00, 0x00, 0x07, 0x09, 0x0a, 0x0e, 0x5c, 0x00, 0x3a, 0x0b, 0x00, 0x0c, 0x00, 0x0d, 0x12, 0x40, 0x00, 0x10, 0x30, 0x01, 0x12, 0x01, 0x00, 0x2f, 0x35, 0x00, 0x00, 0x00, 0x01, 0x2e, 0x06, 0x00, 0x00, 0x00, 0x00, 0x49, 0x02, 0x10, 0x29, 0x04, 0x07, 0x00, 0x00, 0x00, 0x40, 0x31, 0x00, 0x00, 0x00, 0x27, 0x36, 0x00, 0x00, 0x00, 0x28, 0x31, 0x00, 0x00, 0x00
};

const u8 BattleScript_MultiHitNoMoreHits[] = {
    0x39, 0x20, 0x00
};

const u8 BattleScript_MultiHitPrintStrings[] = {
    0x0f, 0x12, 0x40, 0x00, 0x29, 0x04, 0x07, 0x00, 0x00, 0x00, 0x29, 0x30, 0x00, 0x00, 0x00, 0x31, 0x37, 0x00, 0x00, 0x00, 0x38, 0x00, 0x00, 0x00, 0x06, 0x10, 0x22, 0x00, 0x12, 0x40, 0x00
};

const u8 BattleScript_MultiHitEnd[] = {
    0x15, 0x19, 0x00, 0x00, 0x05, 0x00, 0x00, 0x00, 0x2e, 0x06, 0x00, 0x00, 0x00, 0x02, 0x49, 0x01, 0x00, 0x2e, 0x06, 0x00, 0x00, 0x00, 0x04, 0x49, 0x00, 0x00, 0x3d
};

const u8 BattleScript_EffectConversion[] = {
    0x00, 0x02, 0x03, 0x90, 0x09, 0x00, 0x00, 0x00, 0x09, 0x0a, 0x10, 0x49, 0x00, 0x12, 0x40, 0x00, 0x28, 0x08, 0x00, 0x00, 0x00
};

const u8 BattleScript_EffectFlinchHit[] = {
    0x2e, 0x0d, 0x00, 0x00, 0x00, 0x08, 0x28, 0x0f, 0x00, 0x00, 0x00
};

const u8 BattleScript_EffectRestoreHp[] = {
    0x00, 0x02, 0x03, 0x7b, 0x39, 0x00, 0x00, 0x00, 0x01, 0x09, 0x0a, 0x35, 0x02, 0x00, 0x00, 0x00, 0x00, 0x01, 0x00, 0x00, 0x0b, 0x01, 0x0c, 0x01, 0x10, 0x4b, 0x00, 0x12, 0x40, 0x00, 0x28, 0x08, 0x00, 0x00, 0x00
};

const u8 BattleScript_EffectToxic[] = {
    0x00, 0x02, 0x03, 0x1e, 0x00, 0x11, 0x3a, 0x00, 0x00, 0x00, 0x1d, 0x00, 0x00, 0x00, 0x00, 0x01, 0x09, 0x00, 0x00, 0x00, 0x1c, 0x00, 0x08, 0x00, 0x00, 0x00, 0x3b, 0x00, 0x00, 0x00, 0x1c, 0x00, 0x80, 0x00, 0x00, 0x00, 0x3b, 0x00, 0x00, 0x00, 0x1c, 0x00, 0xff, 0x00, 0x00, 0x00, 0x09, 0x00, 0x00, 0x00, 0x22, 0x00, 0x03, 0x3c, 0x00, 0x00, 0x00, 0x22, 0x00, 0x08, 0x3c, 0x00, 0x00, 0x00, 0x01, 0x09, 0x00, 0x00, 0x00, 0x00, 0x00, 0x1f, 0x00, 0x20, 0x00, 0x0c, 0x00, 0x00, 0x00, 0x09, 0x0a, 0x2e, 0x0d, 0x00, 0x00, 0x00, 0x06, 0x16, 0x0f, 0x12, 0x40, 0x00, 0x28, 0x08, 0x00, 0x00, 0x00
};

const u8 BattleScript_AlreadyPoisoned[] = {
    0x39, 0x40, 0x00, 0x10, 0x2b, 0x00, 0x12, 0x40, 0x00, 0x28, 0x08, 0x00, 0x00, 0x00
};

const u8 BattleScript_ImmunityProtected[] = {
    0x31, 0x3d, 0x00, 0x00, 0x00, 0x3e, 0x00, 0x00, 0x00, 0x01, 0x2e, 0x11, 0x00, 0x00, 0x00, 0x00, 0x41, 0x3f, 0x00, 0x00, 0x00, 0x28, 0x08, 0x00, 0x00, 0x00
};

const u8 BattleScript_EffectPayDay[] = {
    0x2e, 0x0d, 0x00, 0x00, 0x00, 0x0b, 0x28, 0x0f, 0x00, 0x00, 0x00
};

const u8 BattleScript_EffectLightScreen[] = {
    0x00, 0x02, 0x03, 0x92, 0x28, 0x40, 0x00, 0x00, 0x00
};

const u8 BattleScript_EffectTriAttack[] = {
    0x2e, 0x0d, 0x00, 0x00, 0x00, 0x09, 0x28, 0x0f, 0x00, 0x00, 0x00
};

const u8 BattleScript_EffectRest[] = {
    0x00, 0x02, 0x03, 0x1c, 0x01, 0x07, 0x00, 0x00, 0x00, 0x41, 0x00, 0x00, 0x00, 0x84, 0x42, 0x00, 0x00, 0x00, 0x81, 0x39, 0x00, 0x00, 0x00, 0x39, 0x20, 0x00, 0x13, 0x43, 0x00, 0x00, 0x00, 0x12, 0x40, 0x00, 0x98, 0x01, 0x3a, 0x28, 0x44, 0x00, 0x00, 0x00
};

const u8 BattleScript_RestCantSleep[] = {
    0x39, 0x40, 0x00, 0x13, 0x0e, 0x00, 0x00, 0x00, 0x12, 0x40, 0x00, 0x28, 0x08, 0x00, 0x00, 0x00
};

const u8 BattleScript_RestIsAlreadyAsleep[] = {
    0x39, 0x20, 0x00, 0x10, 0x26, 0x00, 0x12, 0x40, 0x00, 0x28, 0x08, 0x00, 0x00, 0x00
};

const u8 BattleScript_EffectOHKO[] = {
    0x00, 0x02, 0x03, 0x01, 0x09, 0x00, 0x00, 0x00, 0xff, 0xff, 0x06, 0x29, 0x04, 0x07, 0x00, 0x00, 0x00, 0x29, 0x45, 0x00, 0x00, 0x00, 0x93, 0x46, 0x00, 0x00, 0x00, 0xab, 0x28, 0x45, 0x00, 0x00, 0x00
};

const u8 BattleScript_KOFail[] = {
    0x39, 0x40, 0x00, 0x13, 0x47, 0x00, 0x00, 0x00, 0x12, 0x40, 0x00, 0x28, 0x08, 0x00, 0x00, 0x00
};

const u8 BattleScript_EffectRazorWind[] = {
    0x1d, 0x01, 0x00, 0x10, 0x00, 0x00, 0x48, 0x00, 0x00, 0x00, 0x2b, 0x04, 0x02, 0x00, 0x00, 0x00, 0x00, 0x02, 0x00, 0x00, 0x48, 0x00, 0x00, 0x00, 0x2e, 0x49, 0x00, 0x00, 0x00, 0x00, 0x41, 0x4a, 0x00, 0x00, 0x00, 0x28, 0x08, 0x00, 0x00, 0x00
};

const u8 BattleScript_TwoTurnMovesSecondTurn[] = {
    0x00, 0x2e, 0x0d, 0x00, 0x00, 0x00, 0x0c, 0x2e, 0x4b, 0x00, 0x00, 0x00, 0x01, 0x18, 0x01, 0x35, 0x02, 0x00, 0x00, 0x00, 0x00, 0x08, 0x00, 0x00, 0x2a, 0x01, 0x00, 0x00, 0x00, 0x00, 0x8f, 0x00, 0x4c, 0x00, 0x00, 0x00, 0x2e, 0x0d, 0x00, 0x00, 0x00, 0x08, 0x28, 0x4c, 0x00, 0x00, 0x00
};

const u8 BattleScriptFirstChargingTurn[] = {
    0x00, 0x10, 0x30, 0x01, 0x03, 0x09, 0x0a, 0x35, 0x02, 0x00, 0x00, 0x00, 0x00, 0x00, 0x00, 0x08, 0x2e, 0x0d, 0x00, 0x00, 0x00, 0x4c, 0x16, 0x31, 0x11, 0x00, 0x00, 0x00, 0x49, 0x00, 0x00, 0x00, 0x01, 0x13, 0x4d, 0x00, 0x00, 0x00, 0x12, 0x40, 0x00, 0x3c
};

const u8 BattleScript_EffectSuperFang[] = {
    0x00, 0x01, 0x04, 0x00, 0x00, 0x00, 0x00, 0x00, 0x02, 0x03, 0x06, 0x36, 0x07, 0x00, 0x00, 0x00, 0x06, 0x94, 0x28, 0x45, 0x00, 0x00, 0x00
};

const u8 BattleScript_EffectDragonRage[] = {
    0x00, 0x01, 0x04, 0x00, 0x00, 0x00, 0x00, 0x00, 0x02, 0x03, 0x06, 0x36, 0x07, 0x00, 0x00, 0x00, 0x06, 0x2e, 0x4e, 0x00, 0x00, 0x00, 0x28, 0x2e, 0x4f, 0x00, 0x00, 0x00, 0x00, 0x2e, 0x50, 0x00, 0x00, 0x00, 0x00, 0x2e, 0x51, 0x00, 0x00, 0x00, 0x00, 0x69, 0x28, 0x45, 0x00, 0x00, 0x00
};

const u8 BattleScript_EffectTrap[] = {
    0x2a, 0x01, 0x00, 0x00, 0x00, 0x00, 0xfa, 0x00, 0x52, 0x00, 0x00, 0x00, 0x21, 0x00, 0x00, 0x00, 0x04, 0x00, 0x01, 0x52, 0x00, 0x00, 0x00, 0x35, 0x02, 0x00, 0x00, 0x00, 0x00, 0x00, 0x04, 0x00, 0x2e, 0x03, 0x00, 0x00, 0x00, 0x02
};

const u8 BattleScript_DoWrapEffect[] = {
    0x2e, 0x0d, 0x00, 0x00, 0x00, 0x0d, 0x28, 0x0f, 0x00, 0x00, 0x00
};

const u8 BattleScript_EffectDoubleHit[] = {
    0x00, 0x01, 0x04, 0x00, 0x00, 0x00, 0x00, 0x00, 0x02, 0x03, 0x8d, 0x02, 0x8e, 0x2e, 0x2f, 0x00, 0x00, 0x00, 0x00, 0x28, 0x36, 0x00, 0x00, 0x00
};

const u8 BattleScript_EffectRecoilIfMiss[] = {
    0x00, 0x01, 0x53, 0x00, 0x00, 0x00, 0x00, 0x00, 0x28, 0x54, 0x00, 0x00, 0x00
};

const u8 BattleScript_MoveMissedDoDamage[] = {
    0x02, 0x03, 0x39, 0x40, 0x00, 0x0f, 0x12, 0x40, 0x00, 0x29, 0x04, 0x07, 0x00, 0x00, 0x00, 0x08, 0x08, 0x00, 0x00, 0x00, 0x10, 0x60, 0x00, 0x12, 0x40, 0x00, 0x05, 0x06, 0x07, 0x80, 0x01, 0x36, 0x07, 0x00, 0x00, 0x00, 0x01, 0x35, 0x02, 0x00, 0x00, 0x00, 0x00, 0x01, 0x00, 0x00, 0x0b, 0x01, 0x0c, 0x01, 0x19, 0x01, 0x00, 0x05, 0x00, 0x00, 0x00, 0x33, 0x07, 0x00, 0x00, 0x00, 0x01, 0x28, 0x08, 0x00, 0x00, 0x00
};

const u8 BattleScript_EffectMist[] = {
    0x00, 0x02, 0x03, 0x99, 0x09, 0x0a, 0x13, 0x55, 0x00, 0x00, 0x00, 0x12, 0x40, 0x00, 0x28, 0x08, 0x00, 0x00, 0x00
};

const u8 BattleScript_EffectFocusEnergy[] = {
    0x00, 0x02, 0x03, 0x1d, 0x01, 0x00, 0x00, 0x10, 0x00, 0x09, 0x00, 0x00, 0x00, 0x9a, 0x09, 0x0a, 0x13, 0x56, 0x00, 0x00, 0x00, 0x12, 0x40, 0x00, 0x28, 0x08, 0x00, 0x00, 0x00
};

const u8 BattleScript_EffectRecoil[] = {
    0x2e, 0x0d, 0x00, 0x00, 0x00, 0xce, 0x2a, 0x01, 0x00, 0x00, 0x00, 0x00, 0xa5, 0x00, 0x0f, 0x00, 0x00, 0x00, 0x60, 0x1b, 0x28, 0x0f, 0x00, 0x00, 0x00
};

const u8 BattleScript_EffectConfuse[] = {
    0x00, 0x02, 0x03, 0x1e, 0x00, 0x14, 0x57, 0x00, 0x00, 0x00, 0x1d, 0x00, 0x00, 0x00, 0x00, 0x01, 0x09, 0x00, 0x00, 0x00, 0x1d, 0x00, 0x07, 0x00, 0x00, 0x00, 0x58, 0x00, 0x00, 0x00, 0x01, 0x09, 0x00, 0x00, 0x00, 0x00, 0x00, 0x1f, 0x00, 0x20, 0x00, 0x0c, 0x00, 0x00, 0x00, 0x09, 0x0a, 0x2e, 0x0d, 0x00, 0x00, 0x00, 0x07, 0x16, 0x0f, 0x12, 0x40, 0x00, 0x28, 0x08, 0x00, 0x00, 0x00
};

const u8 BattleScript_AlreadyConfused[] = {
    0x39, 0x20, 0x00, 0x10, 0x44, 0x00, 0x12, 0x40, 0x00, 0x28, 0x08, 0x00, 0x00, 0x00
};

const u8 BattleScript_EffectAttackUp2[] = {
    0x2e, 0x1d, 0x00, 0x00, 0x00, 0x21, 0x28, 0x1e, 0x00, 0x00, 0x00
};

const u8 BattleScript_EffectDefenseUp2[] = {
    0x2e, 0x1d, 0x00, 0x00, 0x00, 0x22, 0x28, 0x1e, 0x00, 0x00, 0x00
};

const u8 BattleScript_EffectSpeedUp2[] = {
    0x2e, 0x1d, 0x00, 0x00, 0x00, 0x23, 0x28, 0x1e, 0x00, 0x00, 0x00
};

const u8 BattleScript_EffectSpecialAttackUp2[] = {
    0x2e, 0x1d, 0x00, 0x00, 0x00, 0x24, 0x28, 0x1e, 0x00, 0x00, 0x00
};

const u8 BattleScript_EffectSpecialDefenseUp2[] = {
    0x2e, 0x1d, 0x00, 0x00, 0x00, 0x25, 0x28, 0x1e, 0x00, 0x00, 0x00
};

const u8 BattleScript_EffectTransform[] = {
    0x00, 0x02, 0x03, 0x9b, 0x09, 0x0a, 0x13, 0x59, 0x00, 0x00, 0x00, 0x12, 0x40, 0x00, 0x28, 0x08, 0x00, 0x00, 0x00
};

const u8 BattleScript_EffectAttackDown2[] = {
    0x2e, 0x1d, 0x00, 0x00, 0x00, 0xa1, 0x28, 0x24, 0x00, 0x00, 0x00
};

const u8 BattleScript_EffectDefenseDown2[] = {
    0x2e, 0x1d, 0x00, 0x00, 0x00, 0xa2, 0x28, 0x24, 0x00, 0x00, 0x00
};

const u8 BattleScript_EffectSpeedDown2[] = {
    0x2e, 0x1d, 0x00, 0x00, 0x00, 0xa3, 0x28, 0x24, 0x00, 0x00, 0x00
};

const u8 BattleScript_EffectSpecialDefenseDown2[] = {
    0x2e, 0x1d, 0x00, 0x00, 0x00, 0xa5, 0x28, 0x24, 0x00, 0x00, 0x00
};

const u8 BattleScript_EffectReflect[] = {
    0x00, 0x02, 0x03, 0x7e
};

const u8 BattleScript_PrintReflectLightScreenSafeguardString[] = {
    0x09, 0x0a, 0x13, 0x5a, 0x00, 0x00, 0x00, 0x12, 0x40, 0x00, 0x28, 0x08, 0x00, 0x00, 0x00
};

const u8 BattleScript_EffectPoison[] = {
    0x00, 0x02, 0x03, 0x1e, 0x00, 0x11, 0x3a, 0x00, 0x00, 0x00, 0x1d, 0x00, 0x00, 0x00, 0x00, 0x01, 0x09, 0x00, 0x00, 0x00, 0x1c, 0x00, 0x08, 0x00, 0x00, 0x00, 0x3b, 0x00, 0x00, 0x00, 0x1c, 0x00, 0x80, 0x00, 0x00, 0x00, 0x3b, 0x00, 0x00, 0x00, 0x22, 0x00, 0x03, 0x3c, 0x00, 0x00, 0x00, 0x22, 0x00, 0x08, 0x3c, 0x00, 0x00, 0x00, 0x1c, 0x00, 0xff, 0x00, 0x00, 0x00, 0x09, 0x00, 0x00, 0x00, 0x01, 0x09, 0x00, 0x00, 0x00, 0x00, 0x00, 0x1f, 0x00, 0x20, 0x00, 0x0c, 0x00, 0x00, 0x00, 0x09, 0x0a, 0x2e, 0x0d, 0x00, 0x00, 0x00, 0x02, 0x16, 0x0f, 0x12, 0x40, 0x00, 0x28, 0x08, 0x00, 0x00, 0x00
};

const u8 BattleScript_EffectParalyze[] = {
    0x00, 0x02, 0x03, 0x1e, 0x00, 0x07, 0x5b, 0x00, 0x00, 0x00, 0x1d, 0x00, 0x00, 0x00, 0x00, 0x01, 0x09, 0x00, 0x00, 0x00, 0x06, 0x29, 0x04, 0x07, 0x00, 0x00, 0x00, 0x29, 0x09, 0x00, 0x00, 0x00, 0x1c, 0x00, 0x40, 0x00, 0x00, 0x00, 0x5c, 0x00, 0x00, 0x00, 0x1c, 0x00, 0xff, 0x00, 0x00, 0x00, 0x09, 0x00, 0x00, 0x00, 0x01, 0x09, 0x00, 0x00, 0x00, 0x00, 0x00, 0x1f, 0x00, 0x20, 0x00, 0x0c, 0x00, 0x00, 0x00, 0x09, 0x0a, 0x2e, 0x0d, 0x00, 0x00, 0x00, 0x05, 0x16, 0x0f, 0x12, 0x40, 0x00, 0x28, 0x08, 0x00, 0x00, 0x00
};

const u8 BattleScript_AlreadyParalyzed[] = {
    0x39, 0x20, 0x00, 0x10, 0x3a, 0x00, 0x12, 0x40, 0x00, 0x28, 0x08, 0x00, 0x00, 0x00
};

const u8 BattleScript_LimberProtected[] = {
    0x31, 0x3d, 0x00, 0x00, 0x00, 0x3e, 0x00, 0x00, 0x00, 0x01, 0x2e, 0x11, 0x00, 0x00, 0x00, 0x00, 0x41, 0x5d, 0x00, 0x00, 0x00, 0x28, 0x08, 0x00, 0x00, 0x00
};

const u8 BattleScript_EffectAttackDownHit[] = {
    0x2e, 0x0d, 0x00, 0x00, 0x00, 0x16, 0x28, 0x0f, 0x00, 0x00, 0x00
};

const u8 BattleScript_EffectDefenseDownHit[] = {
    0x2e, 0x0d, 0x00, 0x00, 0x00, 0x17, 0x28, 0x0f, 0x00, 0x00, 0x00
};

const u8 BattleScript_EffectSpeedDownHit[] = {
    0x2e, 0x0d, 0x00, 0x00, 0x00, 0x18, 0x28, 0x0f, 0x00, 0x00, 0x00
};

const u8 BattleScript_EffectSpecialAttackDownHit[] = {
    0x2e, 0x0d, 0x00, 0x00, 0x00, 0x19, 0x28, 0x0f, 0x00, 0x00, 0x00
};

const u8 BattleScript_EffectSpecialDefenseDownHit[] = {
    0x2e, 0x0d, 0x00, 0x00, 0x00, 0x1a, 0x28, 0x0f, 0x00, 0x00, 0x00
};

const u8 BattleScript_EffectAccuracyDownHit[] = {
    0x2e, 0x0d, 0x00, 0x00, 0x00, 0x1b, 0x28, 0x0f, 0x00, 0x00, 0x00
};

const u8 BattleScript_EffectSkyAttack[] = {
    0x1d, 0x01, 0x00, 0x10, 0x00, 0x00, 0x48, 0x00, 0x00, 0x00, 0x2b, 0x04, 0x02, 0x00, 0x00, 0x00, 0x00, 0x02, 0x00, 0x00, 0x48, 0x00, 0x00, 0x00, 0x2e, 0x49, 0x00, 0x00, 0x00, 0x03, 0x41, 0x4a, 0x00, 0x00, 0x00, 0x28, 0x08, 0x00, 0x00, 0x00
};

const u8 BattleScript_EffectConfuseHit[] = {
    0x2e, 0x0d, 0x00, 0x00, 0x00, 0x07, 0x28, 0x0f, 0x00, 0x00, 0x00
};

const u8 BattleScript_EffectTwineedle[] = {
    0x00, 0x01, 0x04, 0x00, 0x00, 0x00, 0x00, 0x00, 0x2e, 0x2f, 0x00, 0x00, 0x00, 0x02, 0x02, 0x03, 0x8d, 0x02, 0x8e, 0x28, 0x36, 0x00, 0x00, 0x00
};

const u8 BattleScript_EffectSubstitute[] = {
    0x00, 0x03, 0x02, 0x3a, 0x1d, 0x01, 0x00, 0x00, 0x00, 0x01, 0x5e, 0x00, 0x00, 0x00, 0x9c, 0x29, 0x01, 0x11, 0x00, 0x00, 0x00, 0x01, 0x5f, 0x00, 0x00, 0x00, 0x39, 0x20, 0x00, 0x28, 0x60, 0x00, 0x00, 0x00
};

const u8 BattleScript_SubstituteAnim[] = {
    0x09, 0x0a, 0x0b, 0x01, 0x0c, 0x01
};

const u8 BattleScript_SubstituteString[] = {
    0x13, 0x61, 0x00, 0x00, 0x00, 0x12, 0x40, 0x00, 0x28, 0x08, 0x00, 0x00, 0x00
};

const u8 BattleScript_AlreadyHasSubstitute[] = {
    0x39, 0x20, 0x00, 0x10, 0x7f, 0x00, 0x12, 0x40, 0x00, 0x28, 0x08, 0x00, 0x00, 0x00
};

const u8 BattleScript_EffectRecharge[] = {
    0x00, 0x01, 0x04, 0x00, 0x00, 0x00, 0x00, 0x00, 0x2e, 0x0d, 0x00, 0x00, 0x00, 0xdd, 0x28, 0x54, 0x00, 0x00, 0x00
};

const u8 BattleScript_MoveUsedMustRecharge[] = {
    0x10, 0x82, 0x00, 0x12, 0x40, 0x00, 0x28, 0x08, 0x00, 0x00, 0x00
};

const u8 BattleScript_EffectRage[] = {
    0x00, 0x01, 0x62, 0x00, 0x00, 0x00, 0x00, 0x00, 0x2e, 0x0d, 0x00, 0x00, 0x00, 0x1e, 0x16, 0x2e, 0x0d, 0x00, 0x00, 0x00, 0x00, 0x28, 0x54, 0x00, 0x00, 0x00
};

const u8 BattleScript_RageMiss[] = {
    0x2e, 0x0d, 0x00, 0x00, 0x00, 0x1e, 0x18, 0x01, 0x28, 0x04, 0x00, 0x00, 0x00
};

const u8 BattleScript_EffectMimic[] = {
    0x00, 0x02, 0x03, 0x1d, 0x00, 0x00, 0x00, 0x00, 0x01, 0x09, 0x00, 0x00, 0x00, 0x01, 0x09, 0x00, 0x00, 0x00, 0xff, 0xff, 0x9d, 0x09, 0x00, 0x00, 0x00, 0x09, 0x0a, 0x10, 0x16, 0x00, 0x12, 0x40, 0x00, 0x28, 0x08, 0x00, 0x00, 0x00
};

const u8 BattleScript_EffectMetronome[] = {
    0x00, 0x02, 0x39, 0x20, 0x00, 0x09, 0x0a, 0x2e, 0x4b, 0x00, 0x00, 0x00, 0x00, 0x2e, 0x63, 0x00, 0x00, 0x00, 0x00, 0x9e
};

const u8 BattleScript_EffectLeechSeed[] = {
    0x00, 0x02, 0x39, 0x20, 0x00, 0x03, 0x1d, 0x00, 0x00, 0x00, 0x00, 0x01, 0x09, 0x00, 0x00, 0x00, 0x01, 0x64, 0x00, 0x00, 0x00, 0x00, 0x00
};

const u8 BattleScript_DoLeechSeed[] = {
    0x7f, 0x09, 0x0a, 0x13, 0x65, 0x00, 0x00, 0x00, 0x12, 0x40, 0x00, 0x28, 0x08, 0x00, 0x00, 0x00
};

const u8 BattleScript_EffectSplash[] = {
    0x00, 0x02, 0x03, 0x09, 0x0a, 0x60, 0x1a, 0x10, 0xe4, 0x00, 0x12, 0x40, 0x00, 0x28, 0x08, 0x00, 0x00, 0x00
};

const u8 BattleScript_EffectDisable[] = {
    0x00, 0x02, 0x03, 0x01, 0x09, 0x00, 0x00, 0x00, 0x00, 0x00, 0xa3, 0x09, 0x00, 0x00, 0x00, 0x09, 0x0a, 0x10, 0x84, 0x00, 0x12, 0x40, 0x00, 0x28, 0x08, 0x00, 0x00, 0x00
};

const u8 BattleScript_EffectLevelDamage[] = {
    0x00, 0x01, 0x04, 0x00, 0x00, 0x00, 0x00, 0x00, 0x02, 0x03, 0x06, 0x36, 0x07, 0x00, 0x00, 0x00, 0x06, 0x9f, 0x69, 0x28, 0x45, 0x00, 0x00, 0x00
};

const u8 BattleScript_EffectPsywave[] = {
    0x00, 0x01, 0x04, 0x00, 0x00, 0x00, 0x00, 0x00, 0x02, 0x03, 0x06, 0x36, 0x07, 0x00, 0x00, 0x00, 0x06, 0xa0, 0x69, 0x28, 0x45, 0x00, 0x00, 0x00
};

const u8 BattleScript_EffectCounter[] = {
    0x00, 0xa1, 0x25, 0x00, 0x00, 0x00, 0x01, 0x04, 0x00, 0x00, 0x00, 0x00, 0x00, 0x02, 0x03, 0x4a, 0x69, 0x28, 0x45, 0x00, 0x00, 0x00
};

const u8 BattleScript_EffectEncore[] = {
    0x00, 0x01, 0x04, 0x00, 0x00, 0x00, 0x00, 0x00, 0x02, 0x03, 0xa4, 0x09, 0x00, 0x00, 0x00, 0x09, 0x0a, 0x10, 0x87, 0x00, 0x12, 0x40, 0x00, 0x28, 0x08, 0x00, 0x00, 0x00
};

const u8 BattleScript_EffectPainSplit[] = {
    0x00, 0x02, 0x03, 0x01, 0x09, 0x00, 0x00, 0x00, 0xff, 0xff, 0xa5, 0x09, 0x00, 0x00, 0x00, 0x09, 0x0a, 0x35, 0x02, 0x00, 0x00, 0x00, 0x00, 0x01, 0x00, 0x00, 0x0b, 0x01, 0x0c, 0x01, 0x31, 0x4e, 0x00, 0x00, 0x00, 0x66, 0x00, 0x00, 0x00, 0x04, 0x0b, 0x00, 0x0c, 0x00, 0x10, 0xfc, 0x00, 0x12, 0x40, 0x00, 0x28, 0x08, 0x00, 0x00, 0x00
};

const u8 BattleScript_EffectSnore[] = {
    0x00, 0x1c, 0x01, 0x07, 0x00, 0x00, 0x00, 0x67, 0x00, 0x00, 0x00, 0x02, 0x03, 0x28, 0x09, 0x00, 0x00, 0x00
};

const u8 BattleScript_SnoreIsAsleep[] = {
    0x2a, 0x00, 0x32, 0x00, 0x00, 0x00, 0xd6, 0x00, 0x68, 0x00, 0x00, 0x00, 0x10, 0x6b, 0x00, 0x12, 0x40, 0x00, 0x64, 0x01
};

const u8 BattleScript_DoSnore[] = {
    0x02, 0x03, 0x01, 0x2e, 0x00, 0x00, 0x00, 0x00, 0x00, 0x2e, 0x0d, 0x00, 0x00, 0x00, 0x08, 0x28, 0x2b, 0x00, 0x00, 0x00
};

const u8 BattleScript_EffectConversion2[] = {
    0x00, 0x02, 0x03, 0xa6, 0x09, 0x00, 0x00, 0x00, 0x09, 0x0a, 0x10, 0x49, 0x00, 0x12, 0x40, 0x00, 0x28, 0x08, 0x00, 0x00, 0x00
};

const u8 BattleScript_EffectLockOn[] = {
    0x00, 0x02, 0x03, 0x1d, 0x00, 0x00, 0x00, 0x00, 0x01, 0x09, 0x00, 0x00, 0x00, 0x01, 0x09, 0x00, 0x00, 0x00, 0x00, 0x00, 0xa7, 0x09, 0x0a, 0x10, 0x89, 0x00, 0x12, 0x40, 0x00, 0x28, 0x08, 0x00, 0x00, 0x00
};

const u8 BattleScript_EffectSketch[] = {
    0x00, 0x02, 0x03, 0x1d, 0x00, 0x00, 0x00, 0x00, 0x01, 0x09, 0x00, 0x00, 0x00, 0xa8, 0x09, 0x00, 0x00, 0x00, 0x09, 0x0a, 0x10, 0x8a, 0x00, 0x12, 0x40, 0x00, 0x28, 0x08, 0x00, 0x00, 0x00
};

const u8 BattleScript_EffectSleepTalk[] = {
    0x00, 0x1c, 0x01, 0x07, 0x00, 0x00, 0x00, 0x69, 0x00, 0x00, 0x00, 0x02, 0x03, 0x28, 0x09, 0x00, 0x00, 0x00
};

const u8 BattleScript_SleepTalkIsAsleep[] = {
    0x10, 0x6b, 0x00, 0x12, 0x40, 0x00, 0x64, 0x01, 0x02, 0x03, 0x35, 0x02, 0x00, 0x00, 0x00, 0x00, 0x08, 0x00, 0x00, 0xa9, 0x6a, 0x00, 0x00, 0x00, 0x39, 0x40, 0x00, 0x28, 0x09, 0x00, 0x00, 0x00
};

const u8 BattleScript_SleepTalkUsingMove[] = {
    0x09, 0x0a, 0x2e, 0x4b, 0x00, 0x00, 0x00, 0x00, 0x2e, 0x63, 0x00, 0x00, 0x00, 0x00, 0x63, 0x01
};

const u8 BattleScript_EffectDestinyBond[] = {
    0x00, 0x02, 0x03, 0xaa, 0x09, 0x0a, 0x10, 0x8b, 0x00, 0x12, 0x40, 0x00, 0x28, 0x08, 0x00, 0x00, 0x00
};

const u8 BattleScript_EffectFlail[] = {
    0xac, 0x28, 0x0f, 0x00, 0x00, 0x00
};

const u8 BattleScript_EffectSpite[] = {
    0x00, 0x02, 0x03, 0x01, 0x09, 0x00, 0x00, 0x00, 0x00, 0x00, 0xad, 0x09, 0x00, 0x00, 0x00, 0x09, 0x0a, 0x10, 0x8d, 0x00, 0x12, 0x40, 0x00, 0x28, 0x08, 0x00, 0x00, 0x00
};

const u8 BattleScript_EffectHealBell[] = {
    0x00, 0x02, 0x03, 0xae, 0x3a, 0x09, 0x0a, 0x13, 0x6b, 0x00, 0x00, 0x00, 0x12, 0x40, 0x00, 0x2a, 0x01, 0x00, 0x00, 0x00, 0x00, 0xd7, 0x00, 0x6c, 0x00, 0x00, 0x00, 0x29, 0x05, 0x11, 0x00, 0x00, 0x00, 0x01, 0x6d, 0x00, 0x00, 0x00, 0x10, 0x32, 0x01, 0x12, 0x40, 0x00
};

const u8 BattleScript_CheckHealBellMon2Unaffected[] = {
    0x29, 0x05, 0x11, 0x00, 0x00, 0x00, 0x02, 0x6c, 0x00, 0x00, 0x00, 0x10, 0x5e, 0x01, 0x12, 0x40, 0x00
};

const u8 BattleScript_PartyHealEnd[] = {
    0x98, 0x04, 0x3a, 0x28, 0x08, 0x00, 0x00, 0x00
};

const u8 BattleScript_EffectTripleKick[] = {
    0x00, 0x02, 0x03, 0x2e, 0x6e, 0x00, 0x00, 0x00, 0x00, 0x2e, 0x6f, 0x00, 0x00, 0x00, 0x00, 0x8e, 0x26, 0x03
};

const u8 BattleScript_TripleKickLoop[] = {
    0xe3, 0x01, 0x70, 0x00, 0x00, 0x00, 0xe3, 0x00, 0x71, 0x00, 0x00, 0x00, 0x2a, 0x00, 0x32, 0x00, 0x00, 0x00, 0xd6, 0x00, 0x72, 0x00, 0x00, 0x00, 0x1c, 0x01, 0x07, 0x00, 0x00, 0x00, 0x71, 0x00, 0x00, 0x00
};

const u8 BattleScript_DoTripleKickAttack[] = {
    0x01, 0x71, 0x00, 0x00, 0x00, 0x00, 0x00, 0x25, 0x2f, 0x6e, 0x00, 0x00, 0x00, 0x0a, 0x2f, 0x35, 0x00, 0x00, 0x00, 0x01, 0x31, 0x73, 0x00, 0x00, 0x00, 0x6e, 0x00, 0x00, 0x00, 0x02, 0x04, 0x05, 0x06, 0x07, 0x29, 0x04, 0x07, 0x00, 0x00, 0x00, 0x29, 0x71, 0x00, 0x00, 0x00, 0x09, 0x0a, 0x0e, 0x5c, 0x00, 0x3a, 0x0b, 0x00, 0x0c, 0x00, 0x0d, 0x12, 0x40, 0x00, 0x10, 0x30, 0x01, 0x12, 0x01, 0x00, 0x2e, 0x06, 0x00, 0x00, 0x00, 0x00, 0x49, 0x02, 0x10, 0x29, 0x04, 0x07, 0x00, 0x00, 0x00, 0x40, 0x74, 0x00, 0x00, 0x00, 0x27, 0x75, 0x00, 0x00, 0x00, 0x28, 0x74, 0x00, 0x00, 0x00
};

const u8 BattleScript_TripleKickNoMoreHits[] = {
    0x39, 0x20, 0x00, 0x29, 0x00, 0x35, 0x00, 0x00, 0x00, 0x00, 0x74, 0x00, 0x00, 0x00, 0x36, 0x07, 0x00, 0x00, 0x00, 0x01
};

const u8 BattleScript_TripleKickPrintStrings[] = {
    0x0f, 0x12, 0x40, 0x00, 0x29, 0x00, 0x35, 0x00, 0x00, 0x00, 0x00, 0x70, 0x00, 0x00, 0x00, 0x29, 0x04, 0x07, 0x00, 0x00, 0x00, 0x08, 0x70, 0x00, 0x00, 0x00, 0x31, 0x37, 0x00, 0x00, 0x00, 0x38, 0x00, 0x00, 0x00, 0x06, 0x10, 0x22, 0x00, 0x12, 0x40, 0x00
};

const u8 BattleScript_TripleKickEnd[] = {
    0x15, 0x19, 0x00, 0x00, 0x05, 0x00, 0x00, 0x00, 0x2e, 0x06, 0x00, 0x00, 0x00, 0x0e, 0x49, 0x00, 0x00, 0x3d
};

const u8 BattleScript_EffectThief[] = {
    0x2e, 0x0d, 0x00, 0x00, 0x00, 0x1f, 0x28, 0x0f, 0x00, 0x00, 0x00
};

const u8 BattleScript_EffectMeanLook[] = {
    0x00, 0x02, 0x03, 0x01, 0x09, 0x00, 0x00, 0x00, 0xfe, 0xff, 0x1d, 0x00, 0x00, 0x00, 0x00, 0x04, 0x09, 0x00, 0x00, 0x00, 0x1d, 0x00, 0x00, 0x00, 0x00, 0x01, 0x09, 0x00, 0x00, 0x00, 0x09, 0x0a, 0x2e, 0x0d, 0x00, 0x00, 0x00, 0x20, 0x16, 0x10, 0x8f, 0x00, 0x12, 0x40, 0x00, 0x28, 0x08, 0x00, 0x00, 0x00
};

const u8 BattleScript_EffectNightmare[] = {
    0x00, 0x02, 0x03, 0x1d, 0x00, 0x00, 0x00, 0x00, 0x01, 0x09, 0x00, 0x00, 0x00, 0x1d, 0x00, 0x00, 0x00, 0x00, 0x08, 0x09, 0x00, 0x00, 0x00, 0x1c, 0x00, 0x07, 0x00, 0x00, 0x00, 0x76, 0x00, 0x00, 0x00, 0x28, 0x09, 0x00, 0x00, 0x00
};

const u8 BattleScript_NightmareWorked[] = {
    0x09, 0x0a, 0x2e, 0x0d, 0x00, 0x00, 0x00, 0x21, 0x16, 0x10, 0x90, 0x00, 0x12, 0x40, 0x00, 0x28, 0x08, 0x00, 0x00, 0x00
};

const u8 BattleScript_EffectMinimize[] = {
    0x00, 0xc7, 0x2e, 0x1d, 0x00, 0x00, 0x00, 0x17, 0x28, 0x77, 0x00, 0x00, 0x00
};

const u8 BattleScript_EffectCurse[] = {
    0x42, 0x01, 0x07, 0x78, 0x00, 0x00, 0x00, 0x00, 0x02, 0x03, 0x20, 0x01, 0x02, 0x03, 0x00, 0x79, 0x00, 0x00, 0x00, 0x20, 0x01, 0x01, 0x01, 0x0c, 0x79, 0x00, 0x00, 0x00, 0x20, 0x01, 0x00, 0x02, 0x0c, 0x09, 0x00, 0x00, 0x00
};

const u8 BattleScript_CurseTrySpeed[] = {
    0x31, 0x3e, 0x00, 0x00, 0x00, 0x7a, 0x00, 0x00, 0x00, 0x01, 0x2e, 0x4b, 0x00, 0x00, 0x00, 0x01, 0x09, 0x0a, 0x2e, 0x1d, 0x00, 0x00, 0x00, 0x93, 0x89, 0x41, 0x7b, 0x00, 0x00, 0x00, 0x13, 0x29, 0x00, 0x00, 0x00, 0x12, 0x40, 0x00
};

const u8 BattleScript_CurseTryAttack[] = {
    0x2e, 0x1d, 0x00, 0x00, 0x00, 0x11, 0x89, 0x41, 0x7c, 0x00, 0x00, 0x00, 0x13, 0x23, 0x00, 0x00, 0x00, 0x12, 0x40, 0x00
};

const u8 BattleScript_CurseTryDefense[] = {
    0x2e, 0x1d, 0x00, 0x00, 0x00, 0x12, 0x89, 0x41, 0x7d, 0x00, 0x00, 0x00, 0x13, 0x23, 0x00, 0x00, 0x00, 0x12, 0x40, 0x00
};

const u8 BattleScript_CurseEnd[] = {
    0x28, 0x08, 0x00, 0x00, 0x00
};

const u8 BattleScript_GhostCurse[] = {
    0x2d, 0x7a, 0x00, 0x00, 0x00, 0x3e, 0x00, 0x00, 0x00, 0x01, 0x7e, 0x00, 0x00, 0x00, 0x76, 0x01, 0x03
};

const u8 BattleScript_DoGhostCurse[] = {
    0x00, 0x02, 0x03, 0x1d, 0x00, 0x00, 0x00, 0x00, 0x01, 0x09, 0x00, 0x00, 0x00, 0x01, 0x09, 0x00, 0x00, 0x00, 0xff, 0xff, 0xaf, 0x09, 0x00, 0x00, 0x00, 0x35, 0x02, 0x00, 0x00, 0x00, 0x00, 0x01, 0x00, 0x00, 0x2e, 0x4b, 0x00, 0x00, 0x00, 0x00, 0x09, 0x0a, 0x0b, 0x01, 0x0c, 0x01, 0x10, 0x92, 0x00, 0x12, 0x40, 0x00, 0x19, 0x01, 0x00, 0x05, 0x00, 0x00, 0x00, 0x28, 0x08, 0x00, 0x00, 0x00
};

const u8 BattleScript_EffectProtect[] = {
    
};

const u8 BattleScript_EffectEndure[] = {
    0x00, 0x02, 0x03, 0x77, 0x09, 0x0a, 0x13, 0x7f, 0x00, 0x00, 0x00, 0x12, 0x40, 0x00, 0x28, 0x08, 0x00, 0x00, 0x00
};

const u8 BattleScript_EffectSpikes[] = {
    0x00, 0xb0, 0x25, 0x00, 0x00, 0x00, 0x02, 0x03, 0x09, 0x0a, 0x10, 0x94, 0x00, 0x12, 0x40, 0x00, 0x28, 0x08, 0x00, 0x00, 0x00
};

const u8 BattleScript_EffectForesight[] = {
    0x00, 0x01, 0x04, 0x00, 0x00, 0x00, 0x00, 0x00, 0x02, 0x03, 0xb1, 0x09, 0x0a, 0x10, 0x96, 0x00, 0x12, 0x40, 0x00, 0x28, 0x08, 0x00, 0x00, 0x00
};

const u8 BattleScript_EffectPerishSong[] = {
    0x00, 0x02, 0x03, 0xb2, 0x09, 0x00, 0x00, 0x00, 0x09, 0x0a, 0x10, 0xfe, 0x00, 0x12, 0x40, 0x00, 0x2e, 0x80, 0x00, 0x00, 0x00, 0x00
};

const u8 BattleScript_PerishSongLoop[] = {
    0x1e, 0x0a, 0x2b, 0x81, 0x00, 0x00, 0x00
};

const u8 BattleScript_PerishSongLoopIncrement[] = {
    0x2f, 0x80, 0x00, 0x00, 0x00, 0x01, 0x2d, 0x80, 0x00, 0x00, 0x00, 0x82, 0x00, 0x00, 0x00, 0x01, 0x83, 0x00, 0x00, 0x00, 0x28, 0x08, 0x00, 0x00, 0x00
};

const u8 BattleScript_PerishSongNotAffected[] = {
    0x10, 0x5e, 0x01, 0x12, 0x40, 0x00, 0x28, 0x84, 0x00, 0x00, 0x00
};

const u8 BattleScript_EffectSandstorm[] = {
    0x00, 0x02, 0x03, 0x95, 0x28, 0x85, 0x00, 0x00, 0x00
};

const u8 BattleScript_EffectRollout[] = {
    0x00, 0x02, 0x1d, 0x01, 0x00, 0x10, 0x00, 0x00, 0x86, 0x00, 0x00, 0x00, 0x03
};

const u8 BattleScript_RolloutCheckAccuracy[] = {
    0x01, 0x87, 0x00, 0x00, 0x00, 0x00, 0x00
};

const u8 BattleScript_RolloutHit[] = {
    0x4a, 0xb3, 0x28, 0x2b, 0x00, 0x00, 0x00
};

const u8 BattleScript_EffectSwagger[] = {
    0x00, 0x1d, 0x00, 0x00, 0x00, 0x00, 0x01, 0x88, 0x00, 0x00, 0x00, 0x01, 0x04, 0x00, 0x00, 0x00, 0x00, 0x00, 0x02, 0x03, 0xb4, 0x01, 0x09, 0x00, 0x00, 0x00, 0x09, 0x0a, 0x2e, 0x1d, 0x00, 0x00, 0x00, 0x21, 0x89, 0x01, 0x89, 0x00, 0x00, 0x00, 0x29, 0x00, 0x11, 0x00, 0x00, 0x00, 0x02, 0x89, 0x00, 0x00, 0x00, 0x47, 0x45, 0x00, 0x01, 0x22, 0x00, 0x00, 0x00, 0x13, 0x23, 0x00, 0x00, 0x00, 0x12, 0x40, 0x00
};

const u8 BattleScript_SwaggerTryConfuse[] = {
    0x1e, 0x00, 0x14, 0x57, 0x00, 0x00, 0x00, 0x1f, 0x00, 0x20, 0x00, 0x0c, 0x00, 0x00, 0x00, 0x2e, 0x0d, 0x00, 0x00, 0x00, 0x07, 0x16, 0x28, 0x08, 0x00, 0x00, 0x00
};

const u8 BattleScript_EffectFuryCutter[] = {
    0x00, 0x02, 0x03, 0x01, 0x8a, 0x00, 0x00, 0x00, 0x00, 0x00
};

const u8 BattleScript_FuryCutterHit[] = {
    0xb5, 0x04, 0x05, 0x06, 0x29, 0x04, 0x07, 0x00, 0x00, 0x00, 0x29, 0x8a, 0x00, 0x00, 0x00, 0x07, 0x28, 0x45, 0x00, 0x00, 0x00
};

const u8 BattleScript_EffectAttract[] = {
    0x00, 0x02, 0x03, 0x01, 0x09, 0x00, 0x00, 0x00, 0x00, 0x00, 0x97, 0x09, 0x00, 0x00, 0x00, 0x09, 0x0a, 0x10, 0x45, 0x00, 0x12, 0x40, 0x00, 0x28, 0x08, 0x00, 0x00, 0x00
};

const u8 BattleScript_EffectReturn[] = {
    
};

const u8 BattleScript_EffectFrustration[] = {
    0x00, 0x01, 0x04, 0x00, 0x00, 0x00, 0x00, 0x00, 0xb6, 0x28, 0x54, 0x00, 0x00, 0x00
};

const u8 BattleScript_EffectPresent[] = {
    0x00, 0x01, 0x04, 0x00, 0x00, 0x00, 0x00, 0x00, 0x02, 0x03, 0x06, 0xb7
};

const u8 BattleScript_EffectSafeguard[] = {
    0x00, 0x02, 0x03, 0xb8, 0x28, 0x40, 0x00, 0x00, 0x00
};

const u8 BattleScript_EffectThawHit[] = {
    0x2e, 0x0d, 0x00, 0x00, 0x00, 0x03, 0x28, 0x0f, 0x00, 0x00, 0x00
};

const u8 BattleScript_EffectMagnitude[] = {
    0x00, 0x02, 0x03, 0xc2, 0xb9, 0x39, 0x20, 0x00, 0x10, 0x9a, 0x00, 0x12, 0x40, 0x00, 0x28, 0x8b, 0x00, 0x00, 0x00
};

const u8 BattleScript_EffectBatonPass[] = {
    0x00, 0x02, 0x03, 0x4f, 0x81, 0x09, 0x00, 0x00, 0x00, 0x09, 0x0a, 0x50, 0x01, 0x09, 0x00, 0x00, 0x00, 0xe2, 0x01, 0x3a, 0x51, 0x01, 0x02, 0x58, 0x01, 0x4c, 0x01, 0x4d, 0x01, 0x73, 0x01, 0x10, 0x03, 0x00, 0x4e, 0x01, 0x01, 0x3a, 0x52, 0x01, 0x28, 0x08, 0x00, 0x00, 0x00
};

const u8 BattleScript_EffectRapidSpin[] = {
    0x2e, 0x0d, 0x00, 0x00, 0x00, 0xe3, 0x28, 0x0f, 0x00, 0x00, 0x00
};

const u8 BattleScript_EffectSonicboom[] = {
    0x00, 0x01, 0x04, 0x00, 0x00, 0x00, 0x00, 0x00, 0x02, 0x03, 0x06, 0x36, 0x07, 0x00, 0x00, 0x00, 0x06, 0x2e, 0x4e, 0x00, 0x00, 0x00, 0x14, 0x2e, 0x4f, 0x00, 0x00, 0x00, 0x00, 0x2e, 0x50, 0x00, 0x00, 0x00, 0x00, 0x2e, 0x51, 0x00, 0x00, 0x00, 0x00, 0x69, 0x28, 0x45, 0x00, 0x00, 0x00
};

const u8 BattleScript_EffectMorningSun[] = {
    
};

const u8 BattleScript_EffectSynthesis[] = {
    
};

const u8 BattleScript_EffectMoonlight[] = {
    0x00, 0x02, 0x03, 0xc0, 0x39, 0x00, 0x00, 0x00, 0x28, 0x44, 0x00, 0x00, 0x00
};

const u8 BattleScript_EffectHiddenPower[] = {
    0x00, 0xc1, 0x28, 0x4c, 0x00, 0x00, 0x00
};

const u8 BattleScript_EffectRainDance[] = {
    0x00, 0x02, 0x03, 0x7d
};

const u8 BattleScript_MoveWeatherChange[] = {
    0x09, 0x0a, 0x13, 0x8c, 0x00, 0x00, 0x00, 0x12, 0x40, 0x00, 0x41, 0x8d, 0x00, 0x00, 0x00, 0x28, 0x08, 0x00, 0x00, 0x00
};

const u8 BattleScript_EffectSunnyDay[] = {
    0x00, 0x02, 0x03, 0xbb, 0x28, 0x85, 0x00, 0x00, 0x00
};

const u8 BattleScript_EffectDefenseUpHit[] = {
    0x2e, 0x0d, 0x00, 0x00, 0x00, 0x50, 0x28, 0x0f, 0x00, 0x00, 0x00
};

const u8 BattleScript_EffectAttackUpHit[] = {
    0x2e, 0x0d, 0x00, 0x00, 0x00, 0x4f, 0x28, 0x0f, 0x00, 0x00, 0x00
};

const u8 BattleScript_EffectAllStatsUpHit[] = {
    0x2e, 0x0d, 0x00, 0x00, 0x00, 0x62, 0x28, 0x0f, 0x00, 0x00, 0x00
};

const u8 BattleScript_EffectBellyDrum[] = {
    0x00, 0x02, 0x03, 0xbc, 0x09, 0x00, 0x00, 0x00, 0x35, 0x02, 0x00, 0x00, 0x00, 0x00, 0x01, 0x00, 0x00, 0x09, 0x0a, 0x0b, 0x01, 0x0c, 0x01, 0x10, 0x9b, 0x00, 0x12, 0x40, 0x00, 0x28, 0x08, 0x00, 0x00, 0x00
};

const u8 BattleScript_EffectPsychUp[] = {
    0x00, 0x02, 0x03, 0xbd, 0x09, 0x00, 0x00, 0x00, 0x09, 0x0a, 0x10, 0x9c, 0x00, 0x12, 0x40, 0x00, 0x28, 0x08, 0x00, 0x00, 0x00
};

const u8 BattleScript_EffectMirrorCoat[] = {
    0x00, 0xa2, 0x25, 0x00, 0x00, 0x00, 0x01, 0x04, 0x00, 0x00, 0x00, 0x00, 0x00, 0x02, 0x03, 0x4a, 0x69, 0x28, 0x45, 0x00, 0x00, 0x00
};

const u8 BattleScript_EffectSkullBash[] = {
    0x1d, 0x01, 0x00, 0x10, 0x00, 0x00, 0x48, 0x00, 0x00, 0x00, 0x2b, 0x04, 0x02, 0x00, 0x00, 0x00, 0x00, 0x02, 0x00, 0x00, 0x48, 0x00, 0x00, 0x00, 0x2e, 0x49, 0x00, 0x00, 0x00, 0x02, 0x41, 0x4a, 0x00, 0x00, 0x00, 0x2e, 0x1d, 0x00, 0x00, 0x00, 0x12, 0x89, 0x41, 0x8e, 0x00, 0x00, 0x00, 0x29, 0x00, 0x11, 0x00, 0x00, 0x00, 0x02, 0x8e, 0x00, 0x00, 0x00, 0x47, 0x45, 0x01, 0x01, 0x22, 0x00, 0x00, 0x00, 0x13, 0x23, 0x00, 0x00, 0x00, 0x12, 0x40, 0x00
};

const u8 BattleScript_SkullBashEnd[] = {
    0x28, 0x08, 0x00, 0x00, 0x00
};

const u8 BattleScript_EffectTwister[] = {
    0x21, 0x00, 0x40, 0x00, 0x00, 0x00, 0x01, 0x8f, 0x00, 0x00, 0x00, 0x35, 0x02, 0x00, 0x00, 0x00, 0x00, 0x00, 0x01, 0x00, 0x2e, 0x03, 0x00, 0x00, 0x00, 0x02
};

const u8 BattleScript_FlinchEffect[] = {
    0x2e, 0x0d, 0x00, 0x00, 0x00, 0x08, 0x28, 0x0f, 0x00, 0x00, 0x00
};

const u8 BattleScript_EffectEarthquake[] = {
    0x00, 0x02, 0x03, 0xc2
};

const u8 BattleScript_HitsAllWithUndergroundBonusLoop[] = {
    0x25, 0x21, 0x00, 0x80, 0x00, 0x00, 0x00, 0x01, 0x90, 0x00, 0x00, 0x00, 0x35, 0x02, 0x00, 0x00, 0x00, 0x00, 0x00, 0x02, 0x00, 0x2e, 0x03, 0x00, 0x00, 0x00, 0x02, 0x28, 0x91, 0x00, 0x00, 0x00
};

const u8 BattleScript_HitsAllNoUndergroundBonus[] = {
    0x38, 0x02, 0x00, 0x00, 0x00, 0x00, 0x00, 0x02, 0x00, 0x2e, 0x03, 0x00, 0x00, 0x00, 0x01
};

const u8 BattleScript_DoHitAllWithUndergroundBonus[] = {
    0x01, 0x92, 0x00, 0x00, 0x00, 0x00, 0x00, 0x04, 0x05, 0x06, 0x07, 0x09, 0x0a, 0x0e, 0x5c, 0x00, 0x3a, 0x0b, 0x00, 0x0c, 0x00, 0x0d, 0x12, 0x40, 0x00, 0x0f, 0x12, 0x40, 0x00, 0x10, 0x30, 0x01, 0x12, 0x01, 0x00, 0x19, 0x00, 0x00, 0x05, 0x00, 0x00, 0x00, 0x2e, 0x06, 0x00, 0x00, 0x00, 0x00, 0x49, 0x02, 0x10, 0x7a, 0x8b, 0x00, 0x00, 0x00, 0x3d
};

const u8 BattleScript_HitAllWithUndergroundBonusMissed[] = {
    0x39, 0x20, 0x00, 0x06, 0x0e, 0x0f, 0x12, 0x40, 0x00, 0x2e, 0x06, 0x00, 0x00, 0x00, 0x00, 0x49, 0x02, 0x10, 0x7a, 0x8b, 0x00, 0x00, 0x00, 0x3d
};

const u8 BattleScript_EffectFutureSight[] = {
    0x00, 0x02, 0x03, 0xc3, 0x09, 0x00, 0x00, 0x00, 0x09, 0x0a, 0x13, 0x93, 0x00, 0x00, 0x00, 0x12, 0x40, 0x00, 0x28, 0x08, 0x00, 0x00, 0x00
};

const u8 BattleScript_EffectGust[] = {
    0x21, 0x00, 0x40, 0x00, 0x00, 0x00, 0x01, 0x0f, 0x00, 0x00, 0x00, 0x35, 0x02, 0x00, 0x00, 0x00, 0x00, 0x00, 0x01, 0x00, 0x2e, 0x03, 0x00, 0x00, 0x00, 0x02, 0x28, 0x0f, 0x00, 0x00, 0x00
};

const u8 BattleScript_EffectStomp[] = {
    0x21, 0x00, 0x00, 0x01, 0x00, 0x00, 0x01, 0x8f, 0x00, 0x00, 0x00, 0x2e, 0x03, 0x00, 0x00, 0x00, 0x02, 0x28, 0x8f, 0x00, 0x00, 0x00
};

const u8 BattleScript_EffectSolarBeam[] = {
    0x43, 0x0d, 0x94, 0x00, 0x00, 0x00, 0x43, 0x4d, 0x94, 0x00, 0x00, 0x00, 0x2a, 0x04, 0x95, 0x00, 0x00, 0x00, 0x60, 0x00, 0x96, 0x00, 0x00, 0x00
};

const u8 BattleScript_SolarBeamDecideTurn[] = {
    0x1d, 0x01, 0x00, 0x10, 0x00, 0x00, 0x48, 0x00, 0x00, 0x00, 0x2b, 0x04, 0x02, 0x00, 0x00, 0x00, 0x00, 0x02, 0x00, 0x00, 0x48, 0x00, 0x00, 0x00, 0x2e, 0x49, 0x00, 0x00, 0x00, 0x01, 0x41, 0x4a, 0x00, 0x00, 0x00, 0x28, 0x08, 0x00, 0x00, 0x00
};

const u8 BattleScript_SolarBeamOnFirstTurn[] = {
    0x35, 0x02, 0x00, 0x00, 0x00, 0x00, 0x00, 0x00, 0x08, 0x2e, 0x0d, 0x00, 0x00, 0x00, 0x4c, 0x16, 0x03, 0x28, 0x48, 0x00, 0x00, 0x00
};

const u8 BattleScript_EffectThunder[] = {
    0x2e, 0x0d, 0x00, 0x00, 0x00, 0x05, 0x35, 0x02, 0x00, 0x00, 0x00, 0x00, 0x00, 0x01, 0x00, 0x28, 0x0f, 0x00, 0x00, 0x00
};

const u8 BattleScript_EffectTeleport[] = {
    0x00, 0x02, 0x03, 0x2b, 0x04, 0x97, 0x00, 0x00, 0x00, 0x08, 0x00, 0x00, 0x00, 0x09, 0x00, 0x00, 0x00, 0x76, 0x01, 0x02, 0x29, 0x00, 0x98, 0x00, 0x00, 0x00, 0x01, 0x09, 0x00, 0x00, 0x00, 0x29, 0x00, 0x98, 0x00, 0x00, 0x00, 0x02, 0x99, 0x00, 0x00, 0x00, 0x09, 0x0a, 0x10, 0xa0, 0x00, 0x12, 0x40, 0x00, 0x2e, 0x9a, 0x00, 0x00, 0x00, 0x05, 0x28, 0x08, 0x00, 0x00, 0x00
};

const u8 BattleScript_EffectBeatUp[] = {
    0x00, 0x01, 0x04, 0x00, 0x00, 0x00, 0x00, 0x00, 0x02, 0x39, 0x20, 0x00, 0x03, 0x2e, 0x98, 0x00, 0x00, 0x00, 0x00
};

const u8 BattleScript_BeatUpLoop[] = {
    0x25, 0xc4, 0x9b, 0x00, 0x00, 0x00, 0x09, 0x00, 0x00, 0x00, 0x10, 0xa3, 0x00, 0x04, 0x29, 0x01, 0x9c, 0x00, 0x00, 0x00, 0x02, 0x9d, 0x00, 0x00, 0x00, 0x80, 0x02
};

const u8 BattleScript_BeatUpAttack[] = {
    0x07, 0x09, 0x0a, 0x0e, 0x5c, 0x00, 0x3a, 0x0b, 0x00, 0x0c, 0x00, 0x0d, 0x12, 0x40, 0x00, 0x0f, 0x12, 0x40, 0x00, 0x19, 0x00, 0x00, 0x05, 0x00, 0x00, 0x00, 0x2e, 0x06, 0x00, 0x00, 0x00, 0x00, 0x49, 0x02, 0x10, 0x28, 0x9e, 0x00, 0x00, 0x00
};

const u8 BattleScript_BeatUpEnd[] = {
    0x3d
};

const u8 BattleScript_EffectSemiInvulnerable[] = {
    0x1d, 0x01, 0x00, 0x10, 0x00, 0x00, 0x9f, 0x00, 0x00, 0x00, 0x2b, 0x04, 0x02, 0x00, 0x00, 0x00, 0x00, 0x02, 0x00, 0x00, 0x9f, 0x00, 0x00, 0x00, 0x2a, 0x00, 0x00, 0x00, 0x00, 0x00, 0x13, 0x00, 0xa0, 0x00, 0x00, 0x00, 0x2a, 0x00, 0x00, 0x00, 0x00, 0x00, 0x23, 0x01, 0xa1, 0x00, 0x00, 0x00, 0x2a, 0x00, 0x00, 0x00, 0x00, 0x00, 0x54, 0x01, 0xa2, 0x00, 0x00, 0x00, 0x2e, 0x49, 0x00, 0x00, 0x00, 0x05, 0x28, 0xa3, 0x00, 0x00, 0x00
};

const u8 BattleScript_FirstTurnBounce[] = {
    0x2e, 0x49, 0x00, 0x00, 0x00, 0x07, 0x28, 0xa3, 0x00, 0x00, 0x00
};

const u8 BattleScript_FirstTurnDive[] = {
    0x2e, 0x49, 0x00, 0x00, 0x00, 0x06, 0x28, 0xa3, 0x00, 0x00, 0x00
};

const u8 BattleScript_FirstTurnFly[] = {
    0x2e, 0x49, 0x00, 0x00, 0x00, 0x04
};

const u8 BattleScript_FirstTurnSemiInvulnerable[] = {
    0x41, 0x4a, 0x00, 0x00, 0x00, 0xc5, 0x28, 0x08, 0x00, 0x00, 0x00
};

const u8 BattleScript_SecondTurnSemiInvulnerable[] = {
    0x00, 0x2e, 0x0d, 0x00, 0x00, 0x00, 0x0c, 0x2e, 0x4b, 0x00, 0x00, 0x00, 0x01, 0x18, 0x01, 0x35, 0x02, 0x00, 0x00, 0x00, 0x00, 0x08, 0x00, 0x00, 0x2a, 0x01, 0x00, 0x00, 0x00, 0x00, 0x54, 0x01, 0xa4, 0x00, 0x00, 0x00, 0x2e, 0x0d, 0x00, 0x00, 0x00, 0x05
};

const u8 BattleScript_SemiInvulnerableTryHit[] = {
    0x01, 0xa5, 0x00, 0x00, 0x00, 0x00, 0x00, 0xc6, 0x28, 0x54, 0x00, 0x00, 0x00
};

const u8 BattleScript_SemiInvulnerableMiss[] = {
    0xc6, 0x28, 0x04, 0x00, 0x00, 0x00
};

const u8 BattleScript_EffectDefenseCurl[] = {
    0x00, 0x02, 0x03, 0xbf, 0x2e, 0x1d, 0x00, 0x00, 0x00, 0x12, 0x89, 0x41, 0xa6, 0x00, 0x00, 0x00, 0x29, 0x00, 0x11, 0x00, 0x00, 0x00, 0x02, 0x21, 0x00, 0x00, 0x00, 0x09, 0x0a
};

const u8 BattleScript_DefenseCurlDoStatUpAnim[] = {
    0x28, 0xa7, 0x00, 0x00, 0x00
};

const u8 BattleScript_EffectSoftboiled[] = {
    0x00, 0x02, 0x03, 0x7b, 0x39, 0x00, 0x00, 0x00, 0x00
};

const u8 BattleScript_PresentHealTarget[] = {
    0x09, 0x0a, 0x35, 0x02, 0x00, 0x00, 0x00, 0x00, 0x01, 0x00, 0x00, 0x0b, 0x00, 0x0c, 0x00, 0x10, 0x4b, 0x00, 0x12, 0x40, 0x00, 0x28, 0x08, 0x00, 0x00, 0x00
};

const u8 BattleScript_AlreadyAtFullHp[] = {
    0x39, 0x20, 0x00, 0x10, 0x4c, 0x00, 0x12, 0x40, 0x00, 0x28, 0x08, 0x00, 0x00, 0x00
};

const u8 BattleScript_EffectFakeOut[] = {
    0x00, 0x82, 0x25, 0x00, 0x00, 0x00, 0x2e, 0x0d, 0x00, 0x00, 0x00, 0x88, 0x28, 0x0f, 0x00, 0x00, 0x00
};

const u8 BattleScript_ButItFailedAtkStringPpReduce[] = {
    0x02
};

const u8 BattleScript_ButItFailedPpReduce[] = {
    0x03
};

const u8 BattleScript_ButItFailed[] = {
    0x39, 0x20, 0x00, 0x33, 0x07, 0x00, 0x00, 0x00, 0x20, 0x0f, 0x12, 0x40, 0x00, 0x28, 0x08, 0x00, 0x00, 0x00
};

const u8 BattleScript_NotAffected[] = {
    0x39, 0x20, 0x00, 0x33, 0x07, 0x00, 0x00, 0x00, 0x08, 0x0f, 0x12, 0x40, 0x00, 0x28, 0x08, 0x00, 0x00, 0x00
};

const u8 BattleScript_EffectUproar[] = {
    0x00, 0x01, 0x04, 0x00, 0x00, 0x00, 0x00, 0x00, 0x2e, 0x0d, 0x00, 0x00, 0x00, 0x4a, 0x02, 0x1d, 0x01, 0x00, 0x10, 0x00, 0x00, 0xa8, 0x00, 0x00, 0x00, 0x03
};

const u8 BattleScript_UproarHit[] = {
    0x83, 0x28, 0x2b, 0x00, 0x00, 0x00
};

const u8 BattleScript_EffectStockpile[] = {
    0x00, 0x02, 0x03, 0x85, 0x09, 0x0a, 0x13, 0xa9, 0x00, 0x00, 0x00, 0x12, 0x40, 0x00, 0x28, 0x08, 0x00, 0x00, 0x00
};

const u8 BattleScript_EffectSpitUp[] = {
    0x00, 0x29, 0x00, 0xaa, 0x00, 0x00, 0x00, 0x01, 0xab, 0x00, 0x00, 0x00, 0x02, 0x03, 0x01, 0x04, 0x00, 0x00, 0x00, 0x00, 0x00, 0x86, 0xac, 0x00, 0x00, 0x00, 0x06, 0x69, 0x28, 0x45, 0x00, 0x00, 0x00
};

const u8 BattleScript_SpitUpFail[] = {
    0x39, 0x20, 0x00, 0x10, 0xf6, 0x00, 0x12, 0x40, 0x00, 0x28, 0x08, 0x00, 0x00, 0x00
};

const u8 BattleScript_SpitUpFailProtect[] = {
    0x02, 0x03, 0x39, 0x40, 0x00, 0x86, 0xac, 0x00, 0x00, 0x00, 0x0f, 0x12, 0x40, 0x00, 0x28, 0x08, 0x00, 0x00, 0x00
};

const u8 BattleScript_EffectSwallow[] = {
    0x00, 0x02, 0x03, 0x87, 0xad, 0x00, 0x00, 0x00, 0x28, 0x44, 0x00, 0x00, 0x00
};

const u8 BattleScript_SwallowFail[] = {
    0x39, 0x20, 0x00, 0x13, 0xae, 0x00, 0x00, 0x00, 0x12, 0x40, 0x00, 0x28, 0x08, 0x00, 0x00, 0x00
};

const u8 BattleScript_EffectHail[] = {
    0x00, 0x02, 0x03, 0xc8, 0x28, 0x85, 0x00, 0x00, 0x00
};

const u8 BattleScript_EffectTorment[] = {
    0x00, 0x02, 0x03, 0x01, 0x09, 0x00, 0x00, 0x00, 0x00, 0x00, 0xce, 0x09, 0x00, 0x00, 0x00, 0x09, 0x0a, 0x10, 0xa9, 0x00, 0x12, 0x40, 0x00, 0x28, 0x08, 0x00, 0x00, 0x00
};

const u8 BattleScript_EffectFlatter[] = {
    0x00, 0x1d, 0x00, 0x00, 0x00, 0x00, 0x01, 0x88, 0x00, 0x00, 0x00, 0x01, 0x04, 0x00, 0x00, 0x00, 0x00, 0x00, 0x02, 0x03, 0xb4, 0x04, 0x09, 0x00, 0x00, 0x00, 0x09, 0x0a, 0x2e, 0x1d, 0x00, 0x00, 0x00, 0x14, 0x89, 0x01, 0xaf, 0x00, 0x00, 0x00, 0x29, 0x00, 0x11, 0x00, 0x00, 0x00, 0x02, 0xaf, 0x00, 0x00, 0x00, 0x47, 0x45, 0x00, 0x01, 0x22, 0x00, 0x00, 0x00, 0x13, 0x23, 0x00, 0x00, 0x00, 0x12, 0x40, 0x00
};

const u8 BattleScript_FlatterTryConfuse[] = {
    0x1e, 0x00, 0x14, 0x57, 0x00, 0x00, 0x00, 0x1f, 0x00, 0x20, 0x00, 0x0c, 0x00, 0x00, 0x00, 0x2e, 0x0d, 0x00, 0x00, 0x00, 0x07, 0x16, 0x28, 0x08, 0x00, 0x00, 0x00
};

const u8 BattleScript_EffectWillOWisp[] = {
    0x00, 0x02, 0x03, 0x1d, 0x00, 0x00, 0x00, 0x00, 0x01, 0x09, 0x00, 0x00, 0x00, 0x1c, 0x00, 0x10, 0x00, 0x00, 0x00, 0xb0, 0x00, 0x00, 0x00, 0x22, 0x00, 0x0a, 0x3c, 0x00, 0x00, 0x00, 0x1e, 0x00, 0x29, 0xb1, 0x00, 0x00, 0x00, 0x1c, 0x00, 0xff, 0x00, 0x00, 0x00, 0x09, 0x00, 0x00, 0x00, 0x01, 0x09, 0x00, 0x00, 0x00, 0x00, 0x00, 0x1f, 0x00, 0x20, 0x00, 0x0c, 0x00, 0x00, 0x00, 0x09, 0x0a, 0x2e, 0x0d, 0x00, 0x00, 0x00, 0x03, 0x16, 0x28, 0x08, 0x00, 0x00, 0x00
};

const u8 BattleScript_WaterVeilPrevents[] = {
    0x31, 0x3d, 0x00, 0x00, 0x00, 0x3e, 0x00, 0x00, 0x00, 0x01, 0x2e, 0x11, 0x00, 0x00, 0x00, 0x00, 0x41, 0xb2, 0x00, 0x00, 0x00, 0x28, 0x08, 0x00, 0x00, 0x00
};

const u8 BattleScript_AlreadyBurned[] = {
    0x39, 0x20, 0x00, 0x10, 0x5c, 0x01, 0x12, 0x40, 0x00, 0x28, 0x08, 0x00, 0x00, 0x00
};

const u8 BattleScript_EffectMemento[] = {
    0x00, 0x29, 0x00, 0xaa, 0x00, 0x00, 0x00, 0x01, 0xb3, 0x00, 0x00, 0x00, 0x02, 0x03, 0xc9, 0x09, 0x00, 0x00, 0x00, 0x79, 0x09, 0x0a, 0x1d, 0x00, 0x00, 0x00, 0x00, 0x01, 0xb4, 0x00, 0x00, 0x00, 0x2e, 0xb5, 0x00, 0x00, 0x00, 0x00, 0x48, 0x00, 0x12, 0x07, 0x48, 0x00, 0x02, 0x03, 0x2e, 0x1d, 0x00, 0x00, 0x00, 0xa1, 0x89, 0x01, 0xb6, 0x00, 0x00, 0x00, 0x29, 0x02, 0x11, 0x00, 0x00, 0x00, 0x01, 0xb6, 0x00, 0x00, 0x00, 0x13, 0x29, 0x00, 0x00, 0x00, 0x12, 0x40, 0x00
};

const u8 BattleScript_EffectMementoTrySpAtk[] = {
    0x48, 0x00, 0x10, 0x03, 0x2e, 0x1d, 0x00, 0x00, 0x00, 0xa4, 0x89, 0x01, 0xb7, 0x00, 0x00, 0x00, 0x29, 0x02, 0x11, 0x00, 0x00, 0x00, 0x01, 0xb7, 0x00, 0x00, 0x00, 0x13, 0x29, 0x00, 0x00, 0x00, 0x12, 0x40, 0x00
};

const u8 BattleScript_EffectMementoTryFaint[] = {
    0x19, 0x01, 0x00, 0x05, 0x00, 0x00, 0x00, 0x28, 0x08, 0x00, 0x00, 0x00
};

const u8 BattleScript_EffectMementoPrintNoEffect[] = {
    0x10, 0x69, 0x01, 0x12, 0x40, 0x00, 0x28, 0xb7, 0x00, 0x00, 0x00
};

const u8 BattleScript_MementoTargetProtect[] = {
    0x02, 0x03, 0xc9, 0xb8, 0x00, 0x00, 0x00
};

const u8 BattleScript_MementoTargetProtectEnd[] = {
    0x79, 0x39, 0x40, 0x00, 0x0e, 0x0f, 0x12, 0x40, 0x00, 0x19, 0x01, 0x00, 0x05, 0x00, 0x00, 0x00, 0x28, 0x08, 0x00, 0x00, 0x00
};

const u8 BattleScript_EffectFacade[] = {
    0x1c, 0x01, 0xd8, 0x00, 0x00, 0x00, 0xb9, 0x00, 0x00, 0x00, 0x28, 0x0f, 0x00, 0x00, 0x00
};

const u8 BattleScript_FacadeDoubleDmg[] = {
    0x2e, 0x03, 0x00, 0x00, 0x00, 0x02, 0x28, 0x0f, 0x00, 0x00, 0x00
};

const u8 BattleScript_EffectFocusPunch[] = {
    0x00, 0xcf, 0x4c, 0x00, 0x00, 0x00, 0x03, 0x10, 0x50, 0x01, 0x12, 0x40, 0x00, 0x28, 0x08, 0x00, 0x00, 0x00
};

const u8 BattleScript_EffectSmellingsalt[] = {
    0x1d, 0x00, 0x00, 0x00, 0x00, 0x01, 0x0f, 0x00, 0x00, 0x00, 0x2e, 0x0d, 0x00, 0x00, 0x00, 0xa4, 0x1c, 0x00, 0x40, 0x00, 0x00, 0x00, 0xba, 0x00, 0x00, 0x00, 0x28, 0x0f, 0x00, 0x00, 0x00
};

const u8 BattleScript_SmellingsaltDoubleDmg[] = {
    0x2e, 0x03, 0x00, 0x00, 0x00, 0x02, 0x28, 0x0f, 0x00, 0x00, 0x00
};

const u8 BattleScript_EffectFollowMe[] = {
    0x00, 0x02, 0x03, 0xca, 0x09, 0x0a, 0x10, 0xa4, 0x00, 0x12, 0x40, 0x00, 0x28, 0x08, 0x00, 0x00, 0x00
};

const u8 BattleScript_EffectNaturePower[] = {
    0x00, 0x02, 0x39, 0x20, 0x00, 0xcc, 0x10, 0xa6, 0x00, 0x12, 0x40, 0x00, 0x3c
};

const u8 BattleScript_EffectCharge[] = {
    0x00, 0x02, 0x03, 0xcb, 0x09, 0x0a, 0x10, 0xa5, 0x00, 0x12, 0x40, 0x00, 0x28, 0x08, 0x00, 0x00, 0x00
};

const u8 BattleScript_EffectTaunt[] = {
    0x00, 0x02, 0x03, 0x01, 0x09, 0x00, 0x00, 0x00, 0x00, 0x00, 0xd0, 0x09, 0x00, 0x00, 0x00, 0x09, 0x0a, 0x10, 0xac, 0x00, 0x12, 0x40, 0x00, 0x28, 0x08, 0x00, 0x00, 0x00
};

const u8 BattleScript_EffectHelpingHand[] = {
    0x00, 0x02, 0x03, 0xd1, 0x09, 0x00, 0x00, 0x00, 0x09, 0x0a, 0x10, 0xae, 0x00, 0x12, 0x40, 0x00, 0x28, 0x08, 0x00, 0x00, 0x00
};

const u8 BattleScript_EffectTrick[] = {
    0x00, 0x02, 0x03, 0x1d, 0x00, 0x00, 0x00, 0x00, 0x01, 0x09, 0x00, 0x00, 0x00, 0x01, 0x09, 0x00, 0x00, 0x00, 0x00, 0x00, 0xd2, 0x09, 0x00, 0x00, 0x00, 0x09, 0x0a, 0x10, 0xaf, 0x00, 0x12, 0x40, 0x00, 0x13, 0xbb, 0x00, 0x00, 0x00, 0x12, 0x40, 0x00, 0x28, 0x08, 0x00, 0x00, 0x00
};

const u8 BattleScript_EffectRolePlay[] = {
    0x00, 0x02, 0x03, 0x01, 0x09, 0x00, 0x00, 0x00, 0xff, 0xff, 0xd3, 0x09, 0x00, 0x00, 0x00, 0x09, 0x0a, 0x10, 0xb0, 0x00, 0x12, 0x40, 0x00, 0x28, 0x08, 0x00, 0x00, 0x00
};

const u8 BattleScript_EffectWish[] = {
    0x00, 0x02, 0x03, 0xd4, 0x00, 0x09, 0x00, 0x00, 0x00, 0x09, 0x0a, 0x28, 0x08, 0x00, 0x00, 0x00
};

const u8 BattleScript_EffectAssist[] = {
    0x00, 0x02, 0xde, 0xbc, 0x00, 0x00, 0x00, 0x09, 0x0a, 0x2e, 0x4b, 0x00, 0x00, 0x00, 0x00, 0x2e, 0x63, 0x00, 0x00, 0x00, 0x00, 0x63, 0x01
};

const u8 BattleScript_EffectIngrain[] = {
    0x00, 0x02, 0x03, 0xd5, 0x09, 0x00, 0x00, 0x00, 0x09, 0x0a, 0x10, 0xb3, 0x00, 0x12, 0x40, 0x00, 0x28, 0x08, 0x00, 0x00, 0x00
};

const u8 BattleScript_EffectSuperpower[] = {
    0x2e, 0x0d, 0x00, 0x00, 0x00, 0xe5, 0x28, 0x0f, 0x00, 0x00, 0x00
};

const u8 BattleScript_EffectMagicCoat[] = {
    0x00, 0xdf, 0x25, 0x00, 0x00, 0x00, 0x02, 0x03, 0x09, 0x0a, 0x10, 0xbd, 0x00, 0x12, 0x40, 0x00, 0x28, 0x08, 0x00, 0x00, 0x00
};

const u8 BattleScript_EffectRecycle[] = {
    0x00, 0x02, 0x03, 0xea, 0x09, 0x00, 0x00, 0x00, 0x09, 0x0a, 0x10, 0x40, 0x01, 0x12, 0x40, 0x00, 0x28, 0x08, 0x00, 0x00, 0x00
};

const u8 BattleScript_EffectRevenge[] = {
    0xd6, 0x28, 0x0f, 0x00, 0x00, 0x00
};

const u8 BattleScript_EffectBrickBreak[] = {
    0x00, 0x01, 0x04, 0x00, 0x00, 0x00, 0x00, 0x00, 0x02, 0x03, 0xee, 0x04, 0x05, 0x06, 0x07, 0x29, 0x00, 0x4b, 0x00, 0x00, 0x00, 0x00, 0xbd, 0x00, 0x00, 0x00, 0x36, 0x07, 0x00, 0x00, 0x00, 0x09
};

const u8 BattleScript_BrickBreakAnim[] = {
    0x09, 0x0a, 0x29, 0x03, 0x4b, 0x00, 0x00, 0x00, 0x02, 0xbe, 0x00, 0x00, 0x00, 0x10, 0x62, 0x01, 0x12, 0x40, 0x00
};

const u8 BattleScript_BrickBreakDoHit[] = {
    0x4a, 0x0e, 0x5c, 0x00, 0x3a, 0x0b, 0x00, 0x0c, 0x00, 0x0d, 0x12, 0x40, 0x00, 0x0f, 0x12, 0x40, 0x00, 0x15, 0x19, 0x00, 0x00, 0x05, 0x00, 0x00, 0x00, 0x28, 0x08, 0x00, 0x00, 0x00
};

const u8 BattleScript_EffectYawn[] = {
    0x00, 0x02, 0x03, 0x1e, 0x00, 0x48, 0xbf, 0x00, 0x00, 0x00, 0x1e, 0x00, 0x0f, 0xbf, 0x00, 0x00, 0x00, 0x1d, 0x00, 0x00, 0x00, 0x00, 0x01, 0x09, 0x00, 0x00, 0x00, 0x1f, 0x00, 0x20, 0x00, 0x0c, 0x00, 0x00, 0x00, 0x01, 0x09, 0x00, 0x00, 0x00, 0xff, 0xff, 0x84, 0x09, 0x00, 0x00, 0x00, 0xd7, 0x09, 0x00, 0x00, 0x00, 0x09, 0x0a, 0x10, 0xb6, 0x00, 0x12, 0x40, 0x00, 0x28, 0x08, 0x00, 0x00, 0x00
};

const u8 BattleScript_PrintBankAbilityMadeIneffective[] = {
    0x31, 0x80, 0x00, 0x00, 0x00, 0xc0, 0x00, 0x00, 0x00, 0x01
};

const u8 BattleScript_PrintAbilityMadeIneffective[] = {
    0x39, 0x20, 0x00, 0x10, 0x5a, 0x01, 0x12, 0x40, 0x00, 0x28, 0x08, 0x00, 0x00, 0x00
};

const u8 BattleScript_EffectKnockOff[] = {
    0x2e, 0x0d, 0x00, 0x00, 0x00, 0x36, 0x28, 0x0f, 0x00, 0x00, 0x00
};

const u8 BattleScript_EffectEndeavor[] = {
    0x00, 0x02, 0x03, 0xd8, 0x09, 0x00, 0x00, 0x00, 0x31, 0xc1, 0x00, 0x00, 0x00, 0x4e, 0x00, 0x00, 0x00, 0x04, 0x01, 0x2e, 0x00, 0x00, 0x00, 0x00, 0x00, 0x06, 0x29, 0x04, 0x07, 0x00, 0x00, 0x00, 0x29, 0x45, 0x00, 0x00, 0x00, 0x36, 0x07, 0x00, 0x00, 0x00, 0x06, 0x31, 0x4e, 0x00, 0x00, 0x00, 0xc1, 0x00, 0x00, 0x00, 0x04, 0x69, 0x28, 0x45, 0x00, 0x00, 0x00
};

const u8 BattleScript_EffectEruption[] = {
    0xd9, 0x28, 0x0f, 0x00, 0x00, 0x00
};

const u8 BattleScript_EffectSkillSwap[] = {
    0x00, 0x02, 0x03, 0x01, 0x09, 0x00, 0x00, 0x00, 0xff, 0xff, 0xda, 0x09, 0x00, 0x00, 0x00, 0x09, 0x0a, 0x10, 0xb8, 0x00, 0x12, 0x40, 0x00, 0x28, 0x08, 0x00, 0x00, 0x00
};

const u8 BattleScript_EffectImprison[] = {
    0x00, 0x02, 0x03, 0xdb, 0x09, 0x00, 0x00, 0x00, 0x09, 0x0a, 0x10, 0xb9, 0x00, 0x12, 0x40, 0x00, 0x28, 0x08, 0x00, 0x00, 0x00
};

const u8 BattleScript_EffectRefresh[] = {
    0x00, 0x02, 0x03, 0xcd, 0x09, 0x00, 0x00, 0x00, 0x09, 0x0a, 0x10, 0xa7, 0x00, 0x12, 0x40, 0x00, 0x98, 0x01, 0x28, 0x08, 0x00, 0x00, 0x00
};

const u8 BattleScript_EffectGrudge[] = {
    0x00, 0x02, 0x03, 0xdc, 0x09, 0x00, 0x00, 0x00, 0x09, 0x0a, 0x10, 0xbb, 0x00, 0x12, 0x40, 0x00, 0x28, 0x08, 0x00, 0x00, 0x00
};

const u8 BattleScript_EffectSnatch[] = {
    0x00, 0xe0, 0x25, 0x00, 0x00, 0x00, 0x02, 0x03, 0x09, 0x0a, 0x39, 0x20, 0x00, 0x10, 0xbf, 0x00, 0x12, 0x40, 0x00, 0x28, 0x08, 0x00, 0x00, 0x00
};

const u8 BattleScript_EffectLowKick[] = {
    0x00, 0x02, 0x03, 0xdd, 0x01, 0x2e, 0x00, 0x00, 0x00, 0x00, 0x00, 0x28, 0x2b, 0x00, 0x00, 0x00
};

const u8 BattleScript_EffectSecretPower[] = {
    0xe4, 0x28, 0x0f, 0x00, 0x00, 0x00
};

const u8 BattleScript_EffectDoubleEdge[] = {
    0x2e, 0x0d, 0x00, 0x00, 0x00, 0xe6, 0x28, 0x0f, 0x00, 0x00, 0x00
};

const u8 BattleScript_EffectTeeterDance[] = {
    0x00, 0x02, 0x03, 0x2e, 0x3e, 0x00, 0x00, 0x00, 0x00
};

const u8 BattleScript_TeeterDanceLoop[] = {
    0x25, 0x2e, 0x0d, 0x00, 0x00, 0x00, 0x07, 0x2c, 0x7a, 0x00, 0x00, 0x00, 0x3e, 0x00, 0x00, 0x00, 0x01, 0xc2, 0x00, 0x00, 0x00, 0x1e, 0x00, 0x14, 0xc3, 0x00, 0x00, 0x00, 0x1d, 0x00, 0x00, 0x00, 0x00, 0x01, 0xc4, 0x00, 0x00, 0x00, 0x1d, 0x00, 0x07, 0x00, 0x00, 0x00, 0xc5, 0x00, 0x00, 0x00, 0x01, 0xc6, 0x00, 0x00, 0x00, 0x00, 0x00, 0x1f, 0x00, 0x20, 0x00, 0xc7, 0x00, 0x00, 0x00, 0x09, 0x0a, 0x16, 0x0f, 0x12, 0x40, 0x00
};

const u8 BattleScript_TeeterDanceLoopIncrement[] = {
    0x2e, 0x06, 0x00, 0x00, 0x00, 0x00, 0x49, 0x02, 0x10, 0x2f, 0x3e, 0x00, 0x00, 0x00, 0x01, 0x2d, 0x3e, 0x00, 0x00, 0x00, 0x82, 0x00, 0x00, 0x00, 0x01, 0xc8, 0x00, 0x00, 0x00, 0x3d
};

const u8 BattleScript_TeeterDanceOwnTempoPrevents[] = {
    0x39, 0x20, 0x00, 0x10, 0xca, 0x00, 0x12, 0x40, 0x00, 0x28, 0xc2, 0x00, 0x00, 0x00
};

const u8 BattleScript_TeeterDanceSafeguardProtected[] = {
    0x39, 0x20, 0x00, 0x10, 0x50, 0x00, 0x12, 0x40, 0x00, 0x28, 0xc2, 0x00, 0x00, 0x00
};

const u8 BattleScript_TeeterDanceSubstitutePrevents[] = {
    0x39, 0x20, 0x00, 0x10, 0xe5, 0x00, 0x12, 0x40, 0x00, 0x28, 0xc2, 0x00, 0x00, 0x00
};

const u8 BattleScript_TeeterDanceAlreadyConfused[] = {
    0x39, 0x20, 0x00, 0x10, 0x44, 0x00, 0x12, 0x40, 0x00, 0x28, 0xc2, 0x00, 0x00, 0x00
};

const u8 BattleScript_TeeterDanceMissed[] = {
    0x0f, 0x12, 0x40, 0x00, 0x28, 0xc2, 0x00, 0x00, 0x00
};

const u8 BattleScript_EffectMudSport[] = {
    
};

const u8 BattleScript_EffectWaterSport[] = {
    0x00, 0x02, 0x03, 0xe8, 0x09, 0x00, 0x00, 0x00, 0x09, 0x0a, 0x13, 0xc9, 0x00, 0x00, 0x00, 0x12, 0x40, 0x00, 0x28, 0x08, 0x00, 0x00, 0x00
};

const u8 BattleScript_EffectPoisonFang[] = {
    0x2e, 0x0d, 0x00, 0x00, 0x00, 0x06, 0x28, 0x0f, 0x00, 0x00, 0x00
};

const u8 BattleScript_EffectWeatherBall[] = {
    0xe9, 0x28, 0x0f, 0x00, 0x00, 0x00
};

const u8 BattleScript_EffectOverheat[] = {
    0x2e, 0x0d, 0x00, 0x00, 0x00, 0xfb, 0x28, 0x0f, 0x00, 0x00, 0x00
};

const u8 BattleScript_EffectTickle[] = {
    0x00, 0x02, 0x03, 0x20, 0x00, 0x02, 0x01, 0x00, 0xca, 0x00, 0x00, 0x00, 0x20, 0x00, 0x00, 0x02, 0x00, 0xcb, 0x00, 0x00, 0x00
};

const u8 BattleScript_TickleDoMoveAnim[] = {
    0x01, 0x09, 0x00, 0x00, 0x00, 0x00, 0x00, 0x09, 0x0a, 0x2e, 0xb5, 0x00, 0x00, 0x00, 0x00, 0x48, 0x00, 0x06, 0x05, 0x48, 0x00, 0x02, 0x01, 0x2e, 0x1d, 0x00, 0x00, 0x00, 0x91, 0x89, 0x01, 0xcc, 0x00, 0x00, 0x00, 0x29, 0x00, 0x11, 0x00, 0x00, 0x00, 0x02, 0xcc, 0x00, 0x00, 0x00, 0x13, 0x29, 0x00, 0x00, 0x00, 0x12, 0x40, 0x00
};

const u8 BattleScript_TickleTryLowerDef[] = {
    0x48, 0x00, 0x04, 0x01, 0x2e, 0x1d, 0x00, 0x00, 0x00, 0x92, 0x89, 0x01, 0xcd, 0x00, 0x00, 0x00, 0x29, 0x00, 0x11, 0x00, 0x00, 0x00, 0x02, 0xcd, 0x00, 0x00, 0x00, 0x13, 0x29, 0x00, 0x00, 0x00, 0x12, 0x40, 0x00
};

const u8 BattleScript_TickleEnd[] = {
    0x28, 0x08, 0x00, 0x00, 0x00
};

const u8 BattleScript_CantLowerMultipleStats[] = {
    0x39, 0x20, 0x00, 0x33, 0x07, 0x00, 0x00, 0x00, 0x20, 0x10, 0x5d, 0x01, 0x12, 0x40, 0x00, 0x28, 0x08, 0x00, 0x00, 0x00
};

const u8 BattleScript_EffectCosmicPower[] = {
    0x00, 0x02, 0x03, 0x20, 0x01, 0x03, 0x02, 0x0c, 0xce, 0x00, 0x00, 0x00, 0x20, 0x01, 0x00, 0x05, 0x0c, 0xcf, 0x00, 0x00, 0x00
};

const u8 BattleScript_CosmicPowerDoMoveAnim[] = {
    0x09, 0x0a, 0x2e, 0xb5, 0x00, 0x00, 0x00, 0x00, 0x48, 0x01, 0x24, 0x00, 0x2e, 0x1d, 0x00, 0x00, 0x00, 0x12, 0x89, 0x41, 0xd0, 0x00, 0x00, 0x00, 0x29, 0x00, 0x11, 0x00, 0x00, 0x00, 0x02, 0xd0, 0x00, 0x00, 0x00, 0x13, 0x23, 0x00, 0x00, 0x00, 0x12, 0x40, 0x00
};

const u8 BattleScript_CosmicPowerTrySpDef[] = {
    0x2e, 0x1d, 0x00, 0x00, 0x00, 0x15, 0x89, 0x41, 0xd1, 0x00, 0x00, 0x00, 0x29, 0x00, 0x11, 0x00, 0x00, 0x00, 0x02, 0xd1, 0x00, 0x00, 0x00, 0x13, 0x23, 0x00, 0x00, 0x00, 0x12, 0x40, 0x00
};

const u8 BattleScript_CosmicPowerEnd[] = {
    0x28, 0x08, 0x00, 0x00, 0x00
};

const u8 BattleScript_EffectSkyUppercut[] = {
    0x35, 0x02, 0x00, 0x00, 0x00, 0x00, 0x00, 0x01, 0x00, 0x28, 0x0f, 0x00, 0x00, 0x00
};

const u8 BattleScript_EffectBulkUp[] = {
    0x00, 0x02, 0x03, 0x20, 0x01, 0x03, 0x01, 0x0c, 0xd2, 0x00, 0x00, 0x00, 0x20, 0x01, 0x00, 0x02, 0x0c, 0xcf, 0x00, 0x00, 0x00
};

const u8 BattleScript_BulkUpDoMoveAnim[] = {
    0x09, 0x0a, 0x2e, 0xb5, 0x00, 0x00, 0x00, 0x00, 0x48, 0x01, 0x06, 0x00, 0x2e, 0x1d, 0x00, 0x00, 0x00, 0x11, 0x89, 0x41, 0xd3, 0x00, 0x00, 0x00, 0x29, 0x00, 0x11, 0x00, 0x00, 0x00, 0x02, 0xd3, 0x00, 0x00, 0x00, 0x13, 0x23, 0x00, 0x00, 0x00, 0x12, 0x40, 0x00
};

const u8 BattleScript_BulkUpTryDef[] = {
    0x2e, 0x1d, 0x00, 0x00, 0x00, 0x12, 0x89, 0x41, 0xd4, 0x00, 0x00, 0x00, 0x29, 0x00, 0x11, 0x00, 0x00, 0x00, 0x02, 0xd4, 0x00, 0x00, 0x00, 0x13, 0x23, 0x00, 0x00, 0x00, 0x12, 0x40, 0x00
};

const u8 BattleScript_BulkUpEnd[] = {
    0x28, 0x08, 0x00, 0x00, 0x00
};

const u8 BattleScript_EffectCalmMind[] = {
    0x00, 0x02, 0x03, 0x20, 0x01, 0x03, 0x04, 0x0c, 0xd5, 0x00, 0x00, 0x00, 0x20, 0x01, 0x00, 0x05, 0x0c, 0xcf, 0x00, 0x00, 0x00
};

const u8 BattleScript_CalmMindDoMoveAnim[] = {
    0x09, 0x0a, 0x2e, 0xb5, 0x00, 0x00, 0x00, 0x00, 0x48, 0x01, 0x30, 0x00, 0x2e, 0x1d, 0x00, 0x00, 0x00, 0x14, 0x89, 0x41, 0xd6, 0x00, 0x00, 0x00, 0x29, 0x00, 0x11, 0x00, 0x00, 0x00, 0x02, 0xd6, 0x00, 0x00, 0x00, 0x13, 0x23, 0x00, 0x00, 0x00, 0x12, 0x40, 0x00
};

const u8 BattleScript_CalmMindTrySpDef[] = {
    0x2e, 0x1d, 0x00, 0x00, 0x00, 0x15, 0x89, 0x41, 0xd7, 0x00, 0x00, 0x00, 0x29, 0x00, 0x11, 0x00, 0x00, 0x00, 0x02, 0xd7, 0x00, 0x00, 0x00, 0x13, 0x23, 0x00, 0x00, 0x00, 0x12, 0x40, 0x00
};

const u8 BattleScript_CalmMindEnd[] = {
    0x28, 0x08, 0x00, 0x00, 0x00
};

const u8 BattleScript_CantRaiseMultipleStats[] = {
    0x39, 0x20, 0x00, 0x33, 0x07, 0x00, 0x00, 0x00, 0x20, 0x10, 0x19, 0x00, 0x12, 0x40, 0x00, 0x28, 0x08, 0x00, 0x00, 0x00
};

const u8 BattleScript_EffectDragonDance[] = {
    0x00, 0x02, 0x03, 0x20, 0x01, 0x03, 0x01, 0x0c, 0xd8, 0x00, 0x00, 0x00, 0x20, 0x01, 0x00, 0x03, 0x0c, 0xcf, 0x00, 0x00, 0x00
};

const u8 BattleScript_DragonDanceDoMoveAnim[] = {
    0x09, 0x0a, 0x2e, 0xb5, 0x00, 0x00, 0x00, 0x00, 0x48, 0x01, 0x0a, 0x00, 0x2e, 0x1d, 0x00, 0x00, 0x00, 0x11, 0x89, 0x41, 0xd9, 0x00, 0x00, 0x00, 0x29, 0x00, 0x11, 0x00, 0x00, 0x00, 0x02, 0xd9, 0x00, 0x00, 0x00, 0x13, 0x23, 0x00, 0x00, 0x00, 0x12, 0x40, 0x00
};

const u8 BattleScript_DragonDanceTrySpeed[] = {
    0x2e, 0x1d, 0x00, 0x00, 0x00, 0x13, 0x89, 0x41, 0xda, 0x00, 0x00, 0x00, 0x29, 0x00, 0x11, 0x00, 0x00, 0x00, 0x02, 0xda, 0x00, 0x00, 0x00, 0x13, 0x23, 0x00, 0x00, 0x00, 0x12, 0x40, 0x00
};

const u8 BattleScript_DragonDanceEnd[] = {
    0x28, 0x08, 0x00, 0x00, 0x00
};

const u8 BattleScript_EffectCamouflage[] = {
    0x00, 0x02, 0x03, 0xeb, 0x09, 0x00, 0x00, 0x00, 0x09, 0x0a, 0x10, 0x49, 0x00, 0x12, 0x40, 0x00, 0x28, 0x08, 0x00, 0x00, 0x00
};

const u8 BattleScript_FaintAttacker[] = {
    0x56, 0x01, 0x39, 0x40, 0x00, 0x1a, 0x01, 0x1b, 0x01, 0x10, 0x1c, 0x00, 0x10, 0x30, 0x01, 0x3c
};

const u8 BattleScript_FaintTarget[] = {
    0x56, 0x00, 0x39, 0x40, 0x00, 0x1a, 0x00, 0x1b, 0x00, 0x10, 0x1d, 0x00, 0x10, 0x30, 0x01, 0x3c
};

const u8 BattleScript_GiveExp[] = {
    0x2e, 0xdb, 0x00, 0x00, 0x00, 0x00, 0x23, 0x00, 0x3e
};

const u8 BattleScript_HandleFaintedMon[] = {
    0x24, 0xdc, 0x00, 0x00, 0x00, 0x29, 0x01, 0x9a, 0x00, 0x00, 0x00, 0x00, 0xdd, 0x00, 0x00, 0x00, 0x2b, 0x04, 0x97, 0x00, 0x00, 0x00, 0x08, 0x00, 0x00, 0x00, 0xde, 0x00, 0x00, 0x00, 0x2b, 0x05, 0x02, 0x00, 0x00, 0x00, 0x00, 0x00, 0x40, 0x00, 0xde, 0x00, 0x00, 0x00, 0x10, 0x51, 0x01, 0x2e, 0x98, 0x00, 0x00, 0x00, 0x00, 0x67, 0x29, 0x00, 0xdf, 0x00, 0x00, 0x00, 0x00, 0xde, 0x00, 0x00, 0x00, 0x72, 0xdd, 0x00, 0x00, 0x00, 0x10, 0x12, 0x01
};

const u8 BattleScript_FaintedMonTryChoose[] = {
    0x50, 0x03, 0xdd, 0x00, 0x00, 0x00, 0x51, 0x03, 0x02, 0x2b, 0x05, 0x97, 0x00, 0x00, 0x00, 0x08, 0x00, 0x00, 0x00, 0xe0, 0x00, 0x00, 0x00, 0x2b, 0x04, 0x97, 0x00, 0x00, 0x00, 0x02, 0x00, 0x00, 0x00, 0xe0, 0x00, 0x00, 0x00, 0x2b, 0x04, 0x97, 0x00, 0x00, 0x00, 0x00, 0x01, 0x00, 0x00, 0xe0, 0x00, 0x00, 0x00, 0x2b, 0x04, 0x97, 0x00, 0x00, 0x00, 0x01, 0x00, 0x00, 0x00, 0xe0, 0x00, 0x00, 0x00, 0x2b, 0x04, 0x02, 0x00, 0x00, 0x00, 0x00, 0x00, 0x40, 0x00, 0xe0, 0x00, 0x00, 0x00, 0x29, 0x00, 0xe1, 0x00, 0x00, 0x00, 0x01, 0xe0, 0x00, 0x00, 0x00, 0x4f, 0x0b, 0xe0, 0x00, 0x00, 0x00, 0x10, 0x1a, 0x01, 0x2e, 0x98, 0x00, 0x00, 0x00, 0x00, 0x67, 0x29, 0x00, 0xdf, 0x00, 0x00, 0x00, 0x01, 0xe0, 0x00, 0x00, 0x00, 0x6e, 0x50, 0x81, 0xe0, 0x00, 0x00, 0x00, 0x51, 0x01, 0x02, 0x29, 0x00, 0x98, 0x00, 0x00, 0x00, 0x06, 0xe0, 0x00, 0x00, 0x00, 0x6b, 0x76, 0x01, 0x05, 0x74, 0x01, 0x10, 0x02, 0x00, 0xe2, 0x01, 0x3a, 0x4b, 0x3a, 0x61, 0x01, 0x4c, 0x01, 0x4d, 0x01, 0x73, 0x01, 0x10, 0x03, 0x00, 0x62, 0x01, 0x4e, 0x01, 0x00, 0x3a, 0x52, 0x01, 0x6d
};

const u8 BattleScript_FaintedMonSendOutNew[] = {
    0x61, 0x03, 0x4c, 0x03, 0x4d, 0x03, 0x73, 0x03, 0x10, 0x03, 0x00, 0x62, 0x03, 0x4e, 0x03, 0x00, 0x3a, 0x76, 0x01, 0x07, 0x52, 0x03, 0x2b, 0x04, 0x97, 0x00, 0x00, 0x00, 0x01, 0x00, 0x00, 0x00, 0xdd, 0x00, 0x00, 0x00, 0x68
};

const u8 BattleScript_FaintedMonEnd[] = {
    0x3e
};

const u8 BattleScript_LinkHandleFaintedMonMultiple[] = {
    0x50, 0x05, 0xe2, 0x00, 0x00, 0x00
};

const u8 BattleScript_LinkHandleFaintedMonMultipleStart[] = {
    0x51, 0x03, 0x00, 0x50, 0x06, 0xe3, 0x00, 0x00, 0x00, 0x51, 0x03, 0x00
};

const u8 BattleScript_LinkHandleFaintedMonLoop[] = {
    0x51, 0x03, 0x02, 0x61, 0x03, 0x4c, 0x03, 0x4d, 0x03, 0x73, 0x03, 0x10, 0x03, 0x00, 0x62, 0x03, 0x4e, 0x03, 0x00, 0x3a, 0x52, 0x05, 0x2d, 0xe4, 0x00, 0x00, 0x00, 0x82, 0x00, 0x00, 0x00, 0x01, 0xe5, 0x00, 0x00, 0x00
};

const u8 BattleScript_LinkHandleFaintedMonMultipleEnd[] = {
    0x3e
};

const u8 BattleScript_LocalTrainerBattleWon[] = {
    0x10, 0x41, 0x01, 0x53, 0x01, 0x3a, 0x10, 0x0c, 0x00, 0x5d, 0xe6, 0x00, 0x00, 0x00
};

const u8 BattleScript_LocalTrainerBattleWonGotMoney[] = {
    0x10, 0x1e, 0x00, 0x12, 0x40, 0x00
};

const u8 BattleScript_PayDayMoneyAndPickUpItems[] = {
    0x91, 0xe5, 0x3e
};

const u8 BattleScript_LocalBattleLost[] = {
    0x2b, 0x04, 0x97, 0x00, 0x00, 0x00, 0x00, 0x00, 0x08, 0x00, 0xe7, 0x00, 0x00, 0x00, 0x2b, 0x04, 0x97, 0x00, 0x00, 0x00, 0x00, 0x08, 0x00, 0x00, 0xe8, 0x00, 0x00, 0x00, 0x2a, 0x00, 0xe9, 0x00, 0x00, 0x00, 0x00, 0x04, 0xe8, 0x00, 0x00, 0x00, 0x29, 0x01, 0x11, 0x00, 0x00, 0x00, 0x00, 0xea, 0x00, 0x00, 0x00
};

const u8 BattleScript_LocalBattleLostPrintWhiteOut[] = {
    0x2b, 0x04, 0x97, 0x00, 0x00, 0x00, 0x08, 0x00, 0x00, 0x00, 0xeb, 0x00, 0x00, 0x00, 0x10, 0x1f, 0x00, 0x12, 0x40, 0x00, 0x5d, 0xec, 0x00, 0x00, 0x00, 0x10, 0x20, 0x00, 0x12, 0x40, 0x00, 0x28, 0xe8, 0x00, 0x00, 0x00
};

const u8 BattleScript_LocalBattleLostEnd[] = {
    0x10, 0x6d, 0x01, 0x12, 0x40, 0x00, 0x5d, 0xec, 0x00, 0x00, 0x00, 0x10, 0x6e, 0x01, 0x12, 0x40, 0x00
};

const u8 BattleScript_EReaderOrSecretBaseTrainerEnd[] = {
    0x3e
};

const u8 BattleScript_LocalBattleLostPrintTrainersWinText[] = {
    0x10, 0x79, 0x01, 0x12, 0x40, 0x00, 0x3e
};

const u8 BattleScript_RivalBattleLost[] = {
    0xe3, 0x01, 0xed, 0x00, 0x00, 0x00, 0x10, 0x7e, 0x01, 0x12, 0x40, 0x00, 0x4b, 0x3a
};

const u8 BattleScript_RivalBattleLostSkipMonRecall[] = {
    0x53, 0x01, 0x3a, 0x10, 0x7f, 0x01, 0x29, 0x00, 0x11, 0x00, 0x00, 0x00, 0x02, 0xee, 0x00, 0x00, 0x00, 0x3e
};

const u8 BattleScript_BattleTowerLost[] = {
    0x76, 0x01, 0x08, 0x29, 0x00, 0x11, 0x00, 0x00, 0x00, 0x00, 0xef, 0x00, 0x00, 0x00, 0x13, 0xf0, 0x00, 0x00, 0x00, 0x12, 0x40, 0x00, 0x76, 0x01, 0x09, 0x3a, 0x76, 0x01, 0x0a, 0x3a
};

const u8 BattleScript_BattleTowerLostLostSkipMonRecall[] = {
    0x53, 0x01, 0x3a, 0x10, 0x7f, 0x01, 0x2b, 0x05, 0x97, 0x00, 0x00, 0x00, 0x01, 0x00, 0x00, 0x00, 0xf1, 0x00, 0x00, 0x00, 0x10, 0x78, 0x01
};

const u8 BattleScript_BattleTowerLostLostSkipDouble[] = {
    0x3e
};

const u8 BattleScript_LinkBattleWonOrLost[] = {
    0x10, 0x05, 0x00, 0x12, 0x40, 0x00, 0x57, 0x12, 0x40, 0x00, 0x3e
};

const u8 BattleScript_BattleTowerTrainerBattleWon[] = {
    0x10, 0x41, 0x01, 0x53, 0x01, 0x3a, 0x2b, 0x05, 0x97, 0x00, 0x00, 0x00, 0x00, 0x00, 0x08, 0x00, 0xf2, 0x00, 0x00, 0x00, 0x10, 0x0c, 0x00, 0x2b, 0x05, 0x97, 0x00, 0x00, 0x00, 0x01, 0x00, 0x00, 0x00, 0xf2, 0x00, 0x00, 0x00, 0x10, 0x77, 0x01
};

const u8 BattleScript_BattleTowerEtcTrainerBattleWonSkipText[] = {
    0xe5, 0x3e
};

const u8 BattleScript_SmokeBallEscape[] = {
    0x45, 0x01, 0x08, 0x05, 0x00, 0x00, 0x00, 0x10, 0x52, 0x01, 0x12, 0x40, 0x00, 0x3e
};

const u8 BattleScript_RanAwayUsingMonAbility[] = {
    0x10, 0x53, 0x01, 0x12, 0x40, 0x00, 0x3e
};

const u8 BattleScript_GotAwaySafely[] = {
    0x10, 0xdf, 0x00, 0x12, 0x40, 0x00, 0x3e
};

const u8 BattleScript_WildMonFled[] = {
    0x10, 0xe0, 0x00, 0x12, 0x40, 0x00, 0x3e
};

const u8 BattleScript_PrintCantRunFromTrainer[] = {
    0x2b, 0x04, 0x97, 0x00, 0x00, 0x00, 0x10, 0x00, 0x00, 0x00, 0xf3, 0x00, 0x00, 0x00, 0x10, 0xe1, 0x00, 0x3e
};

const u8 BattleScript_LeftoverBirchString[] = {
    0x10, 0xe3, 0x00, 0x3e
};

const u8 BattleScript_PrintFailedToRunString[] = {
    0x13, 0xf4, 0x00, 0x00, 0x00, 0x12, 0x40, 0x00, 0x3e
};

const u8 BattleScript_PrintCantEscapeFromBattle[] = {
    0x14, 0xf4, 0x00, 0x00, 0x00, 0x44
};

const u8 BattleScript_PrintFullBox[] = {
    0x11, 0x58, 0x01, 0x44
};

const u8 BattleScript_ActionSwitch[] = {
    0x74, 0x01, 0x10, 0x02, 0x00, 0x2e, 0x03, 0x00, 0x00, 0x00, 0x02, 0x2b, 0x04, 0x97, 0x00, 0x00, 0x00, 0x01, 0x00, 0x00, 0x00, 0xf5, 0x00, 0x00, 0x00, 0x26, 0x01, 0x28, 0xf6, 0x00, 0x00, 0x00
};

const u8 BattleScript_PursuitSwitchDmgSetMultihit[] = {
    0x26, 0x02
};

const u8 BattleScript_PursuitSwitchDmgLoop[] = {
    0xba, 0xf7, 0x00, 0x00, 0x00, 0x5f, 0xab, 0x41, 0xf8, 0x00, 0x00, 0x00, 0x5f
};

const u8 BattleScript_DoSwitchOut[] = {
    0x27, 0xf6, 0x00, 0x00, 0x00, 0xe2, 0x01, 0x3a, 0x4b, 0x3a, 0x61, 0x01, 0x51, 0x01, 0x01, 0x4c, 0x01, 0x4d, 0x01, 0x73, 0x01, 0x10, 0x03, 0x00, 0x62, 0x01, 0x4e, 0x01, 0x00, 0x3a, 0x52, 0x01, 0x2e, 0x06, 0x00, 0x00, 0x00, 0x04, 0x49, 0x01, 0x00, 0x2e, 0x06, 0x00, 0x00, 0x00, 0x0f, 0x49, 0x01, 0x00, 0x3e
};

const u8 BattleScript_PursuitDmgOnSwitchOut[] = {
    0x39, 0x20, 0x00, 0x02, 0x03, 0x04, 0x05, 0x06, 0x07, 0x09, 0x0a, 0x0e, 0x5c, 0x00, 0x3a, 0x0b, 0x00, 0x0c, 0x00, 0x0d, 0x12, 0x40, 0x00, 0x0f, 0x12, 0x40, 0x00, 0x19, 0x00, 0x00, 0x05, 0x00, 0x00, 0x00, 0x2e, 0x06, 0x00, 0x00, 0x00, 0x03, 0x49, 0x02, 0x06, 0x76, 0x00, 0x04, 0x29, 0x00, 0x98, 0x00, 0x00, 0x00, 0x00, 0xf9, 0x00, 0x00, 0x00, 0x2e, 0xdb, 0x00, 0x00, 0x00, 0x00, 0x23, 0x00
};

const u8 BattleScript_PursuitDmgOnSwitchOutRet[] = {
    0x3c
};

const u8 BattleScript_Pausex20[] = {
    0x39, 0x20, 0x00, 0x3c
};

const u8 BattleScript_LevelUp[] = {
    0x55, 0x01, 0x01, 0x10, 0x0e, 0x00, 0x2e, 0xfa, 0x00, 0x00, 0x00, 0x00, 0x6c, 0x59, 0xfb, 0x00, 0x00, 0x00, 0xfc, 0x00, 0x00, 0x00, 0x01, 0x28, 0xfd, 0x00, 0x00, 0x00
};

const u8 BattleScript_TryLearnMoveLoop[] = {
    0x59, 0xfb, 0x00, 0x00, 0x00, 0xfc, 0x00, 0x00, 0x00, 0x00
};

const u8 BattleScript_AskToLearnMove[] = {
    0x71, 0x10, 0x10, 0x00, 0x10, 0x11, 0x00, 0x10, 0x12, 0x00, 0x3a, 0x2e, 0xfe, 0x00, 0x00, 0x00, 0x00, 0x5a, 0xff, 0x00, 0x00, 0x00, 0x10, 0x14, 0x00, 0x3a, 0x2e, 0xfe, 0x00, 0x00, 0x00, 0x00, 0x5b, 0xfd, 0x00, 0x00, 0x00, 0x10, 0x15, 0x00, 0x28, 0x00, 0x01, 0x00, 0x00
};

const u8 BattleScript_ForgotAndLearnedNewMove[] = {
    0x10, 0xdb, 0x00, 0x10, 0x13, 0x00, 0x10, 0xdc, 0x00
};

const u8 BattleScript_LearnedNewMove[] = {
    0x71, 0x55, 0x01, 0x01, 0x10, 0x0f, 0x00, 0x12, 0x40, 0x00, 0x76, 0x01, 0x06, 0x28, 0x00, 0x01, 0x00, 0x00
};

const u8 BattleScript_LearnMoveReturn[] = {
    0x3c
};

const u8 BattleScript_RainContinuesOrEnds[] = {
    0x13, 0x01, 0x01, 0x00, 0x00, 0x12, 0x40, 0x00, 0x29, 0x00, 0x11, 0x00, 0x00, 0x00, 0x02, 0x02, 0x01, 0x00, 0x00, 0x45, 0x01, 0x0a, 0x05, 0x00, 0x00, 0x00
};

const u8 BattleScript_RainContinuesOrEndsEnd[] = {
    0x3e
};

const u8 BattleScript_DamagingWeatherContinues[] = {
    0x13, 0x03, 0x01, 0x00, 0x00, 0x12, 0x40, 0x00, 0x46, 0x01, 0x22, 0x00, 0x00, 0x00, 0x05, 0x00, 0x00, 0x00, 0x2e, 0x98, 0x00, 0x00, 0x00, 0x00
};

const u8 BattleScript_DamagingWeatherLoop[] = {
    0x32, 0x7a, 0x00, 0x00, 0x00, 0x04, 0x01, 0x00, 0x00, 0x98, 0x00, 0x00, 0x00, 0x01, 0x96, 0x2b, 0x00, 0x4e, 0x00, 0x00, 0x00, 0x00, 0x00, 0x00, 0x00, 0x05, 0x01, 0x00, 0x00, 0x13, 0x06, 0x01, 0x00, 0x00, 0x12, 0x40, 0x00, 0x35, 0x02, 0x00, 0x00, 0x00, 0x20, 0x01, 0x10, 0x01, 0x0e, 0x5c, 0x01, 0x0b, 0x01, 0x0c, 0x01, 0x19, 0x01, 0x00, 0x05, 0x00, 0x00, 0x00, 0x24, 0x05, 0x01, 0x00, 0x00
};

const u8 BattleScript_DamagingWeatherContinuesEnd[] = {
    0x29, 0x01, 0x9a, 0x00, 0x00, 0x00, 0x00, 0x07, 0x01, 0x00, 0x00, 0x2f, 0x98, 0x00, 0x00, 0x00, 0x01, 0x2d, 0x98, 0x00, 0x00, 0x00, 0x82, 0x00, 0x00, 0x00, 0x01, 0x08, 0x01, 0x00, 0x00
};

const u8 BattleScript_WeatherDamageEndedBattle[] = {
    0x38, 0x02, 0x00, 0x00, 0x00, 0x20, 0x01, 0x10, 0x01, 0x3e
};

const u8 BattleScript_SandStormHailEnds[] = {
    0x13, 0x09, 0x01, 0x00, 0x00, 0x12, 0x40, 0x00, 0x3e
};

const u8 BattleScript_SunlightContinues[] = {
    0x10, 0xf1, 0x00, 0x12, 0x40, 0x00, 0x45, 0x01, 0x0b, 0x05, 0x00, 0x00, 0x00, 0x3e
};

const u8 BattleScript_SunlightFaded[] = {
    0x10, 0xf2, 0x00, 0x12, 0x40, 0x00, 0x3e
};

const u8 BattleScript_OverworldWeatherStarts[] = {
    0x13, 0x0a, 0x01, 0x00, 0x00, 0x12, 0x40, 0x00, 0x46, 0x01, 0x22, 0x00, 0x00, 0x00, 0x05, 0x00, 0x00, 0x00, 0x3f
};

const u8 BattleScript_SideStatusWoreOff[] = {
    0x10, 0x5f, 0x01, 0x12, 0x40, 0x00, 0x3e
};

const u8 BattleScript_SafeguardProtected[] = {
    0x39, 0x20, 0x00, 0x10, 0x50, 0x00, 0x12, 0x40, 0x00, 0x3e
};

const u8 BattleScript_SafeguardEnds[] = {
    0x39, 0x20, 0x00, 0x10, 0x51, 0x00, 0x12, 0x40, 0x00, 0x3e
};

const u8 BattleScript_LeechSeedTurnDrain[] = {
    0x45, 0x01, 0x0e, 0x22, 0x00, 0x00, 0x00, 0x35, 0x02, 0x00, 0x00, 0x00, 0x00, 0x01, 0x10, 0x00, 0x0b, 0x01, 0x0c, 0x01, 0x31, 0x4e, 0x00, 0x00, 0x00, 0xc1, 0x00, 0x00, 0x00, 0x04, 0x1e, 0x01, 0x40, 0x0b, 0x01, 0x00, 0x00, 0x80, 0x00, 0x2e, 0x11, 0x00, 0x00, 0x00, 0x03, 0x28, 0x0c, 0x01, 0x00, 0x00
};

const u8 BattleScript_LeechSeedLiquidOoze[] = {
    0x2e, 0x11, 0x00, 0x00, 0x00, 0x04
};

const u8 BattleScript_LeechSeedTurnPrintAndUpdateHp[] = {
    0x35, 0x02, 0x00, 0x00, 0x00, 0x00, 0x01, 0x10, 0x00, 0x0b, 0x00, 0x0c, 0x00, 0x13, 0x65, 0x00, 0x00, 0x00, 0x12, 0x40, 0x00, 0x19, 0x01, 0x00, 0x05, 0x00, 0x00, 0x00, 0x19, 0x00, 0x00, 0x05, 0x00, 0x00, 0x00, 0x3e
};

const u8 BattleScript_BideStoringEnergy[] = {
    0x10, 0x78, 0x00, 0x12, 0x40, 0x00, 0x28, 0x08, 0x00, 0x00, 0x00
};

const u8 BattleScript_BideAttack[] = {
    0x00, 0x2e, 0x0d, 0x00, 0x00, 0x00, 0x0c, 0x18, 0x01, 0x10, 0x79, 0x00, 0x12, 0x40, 0x00, 0x01, 0x0d, 0x01, 0x00, 0x00, 0x00, 0x00, 0x06, 0x36, 0x07, 0x00, 0x00, 0x00, 0x06, 0x31, 0x4e, 0x00, 0x00, 0x00, 0x0e, 0x01, 0x00, 0x00, 0x04, 0x69, 0x2e, 0x4b, 0x00, 0x00, 0x00, 0x01, 0x09, 0x0a, 0x0e, 0x5c, 0x00, 0x3a, 0x0b, 0x00, 0x0c, 0x00, 0x0f, 0x12, 0x40, 0x00, 0x19, 0x00, 0x00, 0x05, 0x00, 0x00, 0x00, 0x28, 0x08, 0x00, 0x00, 0x00
};

const u8 BattleScript_BideNoEnergyToAttack[] = {
    0x00, 0x2e, 0x0d, 0x00, 0x00, 0x00, 0x0c, 0x18, 0x01, 0x10, 0x79, 0x00, 0x12, 0x40, 0x00, 0x28, 0x09, 0x00, 0x00, 0x00
};

const u8 BattleScript_SuccessForceOut[] = {
    0x09, 0x0a, 0xe2, 0x00, 0x58, 0x00, 0x3a, 0x2b, 0x04, 0x97, 0x00, 0x00, 0x00, 0x08, 0x00, 0x00, 0x00, 0x0f, 0x01, 0x00, 0x00, 0x2e, 0x9a, 0x00, 0x00, 0x00, 0x05, 0xf6
};

const u8 BattleScript_TrainerBattleForceOut[] = {
    0x4c, 0x00, 0x4d, 0x00, 0x4e, 0x00, 0x00, 0x3a, 0x10, 0x54, 0x01, 0x52, 0x00, 0x28, 0x08, 0x00, 0x00, 0x00
};

const u8 BattleScript_MistProtected[] = {
    0x39, 0x20, 0x00, 0x10, 0x62, 0x00, 0x12, 0x40, 0x00, 0x3c
};

const u8 BattleScript_RageIsBuilding[] = {
    0x10, 0x83, 0x00, 0x12, 0x40, 0x00, 0x3c
};

const u8 BattleScript_MoveUsedIsDisabled[] = {
    0x10, 0x85, 0x00, 0x12, 0x40, 0x00, 0x28, 0x08, 0x00, 0x00, 0x00
};

const u8 BattleScript_SelectingDisabledMove[] = {
    0x11, 0x85, 0x00, 0x44
};

const u8 BattleScript_DisabledNoMore[] = {
    0x10, 0x86, 0x00, 0x12, 0x40, 0x00, 0x3e
};

const u8 BattleScript_EncoredNoMore[] = {
    0x10, 0x88, 0x00, 0x12, 0x40, 0x00, 0x3e
};

const u8 BattleScript_DestinyBondTakesLife[] = {
    0x10, 0x8c, 0x00, 0x12, 0x40, 0x00, 0x35, 0x02, 0x00, 0x00, 0x00, 0x00, 0x01, 0x10, 0x00, 0x0b, 0x01, 0x0c, 0x01, 0x19, 0x01, 0x00, 0x05, 0x00, 0x00, 0x00, 0x3c
};

const u8 BattleScript_SpikesOnAttacker[] = {
    0x35, 0x02, 0x00, 0x00, 0x00, 0x00, 0x01, 0x10, 0x00, 0x0b, 0x01, 0x0c, 0x01, 0x41, 0x10, 0x01, 0x00, 0x00, 0x19, 0x01, 0x00, 0x05, 0x00, 0x00, 0x00, 0x19, 0x01, 0x01, 0x11, 0x01, 0x00, 0x00, 0x3c
};

const u8 BattleScript_SpikesOnAttackerFainted[] = {
    0x2e, 0xdb, 0x00, 0x00, 0x00, 0x00, 0x23, 0x01, 0x2e, 0x06, 0x00, 0x00, 0x00, 0x00, 0x49, 0x00, 0x00, 0x28, 0x12, 0x01, 0x00, 0x00
};

const u8 BattleScript_SpikesOnTarget[] = {
    0x35, 0x02, 0x00, 0x00, 0x00, 0x00, 0x01, 0x10, 0x00, 0x0b, 0x00, 0x0c, 0x00, 0x41, 0x10, 0x01, 0x00, 0x00, 0x19, 0x00, 0x00, 0x05, 0x00, 0x00, 0x00, 0x19, 0x00, 0x01, 0x13, 0x01, 0x00, 0x00, 0x3c
};

const u8 BattleScript_SpikesOnTargetFainted[] = {
    0x2e, 0xdb, 0x00, 0x00, 0x00, 0x00, 0x23, 0x00, 0x2e, 0x06, 0x00, 0x00, 0x00, 0x00, 0x49, 0x00, 0x00, 0x28, 0x12, 0x01, 0x00, 0x00
};

const u8 BattleScript_SpikesOnFaintedBattler[] = {
    0x35, 0x02, 0x00, 0x00, 0x00, 0x00, 0x01, 0x10, 0x00, 0x0b, 0x03, 0x0c, 0x03, 0x41, 0x10, 0x01, 0x00, 0x00, 0x19, 0x03, 0x00, 0x05, 0x00, 0x00, 0x00, 0x19, 0x03, 0x01, 0x14, 0x01, 0x00, 0x00, 0x3c
};

const u8 BattleScript_SpikesOnFaintedBattlerFainted[] = {
    0x2e, 0xdb, 0x00, 0x00, 0x00, 0x00, 0x23, 0x03, 0x2e, 0x06, 0x00, 0x00, 0x00, 0x00, 0x49, 0x00, 0x00, 0x28, 0x12, 0x01, 0x00, 0x00
};

const u8 BattleScript_PrintHurtBySpikes[] = {
    0x10, 0x95, 0x00, 0x12, 0x40, 0x00, 0x3c
};

const u8 BattleScript_PerishSongTakesLife[] = {
    0x10, 0x97, 0x00, 0x12, 0x40, 0x00, 0x35, 0x02, 0x00, 0x00, 0x00, 0x00, 0x01, 0x10, 0x00, 0x0b, 0x01, 0x0c, 0x01, 0x19, 0x01, 0x00, 0x05, 0x00, 0x00, 0x00, 0x3e
};

const u8 BattleScript_PerishSongCountGoesDown[] = {
    0x10, 0x97, 0x00, 0x12, 0x40, 0x00, 0x3e
};

const u8 BattleScript_AllStatsUp[] = {
    0x20, 0x01, 0x03, 0x01, 0x0c, 0x15, 0x01, 0x00, 0x00, 0x20, 0x01, 0x03, 0x02, 0x0c, 0x15, 0x01, 0x00, 0x00, 0x20, 0x01, 0x03, 0x03, 0x0c, 0x15, 0x01, 0x00, 0x00, 0x20, 0x01, 0x03, 0x04, 0x0c, 0x15, 0x01, 0x00, 0x00, 0x20, 0x01, 0x00, 0x05, 0x0c, 0x16, 0x01, 0x00, 0x00
};

const u8 BattleScript_AllStatsUpAtk[] = {
    0x2e, 0xb5, 0x00, 0x00, 0x00, 0x00, 0x48, 0x01, 0x3e, 0x00, 0x2e, 0x1d, 0x00, 0x00, 0x00, 0x11, 0x89, 0x41, 0x17, 0x01, 0x00, 0x00, 0x13, 0x23, 0x00, 0x00, 0x00, 0x12, 0x40, 0x00
};

const u8 BattleScript_AllStatsUpDef[] = {
    0x2e, 0x1d, 0x00, 0x00, 0x00, 0x12, 0x89, 0x41, 0x18, 0x01, 0x00, 0x00, 0x13, 0x23, 0x00, 0x00, 0x00, 0x12, 0x40, 0x00
};

const u8 BattleScript_AllStatsUpSpeed[] = {
    0x2e, 0x1d, 0x00, 0x00, 0x00, 0x13, 0x89, 0x41, 0x19, 0x01, 0x00, 0x00, 0x13, 0x23, 0x00, 0x00, 0x00, 0x12, 0x40, 0x00
};

const u8 BattleScript_AllStatsUpSpAtk[] = {
    0x2e, 0x1d, 0x00, 0x00, 0x00, 0x14, 0x89, 0x41, 0x1a, 0x01, 0x00, 0x00, 0x13, 0x23, 0x00, 0x00, 0x00, 0x12, 0x40, 0x00
};

const u8 BattleScript_AllStatsUpSpDef[] = {
    0x2e, 0x1d, 0x00, 0x00, 0x00, 0x15, 0x89, 0x41, 0x16, 0x01, 0x00, 0x00, 0x13, 0x23, 0x00, 0x00, 0x00, 0x12, 0x40, 0x00
};

const u8 BattleScript_AllStatsUpRet[] = {
    0x3c
};

const u8 BattleScript_RapidSpinAway[] = {
    0xbe, 0x3c
};

const u8 BattleScript_WrapFree[] = {
    0x10, 0x9d, 0x00, 0x12, 0x40, 0x00, 0x31, 0x3e, 0x00, 0x00, 0x00, 0x80, 0x00, 0x00, 0x00, 0x01, 0x3c
};

const u8 BattleScript_LeechSeedFree[] = {
    0x10, 0x9e, 0x00, 0x12, 0x40, 0x00, 0x3c
};

const u8 BattleScript_SpikesFree[] = {
    0x10, 0x9f, 0x00, 0x12, 0x40, 0x00, 0x3c
};

const u8 BattleScript_MonTookFutureAttack[] = {
    0x10, 0xa2, 0x00, 0x12, 0x40, 0x00, 0x29, 0x01, 0x11, 0x00, 0x00, 0x00, 0x00, 0x1b, 0x01, 0x00, 0x00, 0x01, 0x1c, 0x01, 0x00, 0x00, 0xf8, 0x00, 0x28, 0x1d, 0x01, 0x00, 0x00
};

const u8 BattleScript_CheckDoomDesireMiss[] = {
    0x01, 0x1c, 0x01, 0x00, 0x00, 0x61, 0x01
};

const u8 BattleScript_FutureAttackAnimate[] = {
    0x08, 0x29, 0x01, 0x11, 0x00, 0x00, 0x00, 0x00, 0x1e, 0x01, 0x00, 0x00, 0x45, 0x01, 0x12, 0x05, 0x00, 0x00, 0x00, 0x28, 0x1f, 0x01, 0x00, 0x00
};

const u8 BattleScript_FutureHitAnimDoomDesire[] = {
    0x45, 0x01, 0x13, 0x05, 0x00, 0x00, 0x00
};

const u8 BattleScript_DoFutureAttackHit[] = {
    0x0e, 0x5c, 0x00, 0x3a, 0x0b, 0x00, 0x0c, 0x00, 0x0f, 0x12, 0x40, 0x00, 0x19, 0x00, 0x00, 0x05, 0x00, 0x00, 0x00, 0x24, 0x20, 0x01, 0x00, 0x00
};

const u8 BattleScript_FutureAttackEnd[] = {
    0x2e, 0x06, 0x00, 0x00, 0x00, 0x00, 0x49, 0x01, 0x00, 0x2e, 0x06, 0x00, 0x00, 0x00, 0x0b, 0x49, 0x02, 0x0e, 0x2e, 0x07, 0x00, 0x00, 0x00, 0x00, 0x3e
};

const u8 BattleScript_FutureAttackMiss[] = {
    0x39, 0x20, 0x00, 0x2e, 0x07, 0x00, 0x00, 0x00, 0x00, 0x33, 0x07, 0x00, 0x00, 0x00, 0x20, 0x0f, 0x12, 0x40, 0x00, 0x2e, 0x07, 0x00, 0x00, 0x00, 0x00, 0x3e
};

const u8 BattleScript_NoMovesLeft[] = {
    0x11, 0xa8, 0x00, 0x44
};

const u8 BattleScript_SelectingMoveWithNoPP[] = {
    0x11, 0xff, 0x00, 0x44
};

const u8 BattleScript_NoPPForMove[] = {
    0x02, 0x39, 0x20, 0x00, 0x10, 0x00, 0x01, 0x12, 0x40, 0x00, 0x28, 0x08, 0x00, 0x00, 0x00
};

const u8 BattleScript_SelectingTormentedMove[] = {
    0x11, 0xaa, 0x00, 0x44, 0x10, 0xaa, 0x00, 0x12, 0x40, 0x00, 0x28, 0x08, 0x00, 0x00, 0x00
};

const u8 BattleScript_SelectingNotAllowedMoveTaunt[] = {
    0x11, 0xad, 0x00, 0x44
};

const u8 BattleScript_MoveUsedIsTaunted[] = {
    0x10, 0xad, 0x00, 0x12, 0x40, 0x00, 0x28, 0x08, 0x00, 0x00, 0x00
};

const u8 BattleScript_WishComesTrue[] = {
    0xd4, 0x01, 0x21, 0x01, 0x00, 0x00, 0x45, 0x00, 0x16, 0x05, 0x00, 0x00, 0x00, 0x10, 0xb2, 0x00, 0x12, 0x40, 0x00, 0x35, 0x02, 0x00, 0x00, 0x00, 0x00, 0x01, 0x00, 0x00, 0x0b, 0x00, 0x0c, 0x00, 0x10, 0x4b, 0x00, 0x12, 0x40, 0x00, 0x3e
};

const u8 BattleScript_WishButFullHp[] = {
    0x10, 0xb2, 0x00, 0x12, 0x40, 0x00, 0x39, 0x20, 0x00, 0x10, 0x4c, 0x00, 0x12, 0x40, 0x00, 0x3e
};

const u8 BattleScript_IngrainTurnHeal[] = {
    0x45, 0x01, 0x15, 0x05, 0x00, 0x00, 0x00, 0x10, 0xb4, 0x00, 0x12, 0x40, 0x00, 0x35, 0x02, 0x00, 0x00, 0x00, 0x00, 0x01, 0x00, 0x00, 0x0b, 0x01, 0x0c, 0x01, 0x3e
};

const u8 BattleScript_PrintMonIsRooted[] = {
    0x39, 0x20, 0x00, 0x10, 0xb5, 0x00, 0x12, 0x40, 0x00, 0x28, 0x08, 0x00, 0x00, 0x00
};

const u8 BattleScript_AtkDefDown[] = {
    0x2e, 0xb5, 0x00, 0x00, 0x00, 0x00, 0x48, 0x01, 0x06, 0x0d, 0x48, 0x01, 0x02, 0x09, 0x2e, 0x1d, 0x00, 0x00, 0x00, 0x91, 0x89, 0xc1, 0x22, 0x01, 0x00, 0x00, 0x29, 0x00, 0x11, 0x00, 0x00, 0x00, 0x02, 0x22, 0x01, 0x00, 0x00, 0x13, 0x29, 0x00, 0x00, 0x00, 0x12, 0x40, 0x00
};

const u8 BattleScript_AtkDefDownAtkFail[] = {
    0x48, 0x01, 0x04, 0x09, 0x2e, 0x1d, 0x00, 0x00, 0x00, 0x92, 0x89, 0xc1, 0x23, 0x01, 0x00, 0x00, 0x29, 0x00, 0x11, 0x00, 0x00, 0x00, 0x02, 0x23, 0x01, 0x00, 0x00, 0x13, 0x29, 0x00, 0x00, 0x00, 0x12, 0x40, 0x00
};

const u8 BattleScript_AtkDefDownDefFail[] = {
    0x3c
};

const u8 BattleScript_KnockedOff[] = {
    0x45, 0x00, 0x05, 0x05, 0x00, 0x00, 0x00, 0x10, 0xb7, 0x00, 0x12, 0x40, 0x00, 0x3c
};

const u8 BattleScript_MoveUsedIsImprisoned[] = {
    0x10, 0xba, 0x00, 0x12, 0x40, 0x00, 0x28, 0x08, 0x00, 0x00, 0x00
};

const u8 BattleScript_SelectingImprisonedMove[] = {
    0x11, 0xba, 0x00, 0x44
};

const u8 BattleScript_GrudgeTakesPp[] = {
    0x10, 0xbc, 0x00, 0x12, 0x40, 0x00, 0x3c
};

const u8 BattleScript_MagicCoatBounce[] = {
    0x02, 0x03, 0x39, 0x20, 0x00, 0x10, 0xbe, 0x00, 0x12, 0x40, 0x00, 0x35, 0x02, 0x00, 0x00, 0x00, 0x00, 0x0c, 0x80, 0x00, 0x76, 0x01, 0x01, 0x3c
};

const u8 BattleScript_SnatchedMove[] = {
    0x02, 0x03, 0xed, 0x45, 0x00, 0x11, 0x05, 0x00, 0x00, 0x00, 0x10, 0xc0, 0x00, 0x12, 0x40, 0x00, 0x35, 0x02, 0x00, 0x00, 0x00, 0x00, 0x0c, 0x80, 0x00, 0x5f, 0x3c
};

const u8 BattleScript_EnduredMsg[] = {
    0x10, 0x99, 0x00, 0x12, 0x40, 0x00, 0x3c
};

const u8 BattleScript_OneHitKOMsg[] = {
    0x10, 0xda, 0x00, 0x12, 0x40, 0x00, 0x3c
};

const u8 BattleScript_SAtkDown2[] = {
    0x2e, 0xb5, 0x00, 0x00, 0x00, 0x00, 0x48, 0x01, 0x10, 0x0b, 0x2e, 0x1d, 0x00, 0x00, 0x00, 0xa4, 0x89, 0xc1, 0x24, 0x01, 0x00, 0x00, 0x29, 0x00, 0x11, 0x00, 0x00, 0x00, 0x02, 0x24, 0x01, 0x00, 0x00, 0x13, 0x29, 0x00, 0x00, 0x00, 0x12, 0x40, 0x00
};

const u8 BattleScript_SAtkDown2End[] = {
    0x3c
};

const u8 BattleScript_FocusPunchSetUp[] = {
    0x10, 0x30, 0x01, 0x12, 0x01, 0x00, 0x45, 0x01, 0x14, 0x05, 0x00, 0x00, 0x00, 0x10, 0xab, 0x00, 0x12, 0x40, 0x00, 0x3e
};

const u8 BattleScript_MoveUsedIsAsleep[] = {
    0x10, 0x6b, 0x00, 0x12, 0x40, 0x00, 0x64, 0x01, 0x28, 0x08, 0x00, 0x00, 0x00
};

const u8 BattleScript_MoveUsedWokeUp[] = {
    0x38, 0x02, 0x00, 0x00, 0x00, 0x10, 0x00, 0x00, 0x00, 0x13, 0x25, 0x01, 0x00, 0x00, 0x12, 0x40, 0x00, 0x98, 0x01, 0x3c
};

const u8 BattleScript_MonWokeUpInUproar[] = {
    0x10, 0x6e, 0x00, 0x12, 0x40, 0x00, 0x98, 0x01, 0x3e
};

const u8 BattleScript_PoisonTurnDmg[] = {
    0x10, 0x2a, 0x00, 0x12, 0x40, 0x00
};

const u8 BattleScript_DoStatusTurnDmg[] = {
    0x64, 0x01
};

const u8 BattleScript_DoTurnDmg[] = {
    0x35, 0x02, 0x00, 0x00, 0x00, 0x00, 0x01, 0x10, 0x00, 0x0b, 0x01, 0x0c, 0x01, 0x19, 0x01, 0x00, 0x05, 0x00, 0x00, 0x00, 0x24, 0x26, 0x01, 0x00, 0x00
};

const u8 BattleScript_DoTurnDmgEnd[] = {
    0x3e
};

const u8 BattleScript_BurnTurnDmg[] = {
    0x10, 0x30, 0x00, 0x12, 0x40, 0x00, 0x28, 0x27, 0x01, 0x00, 0x00
};

const u8 BattleScript_MoveUsedIsFrozen[] = {
    0x10, 0x33, 0x00, 0x12, 0x40, 0x00, 0x64, 0x01, 0x28, 0x08, 0x00, 0x00, 0x00
};

const u8 BattleScript_MoveUsedUnfroze[] = {
    0x13, 0x28, 0x01, 0x00, 0x00, 0x12, 0x40, 0x00, 0x98, 0x01, 0x3c
};

const u8 BattleScript_DefrostedViaFireMove[] = {
    0x10, 0x34, 0x00, 0x12, 0x40, 0x00, 0x98, 0x00, 0x3c
};

const u8 BattleScript_MoveUsedIsParalyzed[] = {
    0x10, 0x39, 0x00, 0x12, 0x40, 0x00, 0x64, 0x01, 0x76, 0x01, 0x00, 0x28, 0x08, 0x00, 0x00, 0x00
};

const u8 BattleScript_MoveUsedFlinched[] = {
    0x10, 0x4a, 0x00, 0x12, 0x40, 0x00, 0x28, 0x08, 0x00, 0x00, 0x00
};

const u8 BattleScript_PrintUproarOverTurns[] = {
    0x13, 0x29, 0x01, 0x00, 0x00, 0x12, 0x40, 0x00, 0x3e
};

const u8 BattleScript_ThrashConfuses[] = {
    0x66, 0x01, 0x01, 0x07, 0x00, 0x00, 0x00, 0x10, 0x7a, 0x00, 0x12, 0x40, 0x00, 0x3e
};

const u8 BattleScript_MoveUsedIsConfused[] = {
    0x10, 0x41, 0x00, 0x12, 0x40, 0x00, 0x65, 0x01, 0x07, 0x00, 0x00, 0x00, 0x29, 0x00, 0x11, 0x00, 0x00, 0x00, 0x00, 0x2a, 0x01, 0x00, 0x00
};

const u8 BattleScript_DoSelfConfusionDmg[] = {
    0x76, 0x01, 0x00, 0x08, 0x10, 0xe6, 0x00, 0x12, 0x40, 0x00, 0x0e, 0x5c, 0x01, 0x3a, 0x35, 0x02, 0x00, 0x00, 0x00, 0x00, 0x01, 0x10, 0x00, 0x0b, 0x01, 0x0c, 0x01, 0x0f, 0x12, 0x40, 0x00, 0x19, 0x01, 0x00, 0x05, 0x00, 0x00, 0x00, 0x28, 0x08, 0x00, 0x00, 0x00
};

const u8 BattleScript_MoveUsedIsConfusedRet[] = {
    0x3c
};

const u8 BattleScript_MoveUsedIsConfusedNoMore[] = {
    0x10, 0x42, 0x00, 0x12, 0x40, 0x00, 0x3c
};

const u8 BattleScript_PrintPayDayMoneyString[] = {
    0x10, 0x7b, 0x00, 0x12, 0x40, 0x00, 0x3c
};

const u8 BattleScript_WrapTurnDmg[] = {
    0x45, 0x01, 0x06, 0x22, 0x00, 0x00, 0x00, 0x10, 0x5e, 0x00, 0x12, 0x40, 0x00, 0x28, 0x2b, 0x01, 0x00, 0x00
};

const u8 BattleScript_WrapEnds[] = {
    0x10, 0x5f, 0x00, 0x12, 0x40, 0x00, 0x3e
};

const u8 BattleScript_MoveUsedIsInLove[] = {
    0x10, 0x46, 0x00, 0x12, 0x40, 0x00, 0x65, 0x01, 0x00, 0x00, 0x0f, 0x00, 0x3c
};

const u8 BattleScript_MoveUsedIsInLoveCantAttack[] = {
    0x10, 0x47, 0x00, 0x12, 0x40, 0x00, 0x28, 0x08, 0x00, 0x00, 0x00
};

const u8 BattleScript_NightmareTurnDmg[] = {
    0x10, 0x91, 0x00, 0x12, 0x40, 0x00, 0x65, 0x01, 0x00, 0x00, 0x00, 0x08, 0x28, 0x2b, 0x01, 0x00, 0x00
};

const u8 BattleScript_CurseTurnDmg[] = {
    0x10, 0x93, 0x00, 0x12, 0x40, 0x00, 0x65, 0x01, 0x00, 0x00, 0x00, 0x10, 0x28, 0x2b, 0x01, 0x00, 0x00
};

const u8 BattleScript_TargetPRLZHeal[] = {
    0x10, 0x3b, 0x00, 0x12, 0x40, 0x00, 0x98, 0x00, 0x3c
};

const u8 BattleScript_TooScaredToMove[] = {
    0x10, 0x7a, 0x01, 0x12, 0x40, 0x00, 0x45, 0x01, 0x17, 0x05, 0x00, 0x00, 0x00, 0x28, 0x08, 0x00, 0x00, 0x00
};

const u8 BattleScript_GhostGetOutGetOut[] = {
    0x10, 0x7b, 0x01, 0x45, 0x01, 0x18, 0x05, 0x00, 0x00, 0x00, 0x28, 0x08, 0x00, 0x00, 0x00
};

const u8 BattleScript_SilphScopeUnveiled[] = {
    0x39, 0x20, 0x00, 0x10, 0x7c, 0x01, 0x3a, 0x45, 0x0c, 0x19, 0x05, 0x00, 0x00, 0x00, 0x39, 0x20, 0x00, 0x10, 0x7d, 0x01, 0x12, 0x40, 0x00, 0x3e
};

const u8 BattleScript_MoveEffectSleep[] = {
    0x64, 0x02, 0x13, 0x2c, 0x01, 0x00, 0x00, 0x12, 0x40, 0x00
};

const u8 BattleScript_UpdateEffectStatusIconRet[] = {
    0x98, 0x02, 0x3a, 0x3c
};

const u8 BattleScript_YawnMakesAsleep[] = {
    0x64, 0x02, 0x10, 0x23, 0x00, 0x12, 0x40, 0x00, 0x98, 0x02, 0x3a, 0x6f, 0x02, 0x3e
};

const u8 BattleScript_MoveEffectPoison[] = {
    0x64, 0x02, 0x13, 0x2d, 0x01, 0x00, 0x00, 0x12, 0x40, 0x00, 0x28, 0x2e, 0x01, 0x00, 0x00
};

const u8 BattleScript_MoveEffectBurn[] = {
    0x64, 0x02, 0x13, 0x2f, 0x01, 0x00, 0x00, 0x12, 0x40, 0x00, 0x28, 0x2e, 0x01, 0x00, 0x00
};

const u8 BattleScript_MoveEffectFreeze[] = {
    0x64, 0x02, 0x13, 0x30, 0x01, 0x00, 0x00, 0x12, 0x40, 0x00, 0x28, 0x2e, 0x01, 0x00, 0x00
};

const u8 BattleScript_MoveEffectParalysis[] = {
    0x64, 0x02, 0x13, 0x31, 0x01, 0x00, 0x00, 0x12, 0x40, 0x00, 0x28, 0x2e, 0x01, 0x00, 0x00
};

const u8 BattleScript_MoveEffectUproar[] = {
    0x10, 0x6f, 0x00, 0x12, 0x40, 0x00, 0x3c
};

const u8 BattleScript_MoveEffectToxic[] = {
    0x64, 0x02, 0x10, 0x2c, 0x00, 0x12, 0x40, 0x00, 0x28, 0x2e, 0x01, 0x00, 0x00
};

const u8 BattleScript_MoveEffectPayDay[] = {
    0x10, 0xfa, 0x00, 0x12, 0x40, 0x00, 0x3c
};

const u8 BattleScript_MoveEffectWrap[] = {
    0x13, 0x32, 0x01, 0x00, 0x00, 0x12, 0x40, 0x00, 0x3c
};

const u8 BattleScript_MoveEffectConfusion[] = {
    0x66, 0x02, 0x01, 0x07, 0x00, 0x00, 0x00, 0x10, 0x43, 0x00, 0x12, 0x40, 0x00, 0x3c
};

const u8 BattleScript_MoveEffectRecoil[] = {
    0x2a, 0x00, 0x00, 0x00, 0x00, 0x00, 0xa5, 0x00, 0x33, 0x01, 0x00, 0x00, 0x1e, 0x01, 0x45, 0x34, 0x01, 0x00, 0x00
};

const u8 BattleScript_DoRecoil[] = {
    0x35, 0x02, 0x00, 0x00, 0x00, 0x00, 0x01, 0x10, 0x00, 0x0b, 0x01, 0x0c, 0x01, 0x10, 0x64, 0x00, 0x12, 0x40, 0x00, 0x19, 0x01, 0x00, 0x05, 0x00, 0x00, 0x00
};

const u8 BattleScript_RecoilEnd[] = {
    0x3c
};

const u8 BattleScript_ItemSteal[] = {
    0x45, 0x00, 0x10, 0x05, 0x00, 0x00, 0x00, 0x10, 0x8e, 0x00, 0x12, 0x40, 0x00, 0x3c
};

const u8 BattleScript_DrizzleActivates[] = {
    0x39, 0x20, 0x00, 0x10, 0xc1, 0x00, 0x3a, 0x45, 0x07, 0x0a, 0x05, 0x00, 0x00, 0x00, 0x41, 0x8d, 0x00, 0x00, 0x00, 0x3f
};

const u8 BattleScript_SpeedBoostActivates[] = {
    0x45, 0x01, 0x01, 0x22, 0x00, 0x00, 0x00, 0x10, 0xc2, 0x00, 0x12, 0x40, 0x00, 0x3f
};

const u8 BattleScript_TraceActivates[] = {
    0x39, 0x20, 0x00, 0x10, 0xd0, 0x00, 0x12, 0x40, 0x00, 0x3f
};

const u8 BattleScript_RainDishActivates[] = {
    0x10, 0x33, 0x01, 0x12, 0x40, 0x00, 0x35, 0x02, 0x00, 0x00, 0x00, 0x00, 0x01, 0x00, 0x00, 0x0b, 0x01, 0x0c, 0x01, 0x3f
};

const u8 BattleScript_SandstreamActivates[] = {
    0x39, 0x20, 0x00, 0x10, 0x34, 0x01, 0x3a, 0x45, 0x07, 0x0c, 0x05, 0x00, 0x00, 0x00, 0x41, 0x8d, 0x00, 0x00, 0x00, 0x3f
};

const u8 BattleScript_ShedSkinActivates[] = {
    0x10, 0x38, 0x01, 0x12, 0x40, 0x00, 0x98, 0x01, 0x3f
};

const u8 BattleScript_WeatherFormChanges[] = {
    0x2e, 0x80, 0x00, 0x00, 0x00, 0x00
};

const u8 BattleScript_WeatherFormChangesLoop[] = {
    0xe7, 0x2f, 0x80, 0x00, 0x00, 0x00, 0x01, 0x2d, 0x80, 0x00, 0x00, 0x00, 0x82, 0x00, 0x00, 0x00, 0x01, 0x35, 0x01, 0x00, 0x00, 0x3c
};

const u8 BattleScript_CastformChange[] = {
    0x41, 0x36, 0x01, 0x00, 0x00, 0x3f
};

const u8 BattleScript_DoCastformChangeAnim[] = {
    0xe6, 0x3a, 0x10, 0x3a, 0x01, 0x12, 0x40, 0x00, 0x3c
};

const u8 BattleScript_IntimidateActivatesEnd3[] = {
    0x41, 0x37, 0x01, 0x00, 0x00, 0x3f
};

const u8 BattleScript_DoIntimidateActivationAnim[] = {
    0x39, 0x20, 0x00
};

const u8 BattleScript_IntimidateActivates[] = {
    0x2e, 0x3e, 0x00, 0x00, 0x00, 0x00, 0x2e, 0x1d, 0x00, 0x00, 0x00, 0x91
};

const u8 BattleScript_IntimidateActivationAnimLoop[] = {
    0xe1, 0x38, 0x01, 0x00, 0x00, 0x1d, 0x00, 0x00, 0x00, 0x00, 0x01, 0x39, 0x01, 0x00, 0x00, 0x1e, 0x00, 0x1d, 0x3a, 0x01, 0x00, 0x00, 0x1e, 0x00, 0x34, 0x3a, 0x01, 0x00, 0x00, 0x1e, 0x00, 0x49, 0x3a, 0x01, 0x00, 0x00, 0x89, 0x21, 0x39, 0x01, 0x00, 0x00, 0x29, 0x02, 0x11, 0x00, 0x00, 0x00, 0x01, 0x39, 0x01, 0x00, 0x00, 0x47, 0x45, 0x00, 0x01, 0x22, 0x00, 0x00, 0x00, 0x10, 0xcd, 0x00, 0x12, 0x40, 0x00
};

const u8 BattleScript_IntimidateFail[] = {
    0x2f, 0x3e, 0x00, 0x00, 0x00, 0x01, 0x28, 0x3b, 0x01, 0x00, 0x00
};

const u8 BattleScript_IntimidateEnd[] = {
    0x3c
};

const u8 BattleScript_IntimidateAbilityFail[] = {
    0x39, 0x20, 0x00, 0x10, 0x55, 0x01, 0x12, 0x40, 0x00, 0x28, 0x39, 0x01, 0x00, 0x00
};

const u8 BattleScript_DroughtActivates[] = {
    0x39, 0x20, 0x00, 0x10, 0x4b, 0x01, 0x3a, 0x45, 0x07, 0x0b, 0x05, 0x00, 0x00, 0x00, 0x41, 0x8d, 0x00, 0x00, 0x00, 0x3f
};

const u8 BattleScript_TookAttack[] = {
    0x02, 0x39, 0x20, 0x00, 0x10, 0x4e, 0x01, 0x12, 0x40, 0x00, 0x35, 0x02, 0x00, 0x00, 0x00, 0x00, 0x04, 0x00, 0x00, 0x3c
};

const u8 BattleScript_SturdyPreventsOHKO[] = {
    0x39, 0x20, 0x00, 0x10, 0xc3, 0x00, 0x39, 0x40, 0x00, 0x28, 0x08, 0x00, 0x00, 0x00
};

const u8 BattleScript_DampStopsExplosion[] = {
    0x39, 0x20, 0x00, 0x10, 0xc4, 0x00, 0x39, 0x40, 0x00, 0x28, 0x08, 0x00, 0x00, 0x00
};

const u8 BattleScript_MoveHPDrain_PPLoss[] = {
    0x03
};

const u8 BattleScript_MoveHPDrain[] = {
    0x02, 0x39, 0x20, 0x00, 0x35, 0x02, 0x00, 0x00, 0x00, 0x00, 0x01, 0x00, 0x00, 0x0b, 0x00, 0x0c, 0x00, 0x10, 0xc5, 0x00, 0x12, 0x40, 0x00, 0x33, 0x07, 0x00, 0x00, 0x00, 0x08, 0x28, 0x08, 0x00, 0x00, 0x00
};

const u8 BattleScript_MonMadeMoveUseless_PPLoss[] = {
    0x03
};

const u8 BattleScript_MonMadeMoveUseless[] = {
    0x02, 0x39, 0x20, 0x00, 0x10, 0x47, 0x01, 0x12, 0x40, 0x00, 0x33, 0x07, 0x00, 0x00, 0x00, 0x08, 0x28, 0x08, 0x00, 0x00, 0x00
};

const u8 BattleScript_FlashFireBoost_PPLoss[] = {
    0x03
};

const u8 BattleScript_FlashFireBoost[] = {
    0x02, 0x39, 0x20, 0x00, 0x13, 0x3c, 0x01, 0x00, 0x00, 0x12, 0x40, 0x00, 0x28, 0x08, 0x00, 0x00, 0x00
};

const u8 BattleScript_AbilityPreventsPhasingOut[] = {
    0x39, 0x20, 0x00, 0x10, 0xcc, 0x00, 0x12, 0x40, 0x00, 0x28, 0x08, 0x00, 0x00, 0x00
};

const u8 BattleScript_AbilityNoStatLoss[] = {
    0x39, 0x20, 0x00, 0x10, 0xce, 0x00, 0x12, 0x40, 0x00, 0x3c
};

const u8 BattleScript_BRNPrevention[] = {
    0x39, 0x20, 0x00, 0x13, 0x3d, 0x01, 0x00, 0x00, 0x12, 0x40, 0x00, 0x3c
};

const u8 BattleScript_PRLZPrevention[] = {
    0x39, 0x20, 0x00, 0x13, 0x3e, 0x01, 0x00, 0x00, 0x12, 0x40, 0x00, 0x3c
};

const u8 BattleScript_PSNPrevention[] = {
    0x39, 0x20, 0x00, 0x13, 0x3f, 0x01, 0x00, 0x00, 0x12, 0x40, 0x00, 0x3c
};

const u8 BattleScript_ObliviousPreventsAttraction[] = {
    0x39, 0x20, 0x00, 0x10, 0xc8, 0x00, 0x12, 0x40, 0x00, 0x28, 0x08, 0x00, 0x00, 0x00
};

const u8 BattleScript_FlinchPrevention[] = {
    0x39, 0x20, 0x00, 0x10, 0x5b, 0x01, 0x12, 0x40, 0x00, 0x28, 0x08, 0x00, 0x00, 0x00
};

const u8 BattleScript_OwnTempoPrevents[] = {
    0x39, 0x20, 0x00, 0x10, 0xca, 0x00, 0x12, 0x40, 0x00, 0x28, 0x08, 0x00, 0x00, 0x00
};

const u8 BattleScript_SoundproofProtected[] = {
    0x02, 0x03, 0x39, 0x20, 0x00, 0x10, 0x32, 0x01, 0x12, 0x40, 0x00, 0x28, 0x08, 0x00, 0x00, 0x00
};

const u8 BattleScript_AbilityNoSpecificStatLoss[] = {
    0x39, 0x20, 0x00, 0x10, 0x35, 0x01, 0x12, 0x40, 0x00, 0x2e, 0x11, 0x00, 0x00, 0x00, 0x03, 0x3c
};

const u8 BattleScript_StickyHoldActivates[] = {
    0x39, 0x20, 0x00, 0x10, 0x37, 0x01, 0x12, 0x40, 0x00, 0x28, 0x08, 0x00, 0x00, 0x00
};

const u8 BattleScript_ColorChangeActivates[] = {
    0x10, 0xc6, 0x00, 0x12, 0x40, 0x00, 0x3c
};

const u8 BattleScript_RoughSkinActivates[] = {
    0x35, 0x02, 0x00, 0x00, 0x00, 0x00, 0x01, 0x10, 0x00, 0x0b, 0x01, 0x0c, 0x01, 0x10, 0xcf, 0x00, 0x12, 0x40, 0x00, 0x19, 0x01, 0x00, 0x05, 0x00, 0x00, 0x00, 0x3c
};

const u8 BattleScript_CuteCharmActivates[] = {
    0x65, 0x01, 0x00, 0x00, 0x0f, 0x00, 0x10, 0x36, 0x01, 0x12, 0x40, 0x00, 0x3c
};

const u8 BattleScript_ApplySecondaryEffect[] = {
    0x3a, 0x17, 0x3c
};

const u8 BattleScript_SynchronizeActivates[] = {
    0x3a, 0x16, 0x3c
};

const u8 BattleScript_AbilityCuredStatus[] = {
    0x10, 0x64, 0x01, 0x12, 0x40, 0x00, 0x98, 0x0a, 0x3c
};

const u8 BattleScript_IgnoresWhileAsleep[] = {
    0x10, 0x13, 0x01, 0x12, 0x40, 0x00, 0x2e, 0x06, 0x00, 0x00, 0x00, 0x00, 0x49, 0x02, 0x10, 0x3d
};

const u8 BattleScript_IgnoresAndUsesRandomMove[] = {
    0x10, 0x14, 0x01, 0x12, 0x40, 0x00, 0x63, 0x00
};

const u8 BattleScript_MoveUsedLoafingAround[] = {
    0x13, 0x40, 0x01, 0x00, 0x00, 0x12, 0x40, 0x00, 0x2e, 0x06, 0x00, 0x00, 0x00, 0x00, 0x49, 0x02, 0x10, 0x3d
};

const u8 BattleScript_IgnoresAndFallsAsleep[] = {
    0x10, 0x15, 0x01, 0x12, 0x40, 0x00, 0x2e, 0x0d, 0x00, 0x00, 0x00, 0x41, 0x16, 0x2e, 0x06, 0x00, 0x00, 0x00, 0x00, 0x49, 0x02, 0x10, 0x3d
};

const u8 BattleScript_IgnoresAndHitsItself[] = {
    0x10, 0x17, 0x01, 0x12, 0x40, 0x00, 0x28, 0x41, 0x01, 0x00, 0x00
};

const u8 BattleScript_SubstituteFade[] = {
    0x45, 0x00, 0x02, 0x05, 0x00, 0x00, 0x00, 0x10, 0x81, 0x00, 0x3c
};

const u8 BattleScript_BerryCurePrlzEnd2[] = {
    0x41, 0x42, 0x01, 0x00, 0x00, 0x3e
};

const u8 BattleScript_BerryCureParRet[] = {
    0x45, 0x0a, 0x07, 0x05, 0x00, 0x00, 0x00, 0x10, 0x23, 0x01, 0x12, 0x40, 0x00, 0x98, 0x0a, 0x6a, 0x0a, 0x3c
};

const u8 BattleScript_BerryCurePsnEnd2[] = {
    0x41, 0x43, 0x01, 0x00, 0x00, 0x3e
};

const u8 BattleScript_BerryCurePsnRet[] = {
    0x45, 0x0a, 0x07, 0x05, 0x00, 0x00, 0x00, 0x10, 0x24, 0x01, 0x12, 0x40, 0x00, 0x98, 0x0a, 0x6a, 0x0a, 0x3c
};

const u8 BattleScript_BerryCureBrnEnd2[] = {
    0x41, 0x44, 0x01, 0x00, 0x00, 0x3e
};

const u8 BattleScript_BerryCureBrnRet[] = {
    0x45, 0x0a, 0x07, 0x05, 0x00, 0x00, 0x00, 0x10, 0x25, 0x01, 0x12, 0x40, 0x00, 0x98, 0x0a, 0x6a, 0x0a, 0x3c
};

const u8 BattleScript_BerryCureFrzEnd2[] = {
    0x41, 0x45, 0x01, 0x00, 0x00, 0x3e
};

const u8 BattleScript_BerryCureFrzRet[] = {
    0x45, 0x0a, 0x07, 0x05, 0x00, 0x00, 0x00, 0x10, 0x26, 0x01, 0x12, 0x40, 0x00, 0x98, 0x0a, 0x6a, 0x0a, 0x3c
};

const u8 BattleScript_BerryCureSlpEnd2[] = {
    0x41, 0x46, 0x01, 0x00, 0x00, 0x3e
};

const u8 BattleScript_BerryCureSlpRet[] = {
    0x45, 0x0a, 0x07, 0x05, 0x00, 0x00, 0x00, 0x10, 0x27, 0x01, 0x12, 0x40, 0x00, 0x98, 0x0a, 0x6a, 0x0a, 0x3c
};

const u8 BattleScript_BerryCureConfusionEnd2[] = {
    0x41, 0x47, 0x01, 0x00, 0x00, 0x3e
};

const u8 BattleScript_BerryCureConfusionRet[] = {
    0x45, 0x0a, 0x07, 0x05, 0x00, 0x00, 0x00, 0x10, 0x28, 0x01, 0x12, 0x40, 0x00, 0x6a, 0x0a, 0x3c
};

const u8 BattleScript_BerryCureChosenStatusEnd2[] = {
    0x41, 0x48, 0x01, 0x00, 0x00, 0x3e
};

const u8 BattleScript_BerryCureChosenStatusRet[] = {
    0x45, 0x0a, 0x07, 0x05, 0x00, 0x00, 0x00, 0x13, 0x49, 0x01, 0x00, 0x00, 0x12, 0x40, 0x00, 0x98, 0x0a, 0x6a, 0x0a, 0x3c
};

const u8 BattleScript_WhiteHerbEnd2[] = {
    0x41, 0x4a, 0x01, 0x00, 0x00, 0x3e
};

const u8 BattleScript_WhiteHerbRet[] = {
    0x45, 0x0a, 0x07, 0x05, 0x00, 0x00, 0x00, 0x10, 0x2c, 0x01, 0x12, 0x40, 0x00, 0x6a, 0x0a, 0x3c
};

const u8 BattleScript_ItemHealHP_RemoveItem[] = {
    0x45, 0x01, 0x07, 0x05, 0x00, 0x00, 0x00, 0x10, 0x2a, 0x01, 0x12, 0x40, 0x00, 0x35, 0x02, 0x00, 0x00, 0x00, 0x00, 0x01, 0x00, 0x00, 0x0b, 0x01, 0x0c, 0x01, 0x6a, 0x01, 0x3e
};

const u8 BattleScript_BerryPPHealEnd2[] = {
    0x45, 0x01, 0x07, 0x05, 0x00, 0x00, 0x00, 0x10, 0x2b, 0x01, 0x12, 0x40, 0x00, 0x6a, 0x01, 0x3e
};

const u8 BattleScript_ItemHealHP_End2[] = {
    0x41, 0x4b, 0x01, 0x00, 0x00, 0x3e
};

const u8 BattleScript_ItemHealHP_Ret[] = {
    0x45, 0x01, 0x07, 0x05, 0x00, 0x00, 0x00, 0x10, 0x2d, 0x01, 0x12, 0x40, 0x00, 0x35, 0x02, 0x00, 0x00, 0x00, 0x00, 0x01, 0x00, 0x00, 0x0b, 0x01, 0x0c, 0x01, 0x3c
};

const u8 BattleScript_SelectingNotAllowedMoveChoiceItem[] = {
    0x11, 0x2e, 0x01, 0x44
};

const u8 BattleScript_FocusBandActivates[] = {
    0x45, 0x00, 0x09, 0x05, 0x00, 0x00, 0x00, 0x10, 0x2f, 0x01, 0x12, 0x40, 0x00, 0x3c
};

const u8 BattleScript_BerryConfuseHealEnd2[] = {
    0x45, 0x01, 0x07, 0x05, 0x00, 0x00, 0x00, 0x10, 0x2a, 0x01, 0x12, 0x40, 0x00, 0x35, 0x02, 0x00, 0x00, 0x00, 0x00, 0x01, 0x00, 0x00, 0x0b, 0x01, 0x0c, 0x01, 0x10, 0x44, 0x01, 0x12, 0x40, 0x00, 0x2e, 0x0d, 0x00, 0x00, 0x00, 0x47, 0x16, 0x6a, 0x01, 0x3e
};

const u8 BattleScript_BerryStatRaiseEnd2[] = {
    0x45, 0x01, 0x07, 0x05, 0x00, 0x00, 0x00, 0x89, 0x41, 0x4c, 0x01, 0x00, 0x00
};

const u8 BattleScript_BerryStatRaiseDoStatUp[] = {
    0x2e, 0x11, 0x00, 0x00, 0x00, 0x04, 0x41, 0x4d, 0x01, 0x00, 0x00, 0x6a, 0x01, 0x3e
};

const u8 BattleScript_BerryFocusEnergyEnd2[] = {
    0x45, 0x01, 0x07, 0x05, 0x00, 0x00, 0x00, 0x10, 0x46, 0x01, 0x12, 0x40, 0x00, 0x6a, 0x01, 0x3e
};

const u8 BattleScript_ActionSelectionItemsCantBeUsed[] = {
    0x11, 0x43, 0x01, 0x44
};

const u8 BattleScript_FlushMessageBox[] = {
    0x10, 0x30, 0x01, 0x3c
};

const u8 BattleScript_ThrowBall[] = {
    0x2b, 0x04, 0x97, 0x00, 0x00, 0x00, 0x00, 0x02, 0x00, 0x00, 0x4e, 0x01, 0x00, 0x00, 0x2b, 0x04, 0x97, 0x00, 0x00, 0x00, 0x00, 0x00, 0x01, 0x00, 0x4f, 0x01, 0x00, 0x00, 0x10, 0x01, 0x01, 0xef
};

const u8 BattleScript_OldManThrowBall[] = {
    0x10, 0x02, 0x01, 0xef
};

const u8 BattleScript_PokedudeThrowBall[] = {
    0x10, 0x73, 0x01, 0xef
};

const u8 BattleScript_ThrowSafariBall[] = {
    0x10, 0x01, 0x01, 0x98, 0x01, 0xef
};

const u8 BattleScript_SuccessBallThrow[] = {
    0x2a, 0x00, 0x50, 0x01, 0x00, 0x00, 0x05, 0x00, 0x51, 0x01, 0x00, 0x00, 0x60, 0x0b
};

const u8 BattleScript_SafariNoIncGameStat[] = {
    0x10, 0x0b, 0x01, 0xf1, 0x52, 0x01, 0x00, 0x00, 0x10, 0x0f, 0x01, 0x3a, 0x2e, 0x98, 0x00, 0x00, 0x00, 0x00, 0xf2
};

const u8 BattleScript_CaughtPokemonSkipNewDex[] = {
    0x10, 0x0d, 0x01, 0x3a, 0x2e, 0x98, 0x00, 0x00, 0x00, 0x00, 0xf3, 0x53, 0x01, 0x00, 0x00, 0xf0, 0x13, 0x54, 0x01, 0x00, 0x00, 0x12, 0x40, 0x00, 0x28, 0x55, 0x01, 0x00, 0x00
};

const u8 BattleScript_CaughtPokemonSkipNickname[] = {
    0xf0
};

const u8 BattleScript_CaughtPokemonDone[] = {
    0x2e, 0x9a, 0x00, 0x00, 0x00, 0x07, 0xf7
};

const u8 BattleScript_OldMan_Pokedude_CaughtMessage[] = {
    0x10, 0x0c, 0x01, 0x2e, 0x9a, 0x00, 0x00, 0x00, 0x07, 0x57, 0xf7
};

const u8 BattleScript_ShakeBallThrow[] = {
    0x13, 0x56, 0x01, 0x00, 0x00, 0x12, 0x40, 0x00, 0x2b, 0x05, 0x97, 0x00, 0x00, 0x00, 0x80, 0x00, 0x00, 0x00, 0x57, 0x01, 0x00, 0x00, 0x29, 0x01, 0x58, 0x01, 0x00, 0x00, 0x00, 0x57, 0x01, 0x00, 0x00, 0x10, 0x22, 0x01, 0x12, 0x40, 0x00, 0x2e, 0x9a, 0x00, 0x00, 0x00, 0x08
};

const u8 BattleScript_CatchFailEnd[] = {
    0xf6
};

const u8 BattleScript_TrainerBallBlock[] = {
    0x12, 0x40, 0x00, 0x10, 0x03, 0x01, 0x12, 0x40, 0x00, 0x10, 0x04, 0x01, 0x12, 0x40, 0x00, 0xf6
};

const u8 BattleScript_GhostBallDodge[] = {
    0x12, 0x40, 0x00, 0x10, 0x05, 0x01, 0x12, 0x40, 0x00, 0xf6
};

const u8 BattleScript_PlayerUseItem[] = {
    0x2e, 0x06, 0x00, 0x00, 0x00, 0x0f, 0x49, 0x01, 0x00, 0x3d
};

const u8 BattleScript_AIUseFullRestoreOrHpHeal[] = {
    0x10, 0x30, 0x01, 0x39, 0x30, 0x00, 0x54, 0x01, 0x00, 0x10, 0x57, 0x01, 0x12, 0x40, 0x00, 0x75, 0x35, 0x02, 0x00, 0x00, 0x00, 0x00, 0x01, 0x00, 0x00, 0x0b, 0x01, 0x0c, 0x01, 0x10, 0x2a, 0x01, 0x12, 0x40, 0x00, 0x98, 0x01, 0x2e, 0x06, 0x00, 0x00, 0x00, 0x0f, 0x49, 0x01, 0x00, 0xf6
};

const u8 BattleScript_AIUseStatRestore[] = {
    0x10, 0x30, 0x01, 0x39, 0x30, 0x00, 0x54, 0x01, 0x00, 0x10, 0x57, 0x01, 0x12, 0x40, 0x00, 0x75, 0x13, 0x59, 0x01, 0x00, 0x00, 0x12, 0x40, 0x00, 0x98, 0x01, 0x2e, 0x06, 0x00, 0x00, 0x00, 0x0f, 0x49, 0x01, 0x00, 0xf6
};

const u8 BattleScript_AIUseXstat[] = {
    0x10, 0x30, 0x01, 0x39, 0x30, 0x00, 0x54, 0x01, 0x00, 0x10, 0x57, 0x01, 0x12, 0x40, 0x00, 0x75, 0x13, 0x23, 0x00, 0x00, 0x00, 0x12, 0x40, 0x00, 0x2e, 0x06, 0x00, 0x00, 0x00, 0x0f, 0x49, 0x01, 0x00, 0xf6
};

const u8 BattleScript_AIUseGuardSpec[] = {
    0x10, 0x30, 0x01, 0x39, 0x30, 0x00, 0x54, 0x01, 0x00, 0x10, 0x57, 0x01, 0x12, 0x40, 0x00, 0x75, 0x13, 0x55, 0x00, 0x00, 0x00, 0x12, 0x40, 0x00, 0x2e, 0x06, 0x00, 0x00, 0x00, 0x0f, 0x49, 0x01, 0x00, 0xf6
};

const u8 BattleScript_UseFluffyTail[] = {
    0x54, 0x11, 0x00, 0x2e, 0x9a, 0x00, 0x00, 0x00, 0x04, 0xf7
};

const u8 BattleScript_UsePokeFlute[] = {
    0x76, 0x01, 0x0b, 0x29, 0x00, 0x11, 0x00, 0x00, 0x00, 0x01, 0x5a, 0x01, 0x00, 0x00, 0x10, 0x74, 0x01, 0x12, 0x40, 0x00, 0x28, 0x5b, 0x01, 0x00, 0x00
};

const u8 BattleScript_PokeFluteWakeUp[] = {
    0x10, 0x75, 0x01, 0x12, 0x40, 0x00, 0x55, 0x52, 0x01, 0x76, 0x01, 0x0c, 0x10, 0x76, 0x01, 0x12, 0x40, 0x00, 0x98, 0x0d, 0x3a
};

const u8 BattleScript_PokeFluteEnd[] = {
    0xf6
};

const u8 BattleScript_WatchesCarefully[] = {
    0x13, 0x5c, 0x01, 0x00, 0x00, 0x12, 0x40, 0x00, 0x45, 0x0c, 0x1b, 0x05, 0x00, 0x00, 0x00, 0x3e
};

const u8 BattleScript_ThrowRock[] = {
    0x10, 0x1b, 0x01, 0x12, 0x40, 0x00, 0x45, 0x01, 0x1a, 0x05, 0x00, 0x00, 0x00, 0x3e
};

const u8 BattleScript_ThrowBait[] = {
    0x10, 0x1c, 0x01, 0x12, 0x40, 0x00, 0x45, 0x01, 0x04, 0x05, 0x00, 0x00, 0x00, 0x3e
};

const u8 BattleScript_LeftoverWallyPrepToThrow[] = {
    0x10, 0x02, 0x00, 0x12, 0x40, 0x00, 0x4b, 0x3a, 0x53, 0x00, 0x3a, 0x10, 0x4d, 0x01, 0x12, 0x40, 0x00, 0x3e
};

const u8 *const gBattleScriptsForMoveEffects[] = {
    BattleScript_EffectHit,
    BattleScript_EffectSleep,
    BattleScript_EffectPoisonHit,
    BattleScript_EffectAbsorb,
    BattleScript_EffectBurnHit,
    BattleScript_EffectFreezeHit,
    BattleScript_EffectParalyzeHit,
    BattleScript_EffectExplosion,
    BattleScript_EffectDreamEater,
    BattleScript_EffectMirrorMove,
    BattleScript_EffectAttackUp,
    BattleScript_EffectDefenseUp,
    BattleScript_EffectHit,
    BattleScript_EffectSpecialAttackUp,
    BattleScript_EffectHit,
    BattleScript_EffectHit,
    BattleScript_EffectEvasionUp,
    BattleScript_EffectHit,
    BattleScript_EffectAttackDown,
    BattleScript_EffectDefenseDown,
    BattleScript_EffectSpeedDown,
    BattleScript_EffectHit,
    BattleScript_EffectHit,
    BattleScript_EffectAccuracyDown,
    BattleScript_EffectEvasionDown,
    BattleScript_EffectHaze,
    BattleScript_EffectBide,
    BattleScript_EffectRampage,
    BattleScript_EffectRoar,
    BattleScript_EffectMultiHit,
    BattleScript_EffectConversion,
    BattleScript_EffectFlinchHit,
    BattleScript_EffectRestoreHp,
    BattleScript_EffectToxic,
    BattleScript_EffectPayDay,
    BattleScript_EffectLightScreen,
    BattleScript_EffectTriAttack,
    BattleScript_EffectRest,
    BattleScript_EffectOHKO,
    BattleScript_EffectRazorWind,
    BattleScript_EffectSuperFang,
    BattleScript_EffectDragonRage,
    BattleScript_EffectTrap,
    BattleScript_EffectHit,
    BattleScript_EffectDoubleHit,
    BattleScript_EffectRecoilIfMiss,
    BattleScript_EffectMist,
    BattleScript_EffectFocusEnergy,
    BattleScript_EffectRecoil,
    BattleScript_EffectConfuse,
    BattleScript_EffectAttackUp2,
    BattleScript_EffectDefenseUp2,
    BattleScript_EffectSpeedUp2,
    BattleScript_EffectSpecialAttackUp2,
    BattleScript_EffectSpecialDefenseUp2,
    BattleScript_EffectHit,
    BattleScript_EffectHit,
    BattleScript_EffectTransform,
    BattleScript_EffectAttackDown2,
    BattleScript_EffectDefenseDown2,
    BattleScript_EffectSpeedDown2,
    BattleScript_EffectHit,
    BattleScript_EffectSpecialDefenseDown2,
    BattleScript_EffectHit,
    BattleScript_EffectHit,
    BattleScript_EffectReflect,
    BattleScript_EffectPoison,
    BattleScript_EffectParalyze,
    BattleScript_EffectAttackDownHit,
    BattleScript_EffectDefenseDownHit,
    BattleScript_EffectSpeedDownHit,
    BattleScript_EffectSpecialAttackDownHit,
    BattleScript_EffectSpecialDefenseDownHit,
    BattleScript_EffectAccuracyDownHit,
    BattleScript_EffectHit,
    BattleScript_EffectSkyAttack,
    BattleScript_EffectConfuseHit,
    BattleScript_EffectTwineedle,
    BattleScript_EffectHit,
    BattleScript_EffectSubstitute,
    BattleScript_EffectRecharge,
    BattleScript_EffectRage,
    BattleScript_EffectMimic,
    BattleScript_EffectMetronome,
    BattleScript_EffectLeechSeed,
    BattleScript_EffectSplash,
    BattleScript_EffectDisable,
    BattleScript_EffectLevelDamage,
    BattleScript_EffectPsywave,
    BattleScript_EffectCounter,
    BattleScript_EffectEncore,
    BattleScript_EffectPainSplit,
    BattleScript_EffectSnore,
    BattleScript_EffectConversion2,
    BattleScript_EffectLockOn,
    BattleScript_EffectSketch,
    BattleScript_EffectHit,
    BattleScript_EffectSleepTalk,
    BattleScript_EffectDestinyBond,
    BattleScript_EffectFlail,
    BattleScript_EffectSpite,
    BattleScript_EffectHit,
    BattleScript_EffectHealBell,
    BattleScript_EffectHit,
    BattleScript_EffectTripleKick,
    BattleScript_EffectThief,
    BattleScript_EffectMeanLook,
    BattleScript_EffectNightmare,
    BattleScript_EffectMinimize,
    BattleScript_EffectCurse,
    BattleScript_EffectHit,
    BattleScript_EffectProtect,
    BattleScript_EffectSpikes,
    BattleScript_EffectForesight,
    BattleScript_EffectPerishSong,
    BattleScript_EffectSandstorm,
    BattleScript_EffectEndure,
    BattleScript_EffectRollout,
    BattleScript_EffectSwagger,
    BattleScript_EffectFuryCutter,
    BattleScript_EffectAttract,
    BattleScript_EffectReturn,
    BattleScript_EffectPresent,
    BattleScript_EffectFrustration,
    BattleScript_EffectSafeguard,
    BattleScript_EffectThawHit,
    BattleScript_EffectMagnitude,
    BattleScript_EffectBatonPass,
    BattleScript_EffectHit,
    BattleScript_EffectRapidSpin,
    BattleScript_EffectSonicboom,
    BattleScript_EffectHit,
    BattleScript_EffectMorningSun,
    BattleScript_EffectSynthesis,
    BattleScript_EffectMoonlight,
    BattleScript_EffectHiddenPower,
    BattleScript_EffectRainDance,
    BattleScript_EffectSunnyDay,
    BattleScript_EffectDefenseUpHit,
    BattleScript_EffectAttackUpHit,
    BattleScript_EffectAllStatsUpHit,
    BattleScript_EffectHit,
    BattleScript_EffectBellyDrum,
    BattleScript_EffectPsychUp,
    BattleScript_EffectMirrorCoat,
    BattleScript_EffectSkullBash,
    BattleScript_EffectTwister,
    BattleScript_EffectEarthquake,
    BattleScript_EffectFutureSight,
    BattleScript_EffectGust,
    BattleScript_EffectStomp,
    BattleScript_EffectSolarBeam,
    BattleScript_EffectThunder,
    BattleScript_EffectTeleport,
    BattleScript_EffectBeatUp,
    BattleScript_EffectSemiInvulnerable,
    BattleScript_EffectDefenseCurl,
    BattleScript_EffectSoftboiled,
    BattleScript_EffectFakeOut,
    BattleScript_EffectUproar,
    BattleScript_EffectStockpile,
    BattleScript_EffectSpitUp,
    BattleScript_EffectSwallow,
    BattleScript_EffectHit,
    BattleScript_EffectHail,
    BattleScript_EffectTorment,
    BattleScript_EffectFlatter,
    BattleScript_EffectWillOWisp,
    BattleScript_EffectMemento,
    BattleScript_EffectFacade,
    BattleScript_EffectFocusPunch,
    BattleScript_EffectSmellingsalt,
    BattleScript_EffectFollowMe,
    BattleScript_EffectNaturePower,
    BattleScript_EffectCharge,
    BattleScript_EffectTaunt,
    BattleScript_EffectHelpingHand,
    BattleScript_EffectTrick,
    BattleScript_EffectRolePlay,
    BattleScript_EffectWish,
    BattleScript_EffectAssist,
    BattleScript_EffectIngrain,
    BattleScript_EffectSuperpower,
    BattleScript_EffectMagicCoat,
    BattleScript_EffectRecycle,
    BattleScript_EffectRevenge,
    BattleScript_EffectBrickBreak,
    BattleScript_EffectYawn,
    BattleScript_EffectKnockOff,
    BattleScript_EffectEndeavor,
    BattleScript_EffectEruption,
    BattleScript_EffectSkillSwap,
    BattleScript_EffectImprison,
    BattleScript_EffectRefresh,
    BattleScript_EffectGrudge,
    BattleScript_EffectSnatch,
    BattleScript_EffectLowKick,
    BattleScript_EffectSecretPower,
    BattleScript_EffectDoubleEdge,
    BattleScript_EffectTeeterDance,
    BattleScript_EffectBurnHit,
    BattleScript_EffectMudSport,
    BattleScript_EffectPoisonFang,
    BattleScript_EffectWeatherBall,
    BattleScript_EffectOverheat,
    BattleScript_EffectTickle,
    BattleScript_EffectCosmicPower,
    BattleScript_EffectSkyUppercut,
    BattleScript_EffectBulkUp,
    BattleScript_EffectPoisonHit,
    BattleScript_EffectWaterSport,
    BattleScript_EffectCalmMind,
    BattleScript_EffectDragonDance,
    BattleScript_EffectCamouflage,
};

const u8 *const gBattlescriptsForBallThrow[] = {
    BattleScript_ThrowBall,
    BattleScript_ThrowBall,
    BattleScript_ThrowBall,
    BattleScript_ThrowBall,
    BattleScript_ThrowBall,
    BattleScript_ThrowSafariBall,
    BattleScript_ThrowBall,
    BattleScript_ThrowBall,
    BattleScript_ThrowBall,
    BattleScript_ThrowBall,
    BattleScript_ThrowBall,
    BattleScript_ThrowBall,
    BattleScript_ThrowBall,
};

const u8 *const gBattlescriptsForUsingItem[] = {
    BattleScript_PlayerUseItem,
    BattleScript_AIUseFullRestoreOrHpHeal,
    BattleScript_AIUseFullRestoreOrHpHeal,
    BattleScript_AIUseStatRestore,
    BattleScript_AIUseXstat,
    BattleScript_AIUseGuardSpec,
};

const u8 *const gBattlescriptsForRunningByItem[] = {
    BattleScript_UseFluffyTail,
    BattleScript_UsePokeFlute,
};

const u8 *const gBattlescriptsForSafariActions[] = {
    BattleScript_WatchesCarefully,
    BattleScript_ThrowRock,
    BattleScript_ThrowBait,
    BattleScript_LeftoverWallyPrepToThrow,
};

